# Blender 4.1.1
# www.blender.org
mtllib GenericDJController.mtl
o mixer
v 1.507058 0.196718 -0.677755
v 1.595792 0.196718 -0.677755
v 1.595792 0.196718 -0.678895
v 1.507058 0.196718 -0.678895
v 1.507058 0.197491 -0.677755
v 1.595792 0.197491 -0.677755
v 1.595792 0.197491 -0.675473
v 1.507058 0.197491 -0.675473
v 1.595792 0.196718 -0.675473
v 1.595792 0.193006 -0.675473
v 1.595792 0.190793 -0.676612
v 1.595792 0.193006 -0.677755
v 1.507058 0.196718 -0.675473
v 1.507058 0.193006 -0.677755
v 1.507058 0.190793 -0.676612
v 1.507058 0.193006 -0.675473
v 1.507058 0.193465 -0.681178
v 1.507058 0.191572 -0.681300
v 1.507058 0.189024 -0.681675
v 1.507058 0.186515 -0.682258
v 1.507058 0.184062 -0.683041
v 1.507058 0.181681 -0.684024
v 1.507058 0.179388 -0.685197
v 1.507058 0.177199 -0.686556
v 1.507058 0.175127 -0.688085
v 1.507058 0.173188 -0.689777
v 1.507058 0.171392 -0.691626
v 1.507058 0.169754 -0.693612
v 1.507058 0.167024 -0.694870
v 1.507058 0.159601 -0.694870
v 1.507058 0.159601 -0.658355
v 1.507058 0.167024 -0.658355
v 1.507058 0.169754 -0.659613
v 1.507058 0.171392 -0.661599
v 1.507058 0.173188 -0.663447
v 1.507058 0.175127 -0.665143
v 1.507058 0.177199 -0.666672
v 1.507058 0.179388 -0.668027
v 1.507058 0.181681 -0.669200
v 1.507058 0.184062 -0.670184
v 1.507058 0.186515 -0.670967
v 1.507058 0.189024 -0.671549
v 1.507058 0.191572 -0.671924
v 1.507058 0.193465 -0.672047
v 1.507058 0.196718 -0.674330
v 1.595792 0.193465 -0.681178
v 1.595792 0.196718 -0.674330
v 1.595792 0.193465 -0.672047
v 1.595792 0.191572 -0.671924
v 1.595792 0.189024 -0.671549
v 1.595792 0.186515 -0.670967
v 1.595792 0.184062 -0.670184
v 1.595792 0.181681 -0.669200
v 1.595792 0.179388 -0.668027
v 1.595792 0.177199 -0.666672
v 1.595792 0.175127 -0.665143
v 1.595792 0.173188 -0.663447
v 1.595792 0.171392 -0.661599
v 1.595792 0.169754 -0.659613
v 1.595792 0.167024 -0.658355
v 1.595792 0.159601 -0.658355
v 1.595792 0.159601 -0.694870
v 1.595792 0.167024 -0.694870
v 1.595792 0.169754 -0.693612
v 1.595792 0.171392 -0.691626
v 1.595792 0.173188 -0.689777
v 1.595792 0.175127 -0.688085
v 1.595792 0.177199 -0.686556
v 1.595792 0.179388 -0.685197
v 1.595792 0.181681 -0.684024
v 1.595792 0.184062 -0.683041
v 1.595792 0.186515 -0.682258
v 1.595792 0.189024 -0.681675
v 1.595792 0.191572 -0.681300
v 1.479636 0.204512 -0.091806
v 1.479636 0.204512 -0.180537
v 1.478496 0.204512 -0.180537
v 1.478496 0.204512 -0.091806
v 1.479636 0.205449 -0.091806
v 1.479636 0.205449 -0.180537
v 1.481919 0.205449 -0.180537
v 1.481919 0.205449 -0.091806
v 1.481919 0.204512 -0.180537
v 1.481919 0.200021 -0.180537
v 1.480779 0.197344 -0.180537
v 1.479636 0.200021 -0.180537
v 1.481919 0.204512 -0.091806
v 1.479636 0.200021 -0.091806
v 1.480779 0.197344 -0.091806
v 1.481919 0.200021 -0.091806
v 1.476214 0.200577 -0.091806
v 1.476091 0.198286 -0.091806
v 1.475716 0.195203 -0.091806
v 1.475134 0.192167 -0.091806
v 1.474347 0.189199 -0.091806
v 1.473367 0.186318 -0.091806
v 1.472194 0.183544 -0.091806
v 1.470836 0.180895 -0.091806
v 1.469306 0.178388 -0.091806
v 1.467610 0.176041 -0.091806
v 1.465765 0.173868 -0.091806
v 1.463780 0.171886 -0.091806
v 1.462518 0.168583 -0.091806
v 1.462518 0.159601 -0.091806
v 1.499037 0.159601 -0.091806
v 1.499037 0.168583 -0.091806
v 1.497779 0.171886 -0.091806
v 1.495789 0.173868 -0.091806
v 1.493944 0.176041 -0.091806
v 1.492248 0.178388 -0.091806
v 1.490719 0.180895 -0.091806
v 1.489364 0.183544 -0.091806
v 1.488191 0.186318 -0.091806
v 1.487208 0.189199 -0.091806
v 1.486421 0.192167 -0.091806
v 1.485842 0.195203 -0.091806
v 1.485463 0.198286 -0.091806
v 1.485341 0.200577 -0.091806
v 1.483062 0.204512 -0.091806
v 1.476214 0.200577 -0.180537
v 1.483062 0.204512 -0.180537
v 1.485341 0.200577 -0.180537
v 1.485463 0.198286 -0.180537
v 1.485842 0.195203 -0.180537
v 1.486421 0.192167 -0.180537
v 1.487208 0.189199 -0.180537
v 1.488191 0.186318 -0.180537
v 1.489364 0.183544 -0.180537
v 1.490719 0.180894 -0.180537
v 1.492248 0.178388 -0.180537
v 1.493944 0.176041 -0.180537
v 1.495789 0.173868 -0.180537
v 1.497779 0.171886 -0.180537
v 1.499037 0.168583 -0.180537
v 1.499037 0.159601 -0.180537
v 1.462518 0.159601 -0.180537
v 1.462518 0.168583 -0.180537
v 1.463780 0.171886 -0.180537
v 1.465765 0.173868 -0.180537
v 1.467610 0.176041 -0.180537
v 1.469306 0.178388 -0.180537
v 1.470836 0.180894 -0.180537
v 1.472194 0.183544 -0.180537
v 1.473367 0.186318 -0.180537
v 1.474347 0.189199 -0.180537
v 1.475134 0.192167 -0.180537
v 1.475716 0.195203 -0.180537
v 1.476091 0.198286 -0.180537
v 1.684872 0.196718 -0.336282
v 1.773603 0.196718 -0.336282
v 1.773603 0.196718 -0.337423
v 1.684872 0.196718 -0.337423
v 1.684872 0.197492 -0.336282
v 1.773603 0.197492 -0.336282
v 1.773603 0.197492 -0.334000
v 1.684872 0.197492 -0.334000
v 1.773603 0.196718 -0.334000
v 1.773603 0.193006 -0.334000
v 1.773603 0.190793 -0.335141
v 1.773603 0.193006 -0.336282
v 1.684872 0.196718 -0.334000
v 1.684872 0.193006 -0.336282
v 1.684872 0.190793 -0.335141
v 1.684872 0.193006 -0.334000
v 1.684872 0.193465 -0.339706
v 1.684872 0.191572 -0.339828
v 1.684872 0.189024 -0.340204
v 1.684872 0.186515 -0.340786
v 1.684872 0.184062 -0.341570
v 1.684872 0.181681 -0.342553
v 1.684872 0.179388 -0.343726
v 1.684872 0.177199 -0.345082
v 1.684872 0.175127 -0.346612
v 1.684872 0.173188 -0.348307
v 1.684872 0.171392 -0.350154
v 1.684872 0.169754 -0.352141
v 1.684872 0.167024 -0.353400
v 1.684872 0.159601 -0.353400
v 1.684872 0.159601 -0.316882
v 1.684872 0.167024 -0.316882
v 1.684872 0.169754 -0.318141
v 1.684872 0.171392 -0.320128
v 1.684872 0.173188 -0.321975
v 1.684872 0.175127 -0.323669
v 1.684872 0.177199 -0.325200
v 1.684872 0.179388 -0.326556
v 1.684872 0.181681 -0.327729
v 1.684872 0.184062 -0.328711
v 1.684872 0.186515 -0.329496
v 1.684872 0.189024 -0.330078
v 1.684872 0.191572 -0.330454
v 1.684872 0.193465 -0.330576
v 1.684872 0.196718 -0.332859
v 1.773603 0.193465 -0.339706
v 1.773603 0.196718 -0.332859
v 1.773603 0.193465 -0.330576
v 1.773603 0.191572 -0.330454
v 1.773603 0.189024 -0.330078
v 1.773603 0.186515 -0.329496
v 1.773603 0.184062 -0.328711
v 1.773603 0.181681 -0.327729
v 1.773603 0.179388 -0.326556
v 1.773603 0.177199 -0.325200
v 1.773603 0.175127 -0.323669
v 1.773603 0.173188 -0.321975
v 1.773603 0.171392 -0.320128
v 1.773603 0.169754 -0.318141
v 1.773603 0.167024 -0.316882
v 1.773603 0.159601 -0.316882
v 1.773603 0.159601 -0.353400
v 1.773603 0.167024 -0.353400
v 1.773603 0.169754 -0.352141
v 1.773603 0.171392 -0.350154
v 1.773603 0.173188 -0.348307
v 1.773603 0.175127 -0.346612
v 1.773603 0.177199 -0.345082
v 1.773603 0.179388 -0.343726
v 1.773603 0.181681 -0.342553
v 1.773603 0.184062 -0.341570
v 1.773603 0.186515 -0.340786
v 1.773603 0.189024 -0.340204
v 1.773603 0.191572 -0.339828
v 1.329247 0.196718 -0.700025
v 1.417978 0.196718 -0.700025
v 1.417978 0.196718 -0.701165
v 1.329247 0.196718 -0.701165
v 1.329247 0.197491 -0.700025
v 1.417978 0.197491 -0.700025
v 1.417978 0.197491 -0.697743
v 1.329247 0.197491 -0.697743
v 1.417978 0.196718 -0.697743
v 1.417978 0.193006 -0.697743
v 1.417978 0.190793 -0.698882
v 1.417978 0.193006 -0.700025
v 1.329247 0.196718 -0.697743
v 1.329247 0.193006 -0.700025
v 1.329247 0.190793 -0.698882
v 1.329247 0.193006 -0.697743
v 1.329247 0.193465 -0.703448
v 1.329247 0.191572 -0.703570
v 1.329247 0.189024 -0.703945
v 1.329247 0.186515 -0.704528
v 1.329247 0.184062 -0.705311
v 1.329247 0.181681 -0.706294
v 1.329247 0.179388 -0.707467
v 1.329247 0.177199 -0.708826
v 1.329247 0.175127 -0.710355
v 1.329247 0.173188 -0.712047
v 1.329247 0.171392 -0.713896
v 1.329247 0.169754 -0.715882
v 1.329247 0.167024 -0.717140
v 1.329247 0.159601 -0.717140
v 1.329247 0.159601 -0.680625
v 1.329247 0.167024 -0.680625
v 1.329247 0.169754 -0.681883
v 1.329247 0.171392 -0.683868
v 1.329247 0.173188 -0.685717
v 1.329247 0.175127 -0.687413
v 1.329247 0.177199 -0.688942
v 1.329247 0.179388 -0.690297
v 1.329247 0.181681 -0.691470
v 1.329247 0.184062 -0.692454
v 1.329247 0.186515 -0.693237
v 1.329247 0.189024 -0.693819
v 1.329247 0.191572 -0.694194
v 1.329247 0.193465 -0.694317
v 1.329247 0.196718 -0.696599
v 1.417978 0.193465 -0.703448
v 1.417978 0.196718 -0.696599
v 1.417978 0.193465 -0.694317
v 1.417978 0.191572 -0.694194
v 1.417978 0.189024 -0.693819
v 1.417978 0.186515 -0.693237
v 1.417978 0.184062 -0.692454
v 1.417978 0.181681 -0.691470
v 1.417978 0.179388 -0.690297
v 1.417978 0.177199 -0.688942
v 1.417978 0.175127 -0.687413
v 1.417978 0.173188 -0.685717
v 1.417978 0.171392 -0.683868
v 1.417978 0.169754 -0.681883
v 1.417978 0.167024 -0.680625
v 1.417978 0.159601 -0.680625
v 1.417978 0.159601 -0.717140
v 1.417978 0.167024 -0.717140
v 1.417978 0.169754 -0.715882
v 1.417978 0.171392 -0.713896
v 1.417978 0.173188 -0.712047
v 1.417978 0.175127 -0.710355
v 1.417978 0.177199 -0.708826
v 1.417978 0.179388 -0.707467
v 1.417978 0.181681 -0.706294
v 1.417978 0.184062 -0.705311
v 1.417978 0.186515 -0.704528
v 1.417978 0.189024 -0.703945
v 1.417978 0.191572 -0.703570
v 1.862682 0.196718 -0.336282
v 1.951413 0.196718 -0.336282
v 1.951413 0.196718 -0.337423
v 1.862682 0.196718 -0.337423
v 1.862682 0.197492 -0.336282
v 1.951413 0.197492 -0.336282
v 1.951413 0.197492 -0.334000
v 1.862682 0.197492 -0.334000
v 1.951413 0.196718 -0.334000
v 1.951413 0.193006 -0.334000
v 1.951413 0.190793 -0.335141
v 1.951413 0.193006 -0.336282
v 1.862682 0.196718 -0.334000
v 1.862682 0.193006 -0.336282
v 1.862682 0.190793 -0.335141
v 1.862682 0.193006 -0.334000
v 1.862682 0.193465 -0.339706
v 1.862682 0.191572 -0.339828
v 1.862682 0.189024 -0.340204
v 1.862682 0.186515 -0.340786
v 1.862682 0.184062 -0.341570
v 1.862682 0.181681 -0.342553
v 1.862682 0.179388 -0.343726
v 1.862682 0.177199 -0.345082
v 1.862682 0.175127 -0.346612
v 1.862682 0.173188 -0.348307
v 1.862682 0.171392 -0.350154
v 1.862682 0.169754 -0.352141
v 1.862682 0.167024 -0.353400
v 1.862682 0.159601 -0.353400
v 1.862682 0.159601 -0.316882
v 1.862682 0.167024 -0.316882
v 1.862682 0.169754 -0.318141
v 1.862682 0.171392 -0.320128
v 1.862682 0.173188 -0.321975
v 1.862682 0.175127 -0.323669
v 1.862682 0.177199 -0.325200
v 1.862682 0.179388 -0.326556
v 1.862682 0.181681 -0.327729
v 1.862682 0.184062 -0.328711
v 1.862682 0.186515 -0.329496
v 1.862682 0.189024 -0.330078
v 1.862682 0.191572 -0.330454
v 1.862682 0.193465 -0.330576
v 1.862682 0.196718 -0.332859
v 1.951413 0.193465 -0.339706
v 1.951413 0.196718 -0.332859
v 1.951413 0.193465 -0.330576
v 1.951413 0.191572 -0.330454
v 1.951413 0.189024 -0.330078
v 1.951413 0.186515 -0.329496
v 1.951413 0.184062 -0.328711
v 1.951413 0.181681 -0.327729
v 1.951413 0.179388 -0.326556
v 1.951413 0.177199 -0.325200
v 1.951413 0.175127 -0.323669
v 1.951413 0.173188 -0.321975
v 1.951413 0.171392 -0.320128
v 1.951413 0.169754 -0.318141
v 1.951413 0.167024 -0.316882
v 1.951413 0.159601 -0.316882
v 1.951413 0.159601 -0.353400
v 1.951413 0.167024 -0.353400
v 1.951413 0.169754 -0.352141
v 1.951413 0.171392 -0.350154
v 1.951413 0.173188 -0.348307
v 1.951413 0.175127 -0.346612
v 1.951413 0.177199 -0.345082
v 1.951413 0.179388 -0.343726
v 1.951413 0.181681 -0.342553
v 1.951413 0.184062 -0.341570
v 1.951413 0.186515 -0.340786
v 1.951413 0.189024 -0.340204
v 1.951413 0.191572 -0.339828
v 1.529535 0.163313 -2.068334
v 1.529535 0.163313 -2.073902
v 1.500744 0.163313 -2.073902
v 1.500744 0.163313 -2.068334
v 1.595878 0.163313 -2.087011
v 1.506972 0.163313 -2.087011
v 1.500328 0.163313 -2.088336
v 1.497649 0.163313 -1.976482
v 1.495752 0.163313 -1.962073
v 1.494694 0.163313 -2.092100
v 1.495752 0.163313 -1.089370
v 1.490931 0.163313 -2.097730
v 1.489609 0.163313 -2.104378
v 1.462518 0.163313 -2.178741
v 1.462518 0.163313 -0.987241
v 1.497649 0.163313 -1.074962
v 1.503209 0.163313 -1.061533
v 1.512057 0.163313 -1.050001
v 1.523589 0.163313 -1.041156
v 1.640332 0.163313 -0.987241
v 1.490355 0.163313 -0.976106
v 1.490355 0.163313 -0.896249
v 1.462518 0.163313 -0.885114
v 1.640332 0.163313 -0.885114
v 1.477364 0.163313 -0.840575
v 1.477364 0.163313 -0.316882
v 1.462518 0.163313 -0.272343
v 1.640332 0.163313 -0.272343
v 1.818142 0.163313 -0.187236
v 1.462518 0.163313 -0.187236
v 1.462518 0.163313 -0.180537
v 1.462518 0.163313 -0.091806
v 1.462518 0.163313 -0.085107
v 1.432977 0.163313 -0.187236
v 1.421864 0.163313 -0.187236
v 1.284707 0.163313 -0.272343
v 1.421864 0.163313 -0.085107
v 1.284707 0.163313 -0.000000
v 1.995953 0.163313 -0.000000
v 1.284707 0.000000 -0.000000
v 1.995953 0.000000 -0.000000
v 1.284707 -0.000000 -2.178741
v 1.284707 0.163313 -2.178741
v 1.284707 0.163313 -1.633154
v 1.317938 0.163313 -1.089370
v 1.284707 0.163313 -0.987241
v 1.319834 0.163313 -1.074962
v 1.325398 0.163313 -1.061533
v 1.334247 0.163313 -1.050001
v 1.345775 0.163313 -1.041156
v 1.312545 0.163313 -0.976106
v 1.312545 0.163313 -0.896249
v 1.284707 0.163313 -0.885114
v 1.299554 0.163313 -0.840575
v 1.299554 0.163313 -0.316882
v 1.316256 0.163313 -0.316882
v 1.329247 0.163313 -0.316882
v 1.417978 0.163313 -0.316882
v 1.417978 0.163313 -0.680625
v 1.417978 0.163313 -0.717140
v 1.417978 0.163313 -0.840575
v 1.329247 0.163313 -0.840575
v 1.316256 0.163313 -0.840575
v 1.329247 0.163313 -0.680625
v 1.329247 0.159601 -0.316882
v 1.417978 0.159601 -0.316882
v 1.417978 0.159601 -0.680625
v 1.379158 0.159601 -0.680625
v 1.379158 0.159601 -0.333248
v 1.368067 0.159601 -0.333248
v 1.368067 0.159601 -0.680625
v 1.417978 0.159601 -0.717140
v 1.379158 0.159601 -0.717140
v 1.379158 0.159601 -0.824210
v 1.379158 0.155889 -0.824210
v 1.379158 0.155889 -0.333248
v 1.417978 0.159601 -0.840575
v 1.329247 0.159601 -0.840575
v 1.368067 0.159601 -0.717140
v 1.368067 0.159601 -0.824210
v 1.329247 0.163313 -0.717140
v 1.368067 0.155889 -0.333248
v 1.368067 0.155889 -0.824210
v 1.995953 -0.000000 -2.178741
v 1.640332 0.163313 -2.178741
v 1.818142 0.163313 -2.178741
v 1.995953 0.163313 -2.178741
v 1.995953 0.163313 -0.885114
v 1.995953 0.163313 -0.272343
v 1.995953 0.163313 -0.987241
v 1.951413 0.163313 -0.840575
v 1.862682 0.163313 -0.840575
v 1.849692 0.163313 -0.840575
v 1.832989 0.163313 -0.840575
v 1.818142 0.163313 -0.885114
v 1.832989 0.163313 -0.316882
v 1.818142 0.163313 -0.272343
v 1.818142 0.163313 -0.085107
v 1.432977 0.163313 -0.085107
v 1.421864 0.163313 -0.123405
v 1.432977 0.163313 -0.123405
v 1.421864 0.163313 -0.148938
v 1.432977 0.163313 -0.148938
v 1.818142 0.159601 -0.085107
v 1.462518 0.159601 -0.085107
v 1.818142 0.159601 -0.187236
v 1.462518 0.159601 -0.187236
v 1.462518 0.159601 -0.180537
v 1.462518 0.159601 -0.091806
v 1.484747 0.159601 -0.141739
v 1.499037 0.159601 -0.141739
v 1.499037 0.159601 -0.180537
v 1.499037 0.159601 -0.091806
v 1.499037 0.159601 -0.130604
v 1.484747 0.159601 -0.130604
v 1.795917 0.159601 -0.141739
v 1.484747 0.155889 -0.141739
v 1.795917 0.155889 -0.141739
v 1.795917 0.159601 -0.130604
v 1.795917 0.155889 -0.130604
v 1.484747 0.155889 -0.130604
v 1.655179 0.163313 -0.316882
v 1.655179 0.163313 -0.840575
v 1.671881 0.163313 -0.840575
v 1.671881 0.163313 -0.316882
v 1.684872 0.163313 -0.316882
v 1.773603 0.163313 -0.316882
v 1.773603 0.163313 -0.353400
v 1.773603 0.163313 -0.840575
v 1.684872 0.163313 -0.840575
v 1.684872 0.163313 -0.353400
v 1.684872 0.159601 -0.353400
v 1.734782 0.159601 -0.353400
v 1.734782 0.159601 -0.333248
v 1.723692 0.159601 -0.333248
v 1.723692 0.159601 -0.353400
v 1.773603 0.159601 -0.840575
v 1.734782 0.159601 -0.824210
v 1.684872 0.159601 -0.840575
v 1.723692 0.159601 -0.824210
v 1.734782 0.155889 -0.824210
v 1.734782 0.155889 -0.333248
v 1.723692 0.155889 -0.824210
v 1.723692 0.155889 -0.333248
v 1.668169 0.163313 -0.896249
v 1.668169 0.163313 -0.976106
v 1.818142 0.163313 -0.987241
v 1.673737 0.163313 -0.976106
v 1.668169 0.163313 -0.947314
v 1.673737 0.163313 -0.947314
v 1.668169 0.163313 -0.925044
v 1.673737 0.163313 -0.925044
v 1.673737 0.163313 -0.896249
v 1.684872 0.163313 -0.896249
v 1.773603 0.163313 -0.896249
v 1.773603 0.163313 -0.925044
v 1.773603 0.163313 -0.947314
v 1.773603 0.163313 -0.976106
v 1.684872 0.163313 -0.976106
v 1.684872 0.163313 -0.925044
v 1.684872 0.170736 -0.896249
v 1.684872 0.170736 -0.925044
v 1.773603 0.170736 -0.896249
v 1.773603 0.170736 -0.925044
v 1.684872 0.163313 -0.947314
v 1.773603 0.170736 -0.947314
v 1.684872 0.170736 -0.947314
v 1.684872 0.170736 -0.976106
v 1.773603 0.170736 -0.976106
v 1.845980 0.163313 -0.896249
v 1.851547 0.163313 -0.896249
v 1.862682 0.163313 -0.896249
v 1.951413 0.163313 -0.896249
v 1.951413 0.163313 -0.925044
v 1.951413 0.163313 -0.947314
v 1.951413 0.163313 -0.976106
v 1.862682 0.163313 -0.976106
v 1.851547 0.163313 -0.976106
v 1.845980 0.163313 -0.976106
v 1.845980 0.163313 -0.925044
v 1.851547 0.163313 -0.925044
v 1.845980 0.163313 -0.947314
v 1.851547 0.163313 -0.947314
v 1.862682 0.163313 -0.925044
v 1.862682 0.170736 -0.896249
v 1.862682 0.170736 -0.925044
v 1.951413 0.170736 -0.896249
v 1.951413 0.170736 -0.925044
v 1.862682 0.163313 -0.947314
v 1.951413 0.170736 -0.947314
v 1.862682 0.170736 -0.947314
v 1.862682 0.170736 -0.976106
v 1.951413 0.170736 -0.976106
v 1.879210 0.163313 -1.041156
v 1.867678 0.163313 -1.050001
v 1.858833 0.163313 -1.061533
v 1.853270 0.163313 -1.074962
v 1.851373 0.163313 -1.089370
v 1.845230 0.163313 -2.104378
v 1.846552 0.163313 -2.097730
v 1.850315 0.163313 -2.092100
v 1.851373 0.163313 -1.962073
v 1.855949 0.163313 -2.088336
v 1.853270 0.163313 -1.976482
v 1.851373 0.181871 -1.962073
v 1.853270 0.181871 -1.976482
v 1.955262 0.163313 -1.934236
v 1.960826 0.163313 -1.947664
v 1.962723 0.163313 -1.962073
v 1.960826 0.163313 -1.976482
v 1.955262 0.163313 -1.989910
v 1.946417 0.163313 -2.001442
v 1.934885 0.163313 -2.010287
v 1.921456 0.163313 -2.015851
v 1.907048 0.163313 -2.017748
v 1.892639 0.163313 -2.015851
v 1.879210 0.163313 -2.010287
v 1.867678 0.163313 -2.001442
v 1.858833 0.163313 -1.989910
v 1.853270 0.163313 -1.947664
v 1.858833 0.163313 -1.934236
v 1.867678 0.163313 -1.922704
v 1.879210 0.163313 -1.913859
v 1.892639 0.163313 -1.908295
v 1.907048 0.163313 -1.906398
v 1.921456 0.163313 -1.908295
v 1.934885 0.163313 -1.913859
v 1.946417 0.163313 -1.922704
v 1.960826 0.181871 -1.947664
v 1.955262 0.181871 -1.934236
v 1.960826 0.163313 -1.716551
v 1.955262 0.163313 -1.729980
v 1.946417 0.163313 -1.741508
v 1.934885 0.163313 -1.750357
v 1.921456 0.163313 -1.755920
v 1.907048 0.163313 -1.757817
v 1.892639 0.163313 -1.755920
v 1.879210 0.163313 -1.750357
v 1.867678 0.163313 -1.741508
v 1.858833 0.163313 -1.729980
v 1.853270 0.163313 -1.716551
v 1.851373 0.163313 -1.702142
v 1.851373 0.163313 -1.497886
v 1.851373 0.163313 -1.293626
v 1.853270 0.163313 -1.103779
v 1.853270 0.163313 -1.279218
v 1.858833 0.163313 -1.117208
v 1.853270 0.181871 -1.103779
v 1.858833 0.181871 -1.117208
v 1.851373 0.181871 -1.089370
v 1.853270 0.181871 -1.074962
v 1.858833 0.181871 -1.061533
v 1.867678 0.181871 -1.050001
v 1.879210 0.181871 -1.041156
v 1.892639 0.163313 -1.035592
v 1.892639 0.181871 -1.035592
v 1.907048 0.163313 -1.033696
v 1.921456 0.163313 -1.035592
v 1.934885 0.163313 -1.041156
v 1.946417 0.163313 -1.050001
v 1.955262 0.163313 -1.061533
v 1.960826 0.163313 -1.074962
v 1.962723 0.163313 -1.089370
v 1.962723 0.163313 -1.293626
v 1.962723 0.163313 -1.497886
v 1.962723 0.163313 -1.702142
v 1.963781 0.163313 -2.092100
v 1.967544 0.163313 -2.097730
v 1.968865 0.163313 -2.104378
v 1.967544 0.163313 -2.111022
v 1.963781 0.163313 -2.116656
v 1.958146 0.163313 -2.120420
v 1.951502 0.163313 -2.121741
v 1.862593 0.163313 -2.121741
v 1.855949 0.163313 -2.120420
v 1.850315 0.163313 -2.116656
v 1.846552 0.163313 -2.111022
v 1.849406 0.152178 -2.107040
v 1.851709 0.152178 -2.114846
v 1.963781 0.152178 -2.092100
v 1.967544 0.152178 -2.097730
v 1.968865 0.152178 -2.104378
v 1.967544 0.152178 -2.111022
v 1.963781 0.152178 -2.116656
v 1.958146 0.152178 -2.120420
v 1.951502 0.152178 -2.121741
v 1.862593 0.152178 -2.121741
v 1.860210 0.152178 -2.121266
v 1.858191 0.152178 -2.119918
v 1.851006 0.152178 -2.097676
v 1.857137 0.152178 -2.090903
v 1.860210 0.152178 -2.088860
v 1.862593 0.152178 -2.087726
v 1.951502 0.152178 -2.087011
v 1.958146 0.152178 -2.088336
v 1.958146 0.163313 -2.088336
v 1.957730 0.163313 -2.068334
v 1.928935 0.163313 -2.068334
v 1.928935 0.163313 -2.073902
v 1.885160 0.163313 -2.068334
v 1.951502 0.163313 -2.087011
v 1.885160 0.163313 -2.073902
v 1.862593 0.163313 -2.087011
v 1.856365 0.163313 -2.073902
v 1.856365 0.163313 -2.068334
v 1.858833 0.181871 -1.989910
v 1.874782 0.256104 -1.970717
v 1.878119 0.256104 -1.978776
v 1.907048 0.256104 -1.964645
v 1.902724 0.256104 -1.972068
v 1.902724 0.256104 -1.994910
v 1.898403 0.256104 -1.994338
v 1.890345 0.256104 -1.991002
v 1.883427 0.256104 -1.985694
v 1.873643 0.256104 -1.962073
v 1.874782 0.256104 -1.953429
v 1.878119 0.256104 -1.945371
v 1.883427 0.256104 -1.938452
v 1.890345 0.256104 -1.933144
v 1.898403 0.256104 -1.929808
v 1.907048 0.256104 -1.928668
v 1.915692 0.256104 -1.929808
v 1.923750 0.256104 -1.933144
v 1.930669 0.256104 -1.938452
v 1.935976 0.256104 -1.945371
v 1.939313 0.256104 -1.953429
v 1.940453 0.256104 -1.962073
v 1.939313 0.256104 -1.970717
v 1.935976 0.256104 -1.978776
v 1.930669 0.256104 -1.985694
v 1.923750 0.256104 -1.991002
v 1.915692 0.256104 -1.994338
v 1.911372 0.256104 -1.994910
v 1.911372 0.256104 -1.972068
v 1.902724 0.257960 -1.972068
v 1.911372 0.257960 -1.972068
v 1.902724 0.257960 -1.994910
v 1.911372 0.257960 -1.994910
v 1.907048 0.257960 -1.995478
v 1.907048 0.256104 -1.995478
v 1.892639 0.181871 -2.015851
v 1.907048 0.181871 -2.017748
v 1.879210 0.181871 -2.010287
v 1.867678 0.181871 -2.001442
v 1.921456 0.181871 -2.015851
v 1.934885 0.181871 -2.010287
v 1.946417 0.181871 -2.001442
v 1.955262 0.181871 -1.989910
v 1.960826 0.181871 -1.976482
v 1.962723 0.181871 -1.962073
v 1.960826 0.181871 -1.716551
v 1.962723 0.181871 -1.702142
v 1.955262 0.181871 -1.729980
v 1.946417 0.181871 -1.741508
v 1.934885 0.181871 -1.750357
v 1.921456 0.181871 -1.755920
v 1.907048 0.181871 -1.757817
v 1.892639 0.181871 -1.755920
v 1.879210 0.181871 -1.750357
v 1.867678 0.181871 -1.741508
v 1.858833 0.181871 -1.729980
v 1.853270 0.181871 -1.716551
v 1.851373 0.181871 -1.702142
v 1.853270 0.163313 -1.687730
v 1.853270 0.181871 -1.687730
v 1.853270 0.163313 -1.512295
v 1.851373 0.181871 -1.497886
v 1.853270 0.181871 -1.512295
v 1.853270 0.163313 -1.483474
v 1.853270 0.181871 -1.483474
v 1.853270 0.163313 -1.308039
v 1.851373 0.181871 -1.293626
v 1.853270 0.181871 -1.308039
v 1.853270 0.181871 -1.279218
v 1.858833 0.163313 -1.265789
v 1.858833 0.181871 -1.265789
v 1.867678 0.163313 -1.128740
v 1.867678 0.181871 -1.128740
v 1.878119 0.256104 -1.106073
v 1.883427 0.256104 -1.112991
v 1.907048 0.256104 -1.091943
v 1.902724 0.256104 -1.099366
v 1.902724 0.256104 -1.122207
v 1.898403 0.256104 -1.121636
v 1.890345 0.256104 -1.118299
v 1.874782 0.256104 -1.098015
v 1.873643 0.256104 -1.089370
v 1.874782 0.256104 -1.080726
v 1.878119 0.256104 -1.072668
v 1.883427 0.256104 -1.065749
v 1.890345 0.256104 -1.060442
v 1.898403 0.256104 -1.057105
v 1.907048 0.256104 -1.055966
v 1.915692 0.256104 -1.057105
v 1.923750 0.256104 -1.060442
v 1.930669 0.256104 -1.065749
v 1.935976 0.256104 -1.072668
v 1.939313 0.256104 -1.080726
v 1.940453 0.256104 -1.089370
v 1.939313 0.256104 -1.098015
v 1.935976 0.256104 -1.106073
v 1.930669 0.256104 -1.112991
v 1.923750 0.256104 -1.118299
v 1.915692 0.256104 -1.121636
v 1.911372 0.256104 -1.122207
v 1.911372 0.256104 -1.099366
v 1.902724 0.257960 -1.099366
v 1.911372 0.257960 -1.099366
v 1.902724 0.257960 -1.122207
v 1.911372 0.257960 -1.122207
v 1.907048 0.257960 -1.122775
v 1.907048 0.256104 -1.122775
v 1.892639 0.181871 -1.143149
v 1.907048 0.181871 -1.145045
v 1.879210 0.181871 -1.137585
v 1.879210 0.163313 -1.137585
v 1.867678 0.163313 -1.254261
v 1.867678 0.181871 -1.254261
v 1.879210 0.163313 -1.245412
v 1.879210 0.181871 -1.245412
v 1.892639 0.163313 -1.143149
v 1.907048 0.163313 -1.145045
v 1.892639 0.163313 -1.239848
v 1.892639 0.181871 -1.239848
v 1.907048 0.163313 -1.237952
v 1.907048 0.181871 -1.237952
v 1.921456 0.163313 -1.143149
v 1.921456 0.181871 -1.143149
v 1.934885 0.181871 -1.137585
v 1.946417 0.181871 -1.128740
v 1.955262 0.181871 -1.117208
v 1.960826 0.181871 -1.103779
v 1.962723 0.181871 -1.089370
v 1.960826 0.163313 -1.103779
v 1.960826 0.163313 -1.279218
v 1.955262 0.163313 -1.265789
v 1.955262 0.163313 -1.117208
v 1.946417 0.163313 -1.254261
v 1.946417 0.163313 -1.128740
v 1.934885 0.163313 -1.245412
v 1.934885 0.163313 -1.137585
v 1.921456 0.163313 -1.239848
v 1.921456 0.181871 -1.239848
v 1.934885 0.181871 -1.245412
v 1.946417 0.181871 -1.254261
v 1.955262 0.181871 -1.265789
v 1.960826 0.181871 -1.279218
v 1.962723 0.181871 -1.293626
v 1.960826 0.163313 -1.308039
v 1.960826 0.181871 -1.308039
v 1.960826 0.163313 -1.483474
v 1.955262 0.163313 -1.470049
v 1.955262 0.163313 -1.321464
v 1.946417 0.163313 -1.458517
v 1.946417 0.163313 -1.332996
v 1.934885 0.163313 -1.449668
v 1.934885 0.163313 -1.341845
v 1.921456 0.163313 -1.444108
v 1.921456 0.163313 -1.347405
v 1.907048 0.163313 -1.442211
v 1.907048 0.163313 -1.349301
v 1.892639 0.163313 -1.444108
v 1.892639 0.163313 -1.347405
v 1.879210 0.163313 -1.449668
v 1.879210 0.163313 -1.341845
v 1.867678 0.163313 -1.458517
v 1.867678 0.163313 -1.332996
v 1.858833 0.163313 -1.470049
v 1.858833 0.163313 -1.321464
v 1.858833 0.181871 -1.321464
v 1.874782 0.256104 -1.302275
v 1.878119 0.256104 -1.310329
v 1.907048 0.256104 -1.296202
v 1.902724 0.256104 -1.303626
v 1.902724 0.256104 -1.326463
v 1.898403 0.256104 -1.325896
v 1.890345 0.256104 -1.322555
v 1.883427 0.256104 -1.317247
v 1.873643 0.256104 -1.293626
v 1.874782 0.256104 -1.284982
v 1.878119 0.256104 -1.276924
v 1.883427 0.256104 -1.270005
v 1.890345 0.256104 -1.264698
v 1.898403 0.256104 -1.261361
v 1.907048 0.256104 -1.260222
v 1.915692 0.256104 -1.261361
v 1.923750 0.256104 -1.264698
v 1.930669 0.256104 -1.270005
v 1.935976 0.256104 -1.276924
v 1.939313 0.256104 -1.284982
v 1.940453 0.256104 -1.293626
v 1.939313 0.256104 -1.302275
v 1.935976 0.256104 -1.310329
v 1.930669 0.256104 -1.317247
v 1.923750 0.256104 -1.322555
v 1.915692 0.256104 -1.325896
v 1.911372 0.256104 -1.326463
v 1.911372 0.256104 -1.303626
v 1.902724 0.257960 -1.303626
v 1.911372 0.257960 -1.303626
v 1.902724 0.257960 -1.326463
v 1.911372 0.257960 -1.326463
v 1.907048 0.257960 -1.327031
v 1.907048 0.256104 -1.327031
v 1.892639 0.181871 -1.347405
v 1.907048 0.181871 -1.349301
v 1.879210 0.181871 -1.341845
v 1.867678 0.181871 -1.332996
v 1.921456 0.181871 -1.347405
v 1.934885 0.181871 -1.341845
v 1.946417 0.181871 -1.332996
v 1.955262 0.181871 -1.321464
v 1.858833 0.181871 -1.470049
v 1.867678 0.181871 -1.458517
v 1.879210 0.181871 -1.449668
v 1.892639 0.181871 -1.444108
v 1.907048 0.181871 -1.442211
v 1.921456 0.181871 -1.444108
v 1.934885 0.181871 -1.449668
v 1.946417 0.181871 -1.458517
v 1.955262 0.181871 -1.470049
v 1.960826 0.181871 -1.483474
v 1.962723 0.181871 -1.497886
v 1.960826 0.163313 -1.512295
v 1.960826 0.181871 -1.512295
v 1.960826 0.163313 -1.687730
v 1.955262 0.163313 -1.674305
v 1.955262 0.163313 -1.525724
v 1.946417 0.163313 -1.662773
v 1.946417 0.163313 -1.537252
v 1.934885 0.163313 -1.653924
v 1.934885 0.163313 -1.546101
v 1.921456 0.163313 -1.648364
v 1.921456 0.163313 -1.551661
v 1.907048 0.163313 -1.646467
v 1.907048 0.163313 -1.553561
v 1.892639 0.163313 -1.648364
v 1.892639 0.163313 -1.551661
v 1.879210 0.163313 -1.653924
v 1.879210 0.163313 -1.546101
v 1.867678 0.163313 -1.662773
v 1.867678 0.163313 -1.537252
v 1.858833 0.163313 -1.674305
v 1.858833 0.163313 -1.525724
v 1.858833 0.181871 -1.525724
v 1.874782 0.256104 -1.506531
v 1.878119 0.256104 -1.514589
v 1.907048 0.256104 -1.500458
v 1.902724 0.256104 -1.507882
v 1.902724 0.256104 -1.530719
v 1.898403 0.256104 -1.530152
v 1.890345 0.256104 -1.526815
v 1.883427 0.256104 -1.521503
v 1.873643 0.256104 -1.497886
v 1.874782 0.256104 -1.489238
v 1.878119 0.256104 -1.481184
v 1.883427 0.256104 -1.474265
v 1.890345 0.256104 -1.468954
v 1.898403 0.256104 -1.465617
v 1.907048 0.256104 -1.464481
v 1.915692 0.256104 -1.465617
v 1.923750 0.256104 -1.468954
v 1.930669 0.256104 -1.474265
v 1.935976 0.256104 -1.481184
v 1.939313 0.256104 -1.489238
v 1.940453 0.256104 -1.497886
v 1.939313 0.256104 -1.506531
v 1.935976 0.256104 -1.514589
v 1.930669 0.256104 -1.521503
v 1.923750 0.256104 -1.526815
v 1.915692 0.256104 -1.530152
v 1.911372 0.256104 -1.530719
v 1.911372 0.256104 -1.507882
v 1.902724 0.257960 -1.507882
v 1.911372 0.257960 -1.507882
v 1.902724 0.257960 -1.530719
v 1.911372 0.257960 -1.530719
v 1.907048 0.257960 -1.531291
v 1.907048 0.256104 -1.531291
v 1.892639 0.181871 -1.551661
v 1.907048 0.181871 -1.553561
v 1.879210 0.181871 -1.546101
v 1.867678 0.181871 -1.537252
v 1.921456 0.181871 -1.551661
v 1.934885 0.181871 -1.546101
v 1.946417 0.181871 -1.537252
v 1.955262 0.181871 -1.525724
v 1.858833 0.181871 -1.674305
v 1.867678 0.181871 -1.662773
v 1.879210 0.181871 -1.653924
v 1.892639 0.181871 -1.648364
v 1.907048 0.181871 -1.646467
v 1.921456 0.181871 -1.648364
v 1.934885 0.181871 -1.653924
v 1.946417 0.181871 -1.662773
v 1.955262 0.181871 -1.674305
v 1.960826 0.181871 -1.687730
v 1.940453 0.256104 -1.702142
v 1.939313 0.256104 -1.693494
v 1.939313 0.256104 -1.710787
v 1.935976 0.256104 -1.718845
v 1.930669 0.256104 -1.725763
v 1.923750 0.256104 -1.731071
v 1.915692 0.256104 -1.734408
v 1.907048 0.256104 -1.735547
v 1.911372 0.256104 -1.734975
v 1.898403 0.256104 -1.734408
v 1.902724 0.256104 -1.734975
v 1.890345 0.256104 -1.731071
v 1.883427 0.256104 -1.725763
v 1.878119 0.256104 -1.718845
v 1.907048 0.256104 -1.704714
v 1.902724 0.256104 -1.712138
v 1.874782 0.256104 -1.710787
v 1.873643 0.256104 -1.702142
v 1.874782 0.256104 -1.693494
v 1.878119 0.256104 -1.685440
v 1.883427 0.256104 -1.678521
v 1.890345 0.256104 -1.673213
v 1.898403 0.256104 -1.669873
v 1.907048 0.256104 -1.668737
v 1.915692 0.256104 -1.669873
v 1.923750 0.256104 -1.673213
v 1.930669 0.256104 -1.678521
v 1.935976 0.256104 -1.685440
v 1.911372 0.256104 -1.712138
v 1.902724 0.257960 -1.712138
v 1.911372 0.257960 -1.712138
v 1.902724 0.257960 -1.734975
v 1.911372 0.257960 -1.734975
v 1.907048 0.257960 -1.735547
v 1.960826 0.181871 -1.074962
v 1.955262 0.181871 -1.061533
v 1.946417 0.181871 -1.050001
v 1.934885 0.181871 -1.041156
v 1.921456 0.181871 -1.035592
v 1.907048 0.181871 -1.033696
v 1.946417 0.181871 -1.922704
v 1.934885 0.181871 -1.913859
v 1.921456 0.181871 -1.908295
v 1.907048 0.181871 -1.906398
v 1.892639 0.181871 -1.908295
v 1.879210 0.181871 -1.913859
v 1.867678 0.181871 -1.922704
v 1.858833 0.181871 -1.934236
v 1.853270 0.181871 -1.947664
v 1.895259 0.156862 -2.091732
v 1.900853 0.156632 -2.090790
v 1.957730 0.163313 -2.073902
v 1.904542 0.155889 -2.091350
v 1.890917 0.155889 -2.094765
v 1.891102 0.156043 -2.094412
v 1.895820 0.155889 -2.091732
v 1.891192 0.155889 -2.094412
v 1.901284 0.155889 -2.090790
v 1.888096 0.155889 -2.098421
v 1.906744 0.155889 -2.091732
v 1.911376 0.155889 -2.094412
v 1.914467 0.155889 -2.098421
v 1.915555 0.155889 -2.103149
v 1.914467 0.155889 -2.107882
v 1.911376 0.155889 -2.111890
v 1.906744 0.155889 -2.114570
v 1.901284 0.155889 -2.115509
v 1.895820 0.155889 -2.114570
v 1.891192 0.155889 -2.111890
v 1.888096 0.155889 -2.107882
v 1.887009 0.155889 -2.103149
v 1.881333 0.172963 -2.094412
v 1.879014 0.171624 -2.098421
v 1.884804 0.174968 -2.091732
v 1.888901 0.177333 -2.090790
v 1.892999 0.179698 -2.091732
v 1.896470 0.181703 -2.094412
v 1.898789 0.183043 -2.098421
v 1.899606 0.183513 -2.103149
v 1.898789 0.183043 -2.107882
v 1.896470 0.181703 -2.111890
v 1.892999 0.179698 -2.114570
v 1.888901 0.177333 -2.115509
v 1.884804 0.174968 -2.114570
v 1.881333 0.172963 -2.111890
v 1.879014 0.171624 -2.107882
v 1.878197 0.171153 -2.103149
v 1.877648 0.180351 -2.099738
v 1.877061 0.180011 -2.103149
v 1.879322 0.181317 -2.096847
v 1.881827 0.182763 -2.094913
v 1.884781 0.184469 -2.094234
v 1.887736 0.186175 -2.094913
v 1.890241 0.187621 -2.096847
v 1.891915 0.188587 -2.099738
v 1.892502 0.188927 -2.103149
v 1.891915 0.188587 -2.106560
v 1.890241 0.187621 -2.109455
v 1.887736 0.186175 -2.111386
v 1.884781 0.184469 -2.112065
v 1.881827 0.182763 -2.111386
v 1.879322 0.181317 -2.109455
v 1.877648 0.180351 -2.106560
v 1.877804 0.183612 -2.105829
v 1.879117 0.184371 -2.108104
v 1.877343 0.183346 -2.103149
v 1.877804 0.183612 -2.100469
v 1.879117 0.184371 -2.098198
v 1.881088 0.185508 -2.096680
v 1.883408 0.186848 -2.096145
v 1.885728 0.188188 -2.096680
v 1.887699 0.189324 -2.098198
v 1.889013 0.190083 -2.100469
v 1.889473 0.190350 -2.103149
v 1.889013 0.190083 -2.105829
v 1.887699 0.189324 -2.108104
v 1.885728 0.188188 -2.109622
v 1.883408 0.186848 -2.110153
v 1.881088 0.185508 -2.109622
v 1.791055 0.163313 -2.104378
v 1.789734 0.163313 -2.111022
v 1.785966 0.163313 -2.116656
v 1.780336 0.163313 -2.120420
v 1.773688 0.163313 -2.121741
v 1.684783 0.163313 -2.121741
v 1.678139 0.163313 -2.120420
v 1.672505 0.163313 -2.116656
v 1.668741 0.163313 -2.111022
v 1.667420 0.163313 -2.104378
v 1.673563 0.163313 -1.089370
v 1.675459 0.163313 -1.074962
v 1.681019 0.163313 -1.061533
v 1.689868 0.163313 -1.050001
v 1.701400 0.163313 -1.041156
v 1.714825 0.163313 -1.035592
v 1.729237 0.163313 -1.033696
v 1.743646 0.163313 -1.035592
v 1.757075 0.163313 -1.041156
v 1.768603 0.163313 -1.050001
v 1.777452 0.163313 -1.061533
v 1.783015 0.163313 -1.074962
v 1.784912 0.163313 -1.089370
v 1.784912 0.163313 -1.293626
v 1.784912 0.163313 -1.497886
v 1.784912 0.163313 -1.702142
v 1.784912 0.163313 -1.962073
v 1.785966 0.163313 -2.092100
v 1.789734 0.163313 -2.097730
v 1.791055 0.152178 -2.104378
v 1.789734 0.152178 -2.097730
v 1.789734 0.152178 -2.111022
v 1.785966 0.152178 -2.116656
v 1.780336 0.152178 -2.120420
v 1.773688 0.152178 -2.121741
v 1.684783 0.152178 -2.121741
v 1.678139 0.152178 -2.120420
v 1.672505 0.152178 -2.116656
v 1.668741 0.152178 -2.111022
v 1.667420 0.152178 -2.104378
v 1.668741 0.163313 -2.097730
v 1.668741 0.152178 -2.097730
v 1.672505 0.163313 -2.092100
v 1.673563 0.163313 -1.962073
v 1.678139 0.163313 -2.088336
v 1.675459 0.163313 -1.976482
v 1.673563 0.181871 -1.962073
v 1.675459 0.181871 -1.976482
v 1.783015 0.163313 -1.976482
v 1.777452 0.163313 -1.989910
v 1.768603 0.163313 -2.001442
v 1.757075 0.163313 -2.010287
v 1.743646 0.163313 -2.015851
v 1.729237 0.163313 -2.017748
v 1.714825 0.163313 -2.015851
v 1.701400 0.163313 -2.010287
v 1.689868 0.163313 -2.001442
v 1.681019 0.163313 -1.989910
v 1.675459 0.163313 -1.947664
v 1.681019 0.163313 -1.934236
v 1.689868 0.163313 -1.922704
v 1.701400 0.163313 -1.913859
v 1.714825 0.163313 -1.908295
v 1.729237 0.163313 -1.906398
v 1.743646 0.163313 -1.908295
v 1.757075 0.163313 -1.913859
v 1.768603 0.163313 -1.922704
v 1.777452 0.163313 -1.934236
v 1.783015 0.163313 -1.947664
v 1.780336 0.163313 -2.088336
v 1.779920 0.163313 -2.068334
v 1.751125 0.163313 -2.068334
v 1.751125 0.163313 -2.073902
v 1.707350 0.163313 -2.068334
v 1.773688 0.163313 -2.087011
v 1.707350 0.163313 -2.073902
v 1.684783 0.163313 -2.087011
v 1.678555 0.163313 -2.073902
v 1.678555 0.163313 -2.068334
v 1.681019 0.181871 -1.989910
v 1.696968 0.256104 -1.970717
v 1.700309 0.256104 -1.978776
v 1.729237 0.256104 -1.964645
v 1.724913 0.256104 -1.972068
v 1.724913 0.256104 -1.994910
v 1.720589 0.256104 -1.994338
v 1.712535 0.256104 -1.991002
v 1.705616 0.256104 -1.985694
v 1.695832 0.256104 -1.962073
v 1.696968 0.256104 -1.953429
v 1.700309 0.256104 -1.945371
v 1.705616 0.256104 -1.938452
v 1.712535 0.256104 -1.933144
v 1.720589 0.256104 -1.929808
v 1.729237 0.256104 -1.928668
v 1.737882 0.256104 -1.929808
v 1.745940 0.256104 -1.933144
v 1.752858 0.256104 -1.938452
v 1.758166 0.256104 -1.945371
v 1.761503 0.256104 -1.953429
v 1.762642 0.256104 -1.962073
v 1.761503 0.256104 -1.970717
v 1.758166 0.256104 -1.978776
v 1.752858 0.256104 -1.985694
v 1.745940 0.256104 -1.991002
v 1.737882 0.256104 -1.994338
v 1.733558 0.256104 -1.994910
v 1.733558 0.256104 -1.972068
v 1.724913 0.257960 -1.972068
v 1.733558 0.257960 -1.972068
v 1.724913 0.257960 -1.994910
v 1.733558 0.257960 -1.994910
v 1.729237 0.257960 -1.995478
v 1.729237 0.256104 -1.995478
v 1.714825 0.181871 -2.015851
v 1.729237 0.181871 -2.017748
v 1.701400 0.181871 -2.010287
v 1.689868 0.181871 -2.001442
v 1.743646 0.181871 -2.015851
v 1.757075 0.181871 -2.010287
v 1.768603 0.181871 -2.001442
v 1.777452 0.181871 -1.989910
v 1.783015 0.181871 -1.976482
v 1.784912 0.181871 -1.962073
v 1.783015 0.181871 -1.947664
v 1.783015 0.163313 -1.716551
v 1.777452 0.163313 -1.729980
v 1.768603 0.163313 -1.741508
v 1.757075 0.163313 -1.750357
v 1.743646 0.163313 -1.755920
v 1.729237 0.163313 -1.757817
v 1.714825 0.163313 -1.755920
v 1.701400 0.163313 -1.750357
v 1.689868 0.163313 -1.741508
v 1.681019 0.163313 -1.729980
v 1.675459 0.163313 -1.716551
v 1.673563 0.163313 -1.702142
v 1.673563 0.163313 -1.497886
v 1.673563 0.163313 -1.293626
v 1.675459 0.163313 -1.103779
v 1.675459 0.163313 -1.279218
v 1.681019 0.163313 -1.117208
v 1.675459 0.181871 -1.103779
v 1.681019 0.181871 -1.117208
v 1.673563 0.181871 -1.089370
v 1.675459 0.181871 -1.074962
v 1.681019 0.181871 -1.061533
v 1.689868 0.181871 -1.050001
v 1.701400 0.181871 -1.041156
v 1.714825 0.181871 -1.035592
v 1.729237 0.181871 -1.033696
v 1.743646 0.181871 -1.035592
v 1.757075 0.181871 -1.041156
v 1.768603 0.181871 -1.050001
v 1.777452 0.181871 -1.061533
v 1.783015 0.181871 -1.074962
v 1.784912 0.181871 -1.089370
v 1.783015 0.163313 -1.103779
v 1.783015 0.181871 -1.103779
v 1.783015 0.163313 -1.279218
v 1.777452 0.163313 -1.265789
v 1.777452 0.163313 -1.117208
v 1.768603 0.163313 -1.254261
v 1.768603 0.163313 -1.128740
v 1.757075 0.163313 -1.245412
v 1.757075 0.163313 -1.137585
v 1.743646 0.163313 -1.239848
v 1.743646 0.163313 -1.143149
v 1.729237 0.163313 -1.237952
v 1.729237 0.163313 -1.145045
v 1.714825 0.163313 -1.239848
v 1.714825 0.163313 -1.143149
v 1.701400 0.163313 -1.245412
v 1.701400 0.163313 -1.137585
v 1.689868 0.163313 -1.254261
v 1.689868 0.163313 -1.128740
v 1.681019 0.163313 -1.265789
v 1.681019 0.181871 -1.265789
v 1.675459 0.181871 -1.279218
v 1.689868 0.181871 -1.254261
v 1.701400 0.181871 -1.245412
v 1.714825 0.181871 -1.239848
v 1.729237 0.181871 -1.237952
v 1.743646 0.181871 -1.239848
v 1.757075 0.181871 -1.245412
v 1.768603 0.181871 -1.254261
v 1.777452 0.181871 -1.265789
v 1.783015 0.181871 -1.279218
v 1.784912 0.181871 -1.293626
v 1.783015 0.163313 -1.308039
v 1.783015 0.181871 -1.308039
v 1.783015 0.163313 -1.483474
v 1.777452 0.163313 -1.470049
v 1.777452 0.163313 -1.321464
v 1.768603 0.163313 -1.458517
v 1.768603 0.163313 -1.332996
v 1.757075 0.163313 -1.449668
v 1.757075 0.163313 -1.341845
v 1.743646 0.163313 -1.444108
v 1.743646 0.163313 -1.347405
v 1.729237 0.163313 -1.442211
v 1.729237 0.163313 -1.349301
v 1.714825 0.163313 -1.444108
v 1.714825 0.163313 -1.347405
v 1.701400 0.163313 -1.449668
v 1.701400 0.163313 -1.341845
v 1.689868 0.163313 -1.458517
v 1.689868 0.163313 -1.332996
v 1.681019 0.163313 -1.470049
v 1.681019 0.163313 -1.321464
v 1.675459 0.163313 -1.483474
v 1.675459 0.163313 -1.308039
v 1.673563 0.181871 -1.293626
v 1.675459 0.181871 -1.308039
v 1.696968 0.256104 -1.284982
v 1.695832 0.256104 -1.293626
v 1.700309 0.256104 -1.276924
v 1.705616 0.256104 -1.270005
v 1.712535 0.256104 -1.264698
v 1.720589 0.256104 -1.261361
v 1.729237 0.256104 -1.260222
v 1.737882 0.256104 -1.261361
v 1.745940 0.256104 -1.264698
v 1.752858 0.256104 -1.270005
v 1.758166 0.256104 -1.276924
v 1.761503 0.256104 -1.284982
v 1.762642 0.256104 -1.293626
v 1.761503 0.256104 -1.302275
v 1.777452 0.181871 -1.321464
v 1.758166 0.256104 -1.310329
v 1.768603 0.181871 -1.332996
v 1.757075 0.181871 -1.341845
v 1.743646 0.181871 -1.347405
v 1.729237 0.181871 -1.349301
v 1.714825 0.181871 -1.347405
v 1.701400 0.181871 -1.341845
v 1.689868 0.181871 -1.332996
v 1.681019 0.181871 -1.321464
v 1.696968 0.256104 -1.302275
v 1.700309 0.256104 -1.310329
v 1.729237 0.256104 -1.296202
v 1.724913 0.256104 -1.303626
v 1.724913 0.256104 -1.326463
v 1.720589 0.256104 -1.325896
v 1.712535 0.256104 -1.322555
v 1.705616 0.256104 -1.317247
v 1.752858 0.256104 -1.317247
v 1.745940 0.256104 -1.322555
v 1.737882 0.256104 -1.325896
v 1.733558 0.256104 -1.326463
v 1.733558 0.256104 -1.303626
v 1.724913 0.257960 -1.303626
v 1.733558 0.257960 -1.303626
v 1.724913 0.257960 -1.326463
v 1.733558 0.257960 -1.326463
v 1.729237 0.257960 -1.327031
v 1.729237 0.256104 -1.327031
v 1.675459 0.181871 -1.483474
v 1.673563 0.181871 -1.497886
v 1.681019 0.181871 -1.470049
v 1.689868 0.181871 -1.458517
v 1.701400 0.181871 -1.449668
v 1.714825 0.181871 -1.444108
v 1.729237 0.181871 -1.442211
v 1.743646 0.181871 -1.444108
v 1.757075 0.181871 -1.449668
v 1.768603 0.181871 -1.458517
v 1.777452 0.181871 -1.470049
v 1.783015 0.181871 -1.483474
v 1.784912 0.181871 -1.497886
v 1.783015 0.163313 -1.512295
v 1.783015 0.181871 -1.512295
v 1.783015 0.163313 -1.687730
v 1.777452 0.163313 -1.674305
v 1.777452 0.163313 -1.525724
v 1.768603 0.163313 -1.662773
v 1.768603 0.163313 -1.537252
v 1.757075 0.163313 -1.653924
v 1.757075 0.163313 -1.546101
v 1.743646 0.163313 -1.648364
v 1.743646 0.163313 -1.551661
v 1.729237 0.163313 -1.646467
v 1.729237 0.163313 -1.553561
v 1.714825 0.163313 -1.648364
v 1.714825 0.163313 -1.551661
v 1.701400 0.163313 -1.653924
v 1.701400 0.163313 -1.546101
v 1.689868 0.163313 -1.662773
v 1.689868 0.163313 -1.537252
v 1.681019 0.163313 -1.674305
v 1.681019 0.163313 -1.525724
v 1.675459 0.163313 -1.687730
v 1.675459 0.163313 -1.512295
v 1.675459 0.181871 -1.512295
v 1.695832 0.256104 -1.497886
v 1.696968 0.256104 -1.506531
v 1.729237 0.256104 -1.500458
v 1.724913 0.256104 -1.507882
v 1.724913 0.256104 -1.530719
v 1.720589 0.256104 -1.530152
v 1.712535 0.256104 -1.526815
v 1.705616 0.256104 -1.521503
v 1.700309 0.256104 -1.514589
v 1.696968 0.256104 -1.489238
v 1.700309 0.256104 -1.481184
v 1.705616 0.256104 -1.474265
v 1.712535 0.256104 -1.468954
v 1.720589 0.256104 -1.465617
v 1.729237 0.256104 -1.464481
v 1.737882 0.256104 -1.465617
v 1.745940 0.256104 -1.468954
v 1.752858 0.256104 -1.474265
v 1.758166 0.256104 -1.481184
v 1.761503 0.256104 -1.489238
v 1.762642 0.256104 -1.497886
v 1.761503 0.256104 -1.506531
v 1.758166 0.256104 -1.514589
v 1.752858 0.256104 -1.521503
v 1.745940 0.256104 -1.526815
v 1.737882 0.256104 -1.530152
v 1.733558 0.256104 -1.530719
v 1.733558 0.256104 -1.507882
v 1.724913 0.257960 -1.507882
v 1.733558 0.257960 -1.507882
v 1.724913 0.257960 -1.530719
v 1.733558 0.257960 -1.530719
v 1.729237 0.257960 -1.531291
v 1.729237 0.256104 -1.531291
v 1.714825 0.181871 -1.551661
v 1.729237 0.181871 -1.553561
v 1.701400 0.181871 -1.546101
v 1.689868 0.181871 -1.537252
v 1.681019 0.181871 -1.525724
v 1.743646 0.181871 -1.551661
v 1.757075 0.181871 -1.546101
v 1.768603 0.181871 -1.537252
v 1.777452 0.181871 -1.525724
v 1.675459 0.181871 -1.687730
v 1.673563 0.181871 -1.702142
v 1.681019 0.181871 -1.674305
v 1.689868 0.181871 -1.662773
v 1.701400 0.181871 -1.653924
v 1.714825 0.181871 -1.648364
v 1.729237 0.181871 -1.646467
v 1.743646 0.181871 -1.648364
v 1.757075 0.181871 -1.653924
v 1.768603 0.181871 -1.662773
v 1.777452 0.181871 -1.674305
v 1.783015 0.181871 -1.687730
v 1.784912 0.181871 -1.702142
v 1.783015 0.181871 -1.716551
v 1.777452 0.181871 -1.729980
v 1.768603 0.181871 -1.741508
v 1.757075 0.181871 -1.750357
v 1.743646 0.181871 -1.755920
v 1.729237 0.181871 -1.757817
v 1.714825 0.181871 -1.755920
v 1.701400 0.181871 -1.750357
v 1.689868 0.181871 -1.741508
v 1.681019 0.181871 -1.729980
v 1.675459 0.181871 -1.716551
v 1.695832 0.256104 -1.702142
v 1.696968 0.256104 -1.710787
v 1.729237 0.256104 -1.704714
v 1.724913 0.256104 -1.712138
v 1.724913 0.256104 -1.734975
v 1.720589 0.256104 -1.734408
v 1.712535 0.256104 -1.731071
v 1.705616 0.256104 -1.725763
v 1.700309 0.256104 -1.718845
v 1.696968 0.256104 -1.693494
v 1.700309 0.256104 -1.685440
v 1.705616 0.256104 -1.678521
v 1.712535 0.256104 -1.673213
v 1.720589 0.256104 -1.669873
v 1.729237 0.256104 -1.668737
v 1.737882 0.256104 -1.669873
v 1.745940 0.256104 -1.673213
v 1.752858 0.256104 -1.678521
v 1.758166 0.256104 -1.685440
v 1.761503 0.256104 -1.693494
v 1.762642 0.256104 -1.702142
v 1.761503 0.256104 -1.710787
v 1.758166 0.256104 -1.718845
v 1.752858 0.256104 -1.725763
v 1.745940 0.256104 -1.731071
v 1.737882 0.256104 -1.734408
v 1.733558 0.256104 -1.734975
v 1.733558 0.256104 -1.712138
v 1.724913 0.257960 -1.712138
v 1.733558 0.257960 -1.712138
v 1.724913 0.257960 -1.734975
v 1.733558 0.257960 -1.734975
v 1.729237 0.257960 -1.735547
v 1.729237 0.256104 -1.735547
v 1.689868 0.181871 -1.128740
v 1.700309 0.256104 -1.106073
v 1.705616 0.256104 -1.112991
v 1.729237 0.256104 -1.091943
v 1.724913 0.256104 -1.099366
v 1.724913 0.256104 -1.122207
v 1.720589 0.256104 -1.121636
v 1.712535 0.256104 -1.118299
v 1.696968 0.256104 -1.098015
v 1.695832 0.256104 -1.089370
v 1.696968 0.256104 -1.080726
v 1.700309 0.256104 -1.072668
v 1.705616 0.256104 -1.065749
v 1.712535 0.256104 -1.060442
v 1.720589 0.256104 -1.057105
v 1.729237 0.256104 -1.055966
v 1.737882 0.256104 -1.057105
v 1.745940 0.256104 -1.060442
v 1.752858 0.256104 -1.065749
v 1.758166 0.256104 -1.072668
v 1.761503 0.256104 -1.080726
v 1.762642 0.256104 -1.089370
v 1.761503 0.256104 -1.098015
v 1.758166 0.256104 -1.106073
v 1.752858 0.256104 -1.112991
v 1.745940 0.256104 -1.118299
v 1.737882 0.256104 -1.121636
v 1.733558 0.256104 -1.122207
v 1.733558 0.256104 -1.099366
v 1.724913 0.257960 -1.099366
v 1.733558 0.257960 -1.099366
v 1.724913 0.257960 -1.122207
v 1.733558 0.257960 -1.122207
v 1.729237 0.257960 -1.122775
v 1.729237 0.256104 -1.122775
v 1.714825 0.181871 -1.143149
v 1.729237 0.181871 -1.145045
v 1.701400 0.181871 -1.137585
v 1.743646 0.181871 -1.143149
v 1.757075 0.181871 -1.137585
v 1.768603 0.181871 -1.128740
v 1.777452 0.181871 -1.117208
v 1.675459 0.181871 -1.947664
v 1.681019 0.181871 -1.934236
v 1.689868 0.181871 -1.922704
v 1.701400 0.181871 -1.913859
v 1.714825 0.181871 -1.908295
v 1.729237 0.181871 -1.906398
v 1.743646 0.181871 -1.908295
v 1.757075 0.181871 -1.913859
v 1.768603 0.181871 -1.922704
v 1.777452 0.181871 -1.934236
v 1.684783 0.152178 -2.087011
v 1.678139 0.152178 -2.088336
v 1.773688 0.152178 -2.087011
v 1.780336 0.152178 -2.088336
v 1.779920 0.163313 -2.073902
v 1.785966 0.152178 -2.092100
v 1.672505 0.152178 -2.092100
v 1.613241 0.163313 -2.104378
v 1.611919 0.163313 -2.111022
v 1.608156 0.163313 -2.116656
v 1.602521 0.163313 -2.120420
v 1.595878 0.163313 -2.121741
v 1.506972 0.163313 -2.121741
v 1.500328 0.163313 -2.120420
v 1.494694 0.163313 -2.116656
v 1.490931 0.163313 -2.111022
v 1.489609 0.152178 -2.104378
v 1.490931 0.152178 -2.111022
v 1.490931 0.152178 -2.097730
v 1.494694 0.152178 -2.092100
v 1.500328 0.152178 -2.088336
v 1.506972 0.152178 -2.087011
v 1.595878 0.152178 -2.087011
v 1.602521 0.163313 -2.088336
v 1.602521 0.152178 -2.088336
v 1.602106 0.163313 -2.073902
v 1.573314 0.163313 -2.073902
v 1.537014 0.163313 -2.015851
v 1.523589 0.163313 -2.010287
v 1.512057 0.163313 -2.001442
v 1.503209 0.163313 -1.989910
v 1.497649 0.181871 -1.976482
v 1.503209 0.181871 -1.989910
v 1.512057 0.163313 -1.922704
v 1.523589 0.163313 -1.913859
v 1.537014 0.163313 -1.908295
v 1.551427 0.163313 -1.906398
v 1.565835 0.163313 -1.908295
v 1.579264 0.163313 -1.913859
v 1.590793 0.163313 -1.922704
v 1.599641 0.163313 -1.934236
v 1.605201 0.163313 -1.947664
v 1.607102 0.163313 -1.962073
v 1.605201 0.163313 -1.976482
v 1.599641 0.163313 -1.989910
v 1.590793 0.163313 -2.001442
v 1.579264 0.163313 -2.010287
v 1.565835 0.163313 -2.015851
v 1.551427 0.163313 -2.017748
v 1.497649 0.163313 -1.947664
v 1.503209 0.163313 -1.934236
v 1.523589 0.163313 -1.750357
v 1.512057 0.163313 -1.741508
v 1.503209 0.163313 -1.729980
v 1.497649 0.163313 -1.716551
v 1.495752 0.163313 -1.702142
v 1.495752 0.163313 -1.497886
v 1.495752 0.163313 -1.293626
v 1.497649 0.163313 -1.103779
v 1.497649 0.163313 -1.279218
v 1.503209 0.163313 -1.117208
v 1.497649 0.181871 -1.103779
v 1.503209 0.181871 -1.117208
v 1.495752 0.181871 -1.089370
v 1.497649 0.181871 -1.074962
v 1.503209 0.181871 -1.061533
v 1.512057 0.181871 -1.050001
v 1.523589 0.181871 -1.041156
v 1.537014 0.163313 -1.035592
v 1.537014 0.181871 -1.035592
v 1.551427 0.163313 -1.033696
v 1.565835 0.163313 -1.035592
v 1.579264 0.163313 -1.041156
v 1.590793 0.163313 -1.050001
v 1.599641 0.163313 -1.061533
v 1.605201 0.163313 -1.074962
v 1.607102 0.163313 -1.089370
v 1.607102 0.163313 -1.293626
v 1.607102 0.163313 -1.497886
v 1.607102 0.163313 -1.702142
v 1.608156 0.163313 -2.092100
v 1.611919 0.163313 -2.097730
v 1.613241 0.152178 -2.104378
v 1.611919 0.152178 -2.097730
v 1.611919 0.152178 -2.111022
v 1.608156 0.152178 -2.116656
v 1.602521 0.152178 -2.120420
v 1.595878 0.152178 -2.121741
v 1.506972 0.152178 -2.121741
v 1.500328 0.152178 -2.120420
v 1.494694 0.152178 -2.116656
v 1.608156 0.152178 -2.092100
v 1.602106 0.163313 -2.068334
v 1.573314 0.163313 -2.068334
v 1.537014 0.181871 -2.015851
v 1.551427 0.181871 -2.017748
v 1.523589 0.181871 -2.010287
v 1.512057 0.181871 -2.001442
v 1.522494 0.256104 -1.978776
v 1.527806 0.256104 -1.985694
v 1.551427 0.256104 -1.964645
v 1.547103 0.256104 -1.972068
v 1.547103 0.256104 -1.994910
v 1.542779 0.256104 -1.994338
v 1.534724 0.256104 -1.991002
v 1.519158 0.256104 -1.970717
v 1.518022 0.256104 -1.962073
v 1.519158 0.256104 -1.953429
v 1.522494 0.256104 -1.945371
v 1.527806 0.256104 -1.938452
v 1.534724 0.256104 -1.933144
v 1.542779 0.256104 -1.929808
v 1.551427 0.256104 -1.928668
v 1.560071 0.256104 -1.929808
v 1.568129 0.256104 -1.933144
v 1.575044 0.256104 -1.938452
v 1.580355 0.256104 -1.945371
v 1.583692 0.256104 -1.953429
v 1.584832 0.256104 -1.962073
v 1.583692 0.256104 -1.970717
v 1.580355 0.256104 -1.978776
v 1.575044 0.256104 -1.985694
v 1.568129 0.256104 -1.991002
v 1.560071 0.256104 -1.994338
v 1.555747 0.256104 -1.994910
v 1.555747 0.256104 -1.972068
v 1.547103 0.257960 -1.972068
v 1.555747 0.257960 -1.972068
v 1.547103 0.257960 -1.994910
v 1.555747 0.257960 -1.994910
v 1.551427 0.257960 -1.995478
v 1.551427 0.256104 -1.995478
v 1.565835 0.181871 -2.015851
v 1.579264 0.181871 -2.010287
v 1.590793 0.181871 -2.001442
v 1.599641 0.181871 -1.989910
v 1.605201 0.181871 -1.976482
v 1.607102 0.181871 -1.962073
v 1.605201 0.181871 -1.947664
v 1.605201 0.163313 -1.716551
v 1.599641 0.163313 -1.729980
v 1.590793 0.163313 -1.741508
v 1.579264 0.163313 -1.750357
v 1.565835 0.163313 -1.755920
v 1.551427 0.163313 -1.757817
v 1.537014 0.163313 -1.755920
v 1.523589 0.181871 -1.750357
v 1.537014 0.181871 -1.755920
v 1.512057 0.181871 -1.741508
v 1.503209 0.181871 -1.729980
v 1.497649 0.181871 -1.716551
v 1.495752 0.181871 -1.702142
v 1.497649 0.163313 -1.687730
v 1.497649 0.181871 -1.687730
v 1.497649 0.163313 -1.512295
v 1.495752 0.181871 -1.497886
v 1.497649 0.181871 -1.512295
v 1.497649 0.163313 -1.483474
v 1.497649 0.181871 -1.483474
v 1.497649 0.163313 -1.308039
v 1.495752 0.181871 -1.293626
v 1.497649 0.181871 -1.308039
v 1.497649 0.181871 -1.279218
v 1.503209 0.163313 -1.265789
v 1.503209 0.181871 -1.265789
v 1.512057 0.163313 -1.128740
v 1.512057 0.181871 -1.128740
v 1.522494 0.256104 -1.106073
v 1.527806 0.256104 -1.112991
v 1.551427 0.256104 -1.091943
v 1.547103 0.256104 -1.099366
v 1.547103 0.256104 -1.122207
v 1.542779 0.256104 -1.121636
v 1.534724 0.256104 -1.118299
v 1.519158 0.256104 -1.098015
v 1.518022 0.256104 -1.089370
v 1.519158 0.256104 -1.080726
v 1.522494 0.256104 -1.072668
v 1.527806 0.256104 -1.065749
v 1.534724 0.256104 -1.060442
v 1.542779 0.256104 -1.057105
v 1.551427 0.256104 -1.055966
v 1.560071 0.256104 -1.057105
v 1.568129 0.256104 -1.060442
v 1.575044 0.256104 -1.065749
v 1.580355 0.256104 -1.072668
v 1.583692 0.256104 -1.080726
v 1.584832 0.256104 -1.089370
v 1.583692 0.256104 -1.098015
v 1.580355 0.256104 -1.106073
v 1.575044 0.256104 -1.112991
v 1.568129 0.256104 -1.118299
v 1.560071 0.256104 -1.121636
v 1.555747 0.256104 -1.122207
v 1.555747 0.256104 -1.099366
v 1.547103 0.257960 -1.099366
v 1.555747 0.257960 -1.099366
v 1.547103 0.257960 -1.122207
v 1.555747 0.257960 -1.122207
v 1.551427 0.257960 -1.122775
v 1.551427 0.256104 -1.122775
v 1.537014 0.181871 -1.143149
v 1.551427 0.181871 -1.145045
v 1.523589 0.181871 -1.137585
v 1.523589 0.163313 -1.137585
v 1.512057 0.163313 -1.254261
v 1.512057 0.181871 -1.254261
v 1.523589 0.163313 -1.245412
v 1.523589 0.181871 -1.245412
v 1.537014 0.163313 -1.143149
v 1.551427 0.163313 -1.145045
v 1.537014 0.163313 -1.239848
v 1.537014 0.181871 -1.239848
v 1.551427 0.163313 -1.237952
v 1.551427 0.181871 -1.237952
v 1.565835 0.163313 -1.143149
v 1.565835 0.181871 -1.143149
v 1.579264 0.181871 -1.137585
v 1.590793 0.181871 -1.128740
v 1.599641 0.181871 -1.117208
v 1.605201 0.181871 -1.103779
v 1.607102 0.181871 -1.089370
v 1.605201 0.163313 -1.103779
v 1.605201 0.163313 -1.279218
v 1.599641 0.163313 -1.265789
v 1.599641 0.163313 -1.117208
v 1.590793 0.163313 -1.254261
v 1.590793 0.163313 -1.128740
v 1.579264 0.163313 -1.245412
v 1.579264 0.163313 -1.137585
v 1.565835 0.163313 -1.239848
v 1.565835 0.181871 -1.239848
v 1.579264 0.181871 -1.245412
v 1.590793 0.181871 -1.254261
v 1.599641 0.181871 -1.265789
v 1.605201 0.181871 -1.279218
v 1.607102 0.181871 -1.293626
v 1.605201 0.163313 -1.308039
v 1.605201 0.181871 -1.308039
v 1.605201 0.163313 -1.483474
v 1.599641 0.163313 -1.470049
v 1.599641 0.163313 -1.321464
v 1.590793 0.163313 -1.458517
v 1.590793 0.163313 -1.332996
v 1.579264 0.163313 -1.449668
v 1.579264 0.163313 -1.341845
v 1.565835 0.163313 -1.444108
v 1.565835 0.163313 -1.347405
v 1.551427 0.163313 -1.442211
v 1.551427 0.163313 -1.349301
v 1.537014 0.163313 -1.444108
v 1.537014 0.163313 -1.347405
v 1.523589 0.163313 -1.449668
v 1.523589 0.163313 -1.341845
v 1.512057 0.163313 -1.458517
v 1.512057 0.163313 -1.332996
v 1.503209 0.163313 -1.470049
v 1.503209 0.163313 -1.321464
v 1.503209 0.181871 -1.321464
v 1.519158 0.256104 -1.302275
v 1.522494 0.256104 -1.310329
v 1.551427 0.256104 -1.296202
v 1.547103 0.256104 -1.303626
v 1.547103 0.256104 -1.326463
v 1.542779 0.256104 -1.325896
v 1.534724 0.256104 -1.322555
v 1.527806 0.256104 -1.317247
v 1.518022 0.256104 -1.293626
v 1.519158 0.256104 -1.284982
v 1.522494 0.256104 -1.276924
v 1.527806 0.256104 -1.270005
v 1.534724 0.256104 -1.264698
v 1.542779 0.256104 -1.261361
v 1.551427 0.256104 -1.260222
v 1.560071 0.256104 -1.261361
v 1.568129 0.256104 -1.264698
v 1.575044 0.256104 -1.270005
v 1.580355 0.256104 -1.276924
v 1.583692 0.256104 -1.284982
v 1.584832 0.256104 -1.293626
v 1.583692 0.256104 -1.302275
v 1.580355 0.256104 -1.310329
v 1.575044 0.256104 -1.317247
v 1.568129 0.256104 -1.322555
v 1.560071 0.256104 -1.325896
v 1.555747 0.256104 -1.326463
v 1.555747 0.256104 -1.303626
v 1.547103 0.257960 -1.303626
v 1.555747 0.257960 -1.303626
v 1.547103 0.257960 -1.326463
v 1.555747 0.257960 -1.326463
v 1.551427 0.257960 -1.327031
v 1.551427 0.256104 -1.327031
v 1.537014 0.181871 -1.347405
v 1.551427 0.181871 -1.349301
v 1.523589 0.181871 -1.341845
v 1.512057 0.181871 -1.332996
v 1.565835 0.181871 -1.347405
v 1.579264 0.181871 -1.341845
v 1.590793 0.181871 -1.332996
v 1.599641 0.181871 -1.321464
v 1.503209 0.181871 -1.470049
v 1.512057 0.181871 -1.458517
v 1.523589 0.181871 -1.449668
v 1.537014 0.181871 -1.444108
v 1.551427 0.181871 -1.442211
v 1.565835 0.181871 -1.444108
v 1.579264 0.181871 -1.449668
v 1.590793 0.181871 -1.458517
v 1.599641 0.181871 -1.470049
v 1.605201 0.181871 -1.483474
v 1.607102 0.181871 -1.497886
v 1.605201 0.163313 -1.512295
v 1.605201 0.181871 -1.512295
v 1.605201 0.163313 -1.687730
v 1.599641 0.163313 -1.674305
v 1.599641 0.163313 -1.525724
v 1.590793 0.163313 -1.662773
v 1.590793 0.163313 -1.537252
v 1.579264 0.163313 -1.653924
v 1.579264 0.163313 -1.546101
v 1.565835 0.163313 -1.648364
v 1.565835 0.163313 -1.551661
v 1.551427 0.163313 -1.646467
v 1.551427 0.163313 -1.553561
v 1.537014 0.163313 -1.648364
v 1.537014 0.163313 -1.551661
v 1.523589 0.163313 -1.653924
v 1.523589 0.163313 -1.546101
v 1.512057 0.163313 -1.662773
v 1.512057 0.163313 -1.537252
v 1.503209 0.163313 -1.674305
v 1.503209 0.163313 -1.525724
v 1.503209 0.181871 -1.525724
v 1.519158 0.256104 -1.506531
v 1.522494 0.256104 -1.514589
v 1.551427 0.256104 -1.500458
v 1.547103 0.256104 -1.507882
v 1.547103 0.256104 -1.530719
v 1.542779 0.256104 -1.530152
v 1.534724 0.256104 -1.526815
v 1.527806 0.256104 -1.521503
v 1.518022 0.256104 -1.497886
v 1.519158 0.256104 -1.489238
v 1.522494 0.256104 -1.481184
v 1.527806 0.256104 -1.474265
v 1.534724 0.256104 -1.468954
v 1.542779 0.256104 -1.465617
v 1.551427 0.256104 -1.464481
v 1.560071 0.256104 -1.465617
v 1.568129 0.256104 -1.468954
v 1.575044 0.256104 -1.474265
v 1.580355 0.256104 -1.481184
v 1.583692 0.256104 -1.489238
v 1.584832 0.256104 -1.497886
v 1.583692 0.256104 -1.506531
v 1.580355 0.256104 -1.514589
v 1.575044 0.256104 -1.521503
v 1.568129 0.256104 -1.526815
v 1.560071 0.256104 -1.530152
v 1.555747 0.256104 -1.530719
v 1.555747 0.256104 -1.507882
v 1.547103 0.257960 -1.507882
v 1.555747 0.257960 -1.507882
v 1.547103 0.257960 -1.530719
v 1.555747 0.257960 -1.530719
v 1.551427 0.257960 -1.531291
v 1.551427 0.256104 -1.531291
v 1.537014 0.181871 -1.551661
v 1.551427 0.181871 -1.553561
v 1.523589 0.181871 -1.546101
v 1.512057 0.181871 -1.537252
v 1.565835 0.181871 -1.551661
v 1.579264 0.181871 -1.546101
v 1.590793 0.181871 -1.537252
v 1.599641 0.181871 -1.525724
v 1.503209 0.181871 -1.674305
v 1.512057 0.181871 -1.662773
v 1.523589 0.181871 -1.653924
v 1.537014 0.181871 -1.648364
v 1.551427 0.181871 -1.646467
v 1.565835 0.181871 -1.648364
v 1.579264 0.181871 -1.653924
v 1.590793 0.181871 -1.662773
v 1.599641 0.181871 -1.674305
v 1.605201 0.181871 -1.687730
v 1.607102 0.181871 -1.702142
v 1.605201 0.181871 -1.716551
v 1.599641 0.181871 -1.729980
v 1.590793 0.181871 -1.741508
v 1.579264 0.181871 -1.750357
v 1.565835 0.181871 -1.755920
v 1.551427 0.181871 -1.757817
v 1.542779 0.256104 -1.734408
v 1.547103 0.256104 -1.734975
v 1.551427 0.256104 -1.735547
v 1.534724 0.256104 -1.731071
v 1.527806 0.256104 -1.725763
v 1.522494 0.256104 -1.718845
v 1.551427 0.256104 -1.704714
v 1.547103 0.256104 -1.712138
v 1.519158 0.256104 -1.710787
v 1.518022 0.256104 -1.702142
v 1.519158 0.256104 -1.693494
v 1.522494 0.256104 -1.685440
v 1.527806 0.256104 -1.678521
v 1.534724 0.256104 -1.673213
v 1.542779 0.256104 -1.669873
v 1.551427 0.256104 -1.668737
v 1.560071 0.256104 -1.669873
v 1.568129 0.256104 -1.673213
v 1.575044 0.256104 -1.678521
v 1.580355 0.256104 -1.685440
v 1.583692 0.256104 -1.693494
v 1.584832 0.256104 -1.702142
v 1.583692 0.256104 -1.710787
v 1.580355 0.256104 -1.718845
v 1.575044 0.256104 -1.725763
v 1.568129 0.256104 -1.731071
v 1.560071 0.256104 -1.734408
v 1.555747 0.256104 -1.734975
v 1.555747 0.256104 -1.712138
v 1.547103 0.257960 -1.712138
v 1.555747 0.257960 -1.712138
v 1.547103 0.257960 -1.734975
v 1.555747 0.257960 -1.734975
v 1.551427 0.257960 -1.735547
v 1.605201 0.181871 -1.074962
v 1.599641 0.181871 -1.061533
v 1.590793 0.181871 -1.050001
v 1.579264 0.181871 -1.041156
v 1.565835 0.181871 -1.035592
v 1.551427 0.181871 -1.033696
v 1.537014 0.181871 -1.908295
v 1.523589 0.181871 -1.913859
v 1.551427 0.181871 -1.906398
v 1.565835 0.181871 -1.908295
v 1.579264 0.181871 -1.913859
v 1.590793 0.181871 -1.922704
v 1.599641 0.181871 -1.934236
v 1.512057 0.181871 -1.922704
v 1.503209 0.181871 -1.934236
v 1.497649 0.181871 -1.947664
v 1.495752 0.181871 -1.962073
v 1.595792 0.163313 -0.976106
v 1.507058 0.163313 -0.976106
v 1.495923 0.163313 -0.976106
v 1.490355 0.163313 -0.947314
v 1.495923 0.163313 -0.947314
v 1.490355 0.163313 -0.925044
v 1.495923 0.163313 -0.925044
v 1.495923 0.163313 -0.896249
v 1.507058 0.163313 -0.896249
v 1.595792 0.163313 -0.896249
v 1.595792 0.163313 -0.925044
v 1.595792 0.163313 -0.947314
v 1.595792 0.170736 -0.976106
v 1.595792 0.170736 -0.947314
v 1.507058 0.163313 -0.947314
v 1.507058 0.163313 -0.925044
v 1.507058 0.170736 -0.896249
v 1.507058 0.170736 -0.925044
v 1.595792 0.170736 -0.896249
v 1.595792 0.170736 -0.925044
v 1.507058 0.170736 -0.947314
v 1.507058 0.170736 -0.976106
v 1.595792 0.163313 -0.840575
v 1.507058 0.163313 -0.840575
v 1.494067 0.163313 -0.840575
v 1.494067 0.163313 -0.316882
v 1.507058 0.163313 -0.316882
v 1.595792 0.163313 -0.316882
v 1.595792 0.163313 -0.658355
v 1.595792 0.163313 -0.694870
v 1.595792 0.159601 -0.840575
v 1.556972 0.159601 -0.824210
v 1.556972 0.159601 -0.694870
v 1.507058 0.159601 -0.840575
v 1.545878 0.159601 -0.694870
v 1.545878 0.159601 -0.824210
v 1.556972 0.159601 -0.333248
v 1.556972 0.159601 -0.658355
v 1.556972 0.155889 -0.824210
v 1.556972 0.155889 -0.333248
v 1.595792 0.159601 -0.316882
v 1.545878 0.159601 -0.333248
v 1.545878 0.159601 -0.658355
v 1.507058 0.159601 -0.316882
v 1.507058 0.163313 -0.658355
v 1.507058 0.163313 -0.694870
v 1.545878 0.155889 -0.333248
v 1.545878 0.155889 -0.824210
v 1.849692 0.163313 -0.316882
v 1.862682 0.163313 -0.316882
v 1.951413 0.163313 -0.316882
v 1.951413 0.163313 -0.353400
v 1.951413 0.159601 -0.840575
v 1.951413 0.159601 -0.353400
v 1.912593 0.159601 -0.824210
v 1.912593 0.159601 -0.353400
v 1.862682 0.159601 -0.840575
v 1.901503 0.159601 -0.353400
v 1.901503 0.159601 -0.824210
v 1.912593 0.159601 -0.333248
v 1.912593 0.155889 -0.824210
v 1.912593 0.155889 -0.333248
v 1.951413 0.159601 -0.316882
v 1.901503 0.159601 -0.333248
v 1.862682 0.159601 -0.316882
v 1.862682 0.163313 -0.353400
v 1.901503 0.155889 -0.333248
v 1.901503 0.155889 -0.824210
v 1.322514 0.163313 -2.120420
v 1.316884 0.163313 -2.116656
v 1.313116 0.163313 -2.111022
v 1.311795 0.163313 -2.104378
v 1.313116 0.163313 -2.097730
v 1.316884 0.163313 -2.092100
v 1.317938 0.163313 -1.962073
v 1.322514 0.163313 -2.088336
v 1.319834 0.163313 -1.976482
v 1.317938 0.181871 -1.962073
v 1.319834 0.181871 -1.976482
v 1.373613 0.163313 -1.906398
v 1.373613 0.163313 -2.017748
v 1.359204 0.163313 -2.015851
v 1.345775 0.163313 -2.010287
v 1.334247 0.163313 -2.001442
v 1.325398 0.163313 -1.989910
v 1.319834 0.163313 -1.947664
v 1.325398 0.163313 -1.934236
v 1.334247 0.163313 -1.922704
v 1.345775 0.163313 -1.913859
v 1.359204 0.163313 -1.908295
v 1.388025 0.163313 -1.908295
v 1.401450 0.163313 -1.913859
v 1.412982 0.163313 -1.922704
v 1.421831 0.163313 -1.934236
v 1.427391 0.163313 -1.947664
v 1.429287 0.163313 -1.962073
v 1.427391 0.163313 -1.976482
v 1.421831 0.163313 -1.989910
v 1.412982 0.163313 -2.001442
v 1.401450 0.163313 -2.010287
v 1.388025 0.163313 -2.015851
v 1.388025 0.163313 -1.755920
v 1.373613 0.163313 -1.757817
v 1.359204 0.163313 -1.755920
v 1.345775 0.163313 -1.750357
v 1.334247 0.163313 -1.741508
v 1.325398 0.163313 -1.729980
v 1.319834 0.163313 -1.716551
v 1.317938 0.163313 -1.702142
v 1.317938 0.163313 -1.497886
v 1.317938 0.163313 -1.293626
v 1.319834 0.163313 -1.103779
v 1.319834 0.163313 -1.279218
v 1.325398 0.163313 -1.117208
v 1.319834 0.181871 -1.103779
v 1.325398 0.181871 -1.117208
v 1.388025 0.163313 -1.143149
v 1.373613 0.163313 -1.145045
v 1.359204 0.163313 -1.143149
v 1.345775 0.163313 -1.137585
v 1.334247 0.163313 -1.128740
v 1.359204 0.163313 -1.035592
v 1.373613 0.163313 -1.033696
v 1.388025 0.163313 -1.035592
v 1.401450 0.163313 -1.041156
v 1.412982 0.163313 -1.050001
v 1.421831 0.163313 -1.061533
v 1.427391 0.163313 -1.074962
v 1.429287 0.163313 -1.089370
v 1.427391 0.163313 -1.103779
v 1.421831 0.163313 -1.117208
v 1.412982 0.163313 -1.128740
v 1.401450 0.163313 -1.137585
v 1.373613 0.163313 -1.237952
v 1.359204 0.163313 -1.239848
v 1.345775 0.163313 -1.245412
v 1.334247 0.163313 -1.254261
v 1.325398 0.163313 -1.265789
v 1.325398 0.181871 -1.265789
v 1.319834 0.181871 -1.279218
v 1.388025 0.163313 -1.239848
v 1.401450 0.163313 -1.245412
v 1.412982 0.163313 -1.254261
v 1.421831 0.163313 -1.265789
v 1.427391 0.163313 -1.279218
v 1.429287 0.163313 -1.293626
v 1.427391 0.163313 -1.308039
v 1.421831 0.163313 -1.321464
v 1.412982 0.163313 -1.332996
v 1.401450 0.163313 -1.341845
v 1.388025 0.163313 -1.347405
v 1.373613 0.163313 -1.349301
v 1.359204 0.163313 -1.347405
v 1.345775 0.163313 -1.341845
v 1.334247 0.163313 -1.332996
v 1.325398 0.163313 -1.321464
v 1.319834 0.163313 -1.308039
v 1.334247 0.181871 -1.254261
v 1.345775 0.181871 -1.245412
v 1.359204 0.181871 -1.239848
v 1.373613 0.181871 -1.237952
v 1.388025 0.181871 -1.239848
v 1.388025 0.181871 -1.143149
v 1.401450 0.181871 -1.137585
v 1.373613 0.181871 -1.145045
v 1.359204 0.181871 -1.143149
v 1.345775 0.181871 -1.137585
v 1.334247 0.181871 -1.128740
v 1.344684 0.256104 -1.106073
v 1.349992 0.256104 -1.112991
v 1.373613 0.256104 -1.091943
v 1.369292 0.256104 -1.099366
v 1.369292 0.256104 -1.122207
v 1.364968 0.256104 -1.121636
v 1.356910 0.256104 -1.118299
v 1.341347 0.256104 -1.098015
v 1.340208 0.256104 -1.089370
v 1.341347 0.256104 -1.080726
v 1.344684 0.256104 -1.072668
v 1.349992 0.256104 -1.065749
v 1.356910 0.256104 -1.060442
v 1.364968 0.256104 -1.057105
v 1.373613 0.256104 -1.055966
v 1.382261 0.256104 -1.057105
v 1.390315 0.256104 -1.060442
v 1.397234 0.256104 -1.065749
v 1.402541 0.256104 -1.072668
v 1.405882 0.256104 -1.080726
v 1.407017 0.256104 -1.089370
v 1.405882 0.256104 -1.098015
v 1.402541 0.256104 -1.106073
v 1.397234 0.256104 -1.112991
v 1.390315 0.256104 -1.118299
v 1.382261 0.256104 -1.121636
v 1.377937 0.256104 -1.122207
v 1.377937 0.256104 -1.099366
v 1.369292 0.257960 -1.099366
v 1.377937 0.257960 -1.099366
v 1.369292 0.257960 -1.122207
v 1.377937 0.257960 -1.122207
v 1.373613 0.257960 -1.122775
v 1.373613 0.256104 -1.122775
v 1.412982 0.181871 -1.128740
v 1.421831 0.181871 -1.117208
v 1.427391 0.181871 -1.103779
v 1.429287 0.181871 -1.089370
v 1.401450 0.181871 -1.245412
v 1.412982 0.181871 -1.254261
v 1.421831 0.181871 -1.265789
v 1.427391 0.181871 -1.279218
v 1.429287 0.181871 -1.293626
v 1.359204 0.181871 -1.035592
v 1.345775 0.181871 -1.041156
v 1.373613 0.181871 -1.033696
v 1.388025 0.181871 -1.035592
v 1.401450 0.181871 -1.041156
v 1.412982 0.181871 -1.050001
v 1.421831 0.181871 -1.061533
v 1.427391 0.181871 -1.074962
v 1.334247 0.181871 -1.050001
v 1.325398 0.181871 -1.061533
v 1.319834 0.181871 -1.074962
v 1.317938 0.181871 -1.089370
v 1.429287 0.163313 -1.497886
v 1.429287 0.163313 -1.702142
v 1.430345 0.163313 -2.092100
v 1.434109 0.163313 -2.097730
v 1.435430 0.163313 -2.104378
v 1.434109 0.163313 -2.111022
v 1.430345 0.163313 -2.116656
v 1.424711 0.163313 -2.120420
v 1.418067 0.163313 -2.121741
v 1.329162 0.163313 -2.121741
v 1.322514 0.152178 -2.120420
v 1.329162 0.152178 -2.121741
v 1.316884 0.152178 -2.116656
v 1.313116 0.152178 -2.111022
v 1.311795 0.152178 -2.104378
v 1.313116 0.152178 -2.097730
v 1.316884 0.152178 -2.092100
v 1.322514 0.152178 -2.088336
v 1.329162 0.163313 -2.087011
v 1.329162 0.152178 -2.087011
v 1.322930 0.163313 -2.073902
v 1.322930 0.163313 -2.068334
v 1.325398 0.181871 -1.989910
v 1.341347 0.256104 -1.970717
v 1.344684 0.256104 -1.978776
v 1.373613 0.256104 -1.964645
v 1.369292 0.256104 -1.972068
v 1.369292 0.256104 -1.994910
v 1.364968 0.256104 -1.994338
v 1.356910 0.256104 -1.991002
v 1.349992 0.256104 -1.985694
v 1.340208 0.256104 -1.962073
v 1.341347 0.256104 -1.953429
v 1.344684 0.256104 -1.945371
v 1.349992 0.256104 -1.938452
v 1.356910 0.256104 -1.933144
v 1.364968 0.256104 -1.929808
v 1.373613 0.256104 -1.928668
v 1.382261 0.256104 -1.929808
v 1.390315 0.256104 -1.933144
v 1.397234 0.256104 -1.938452
v 1.402541 0.256104 -1.945371
v 1.405882 0.256104 -1.953429
v 1.407017 0.256104 -1.962073
v 1.405882 0.256104 -1.970717
v 1.402541 0.256104 -1.978776
v 1.397234 0.256104 -1.985694
v 1.390315 0.256104 -1.991002
v 1.382261 0.256104 -1.994338
v 1.377937 0.256104 -1.994910
v 1.377937 0.256104 -1.972068
v 1.369292 0.257960 -1.972068
v 1.377937 0.257960 -1.972068
v 1.369292 0.257960 -1.994910
v 1.377937 0.257960 -1.994910
v 1.373613 0.257960 -1.995478
v 1.373613 0.256104 -1.995478
v 1.359204 0.181871 -2.015851
v 1.373613 0.181871 -2.017748
v 1.345775 0.181871 -2.010287
v 1.334247 0.181871 -2.001442
v 1.351725 0.163313 -2.068334
v 1.351725 0.163313 -2.073902
v 1.418067 0.163313 -2.087011
v 1.418067 0.152178 -2.087011
v 1.424711 0.163313 -2.088336
v 1.424711 0.152178 -2.088336
v 1.424295 0.163313 -2.073902
v 1.395500 0.163313 -2.073902
v 1.388025 0.181871 -2.015851
v 1.401450 0.181871 -2.010287
v 1.412982 0.181871 -2.001442
v 1.421831 0.181871 -1.989910
v 1.427391 0.181871 -1.976482
v 1.429287 0.181871 -1.962073
v 1.424295 0.163313 -2.068334
v 1.395500 0.163313 -2.068334
v 1.430345 0.152178 -2.092100
v 1.434109 0.152178 -2.097730
v 1.435430 0.152178 -2.104378
v 1.434109 0.152178 -2.111022
v 1.430345 0.152178 -2.116656
v 1.424711 0.152178 -2.120420
v 1.418067 0.152178 -2.121741
v 1.427391 0.181871 -1.947664
v 1.427391 0.163313 -1.716551
v 1.421831 0.163313 -1.729980
v 1.412982 0.163313 -1.741508
v 1.401450 0.163313 -1.750357
v 1.388025 0.181871 -1.755920
v 1.401450 0.181871 -1.750357
v 1.427391 0.163313 -1.687730
v 1.319834 0.163313 -1.687730
v 1.325398 0.163313 -1.674305
v 1.334247 0.163313 -1.662773
v 1.345775 0.163313 -1.653924
v 1.359204 0.163313 -1.648364
v 1.373613 0.163313 -1.646467
v 1.388025 0.163313 -1.648364
v 1.401450 0.163313 -1.653924
v 1.412982 0.163313 -1.662773
v 1.421831 0.163313 -1.674305
v 1.427391 0.163313 -1.512295
v 1.421831 0.163313 -1.525724
v 1.412982 0.163313 -1.537252
v 1.401450 0.163313 -1.546101
v 1.388025 0.163313 -1.551661
v 1.373613 0.163313 -1.553561
v 1.359204 0.163313 -1.551661
v 1.345775 0.163313 -1.546101
v 1.334247 0.163313 -1.537252
v 1.325398 0.163313 -1.525724
v 1.319834 0.163313 -1.512295
v 1.317938 0.181871 -1.497886
v 1.319834 0.181871 -1.512295
v 1.319834 0.163313 -1.483474
v 1.325398 0.163313 -1.470049
v 1.334247 0.163313 -1.458517
v 1.345775 0.163313 -1.449668
v 1.359204 0.163313 -1.444108
v 1.373613 0.163313 -1.442211
v 1.388025 0.163313 -1.444108
v 1.401450 0.163313 -1.449668
v 1.412982 0.163313 -1.458517
v 1.421831 0.163313 -1.470049
v 1.427391 0.163313 -1.483474
v 1.325398 0.181871 -1.525724
v 1.334247 0.181871 -1.537252
v 1.341347 0.256104 -1.506531
v 1.344684 0.256104 -1.514589
v 1.373613 0.256104 -1.500458
v 1.369292 0.256104 -1.507882
v 1.369292 0.256104 -1.530719
v 1.364968 0.256104 -1.530152
v 1.356910 0.256104 -1.526815
v 1.349992 0.256104 -1.521503
v 1.340208 0.256104 -1.497886
v 1.341347 0.256104 -1.489238
v 1.344684 0.256104 -1.481184
v 1.349992 0.256104 -1.474265
v 1.356910 0.256104 -1.468954
v 1.364968 0.256104 -1.465617
v 1.373613 0.256104 -1.464481
v 1.382261 0.256104 -1.465617
v 1.390315 0.256104 -1.468954
v 1.397234 0.256104 -1.474265
v 1.402541 0.256104 -1.481184
v 1.405882 0.256104 -1.489238
v 1.407017 0.256104 -1.497886
v 1.405882 0.256104 -1.506531
v 1.402541 0.256104 -1.514589
v 1.397234 0.256104 -1.521503
v 1.390315 0.256104 -1.526815
v 1.382261 0.256104 -1.530152
v 1.377937 0.256104 -1.530719
v 1.377937 0.256104 -1.507882
v 1.369292 0.257960 -1.507882
v 1.377937 0.257960 -1.507882
v 1.369292 0.257960 -1.530719
v 1.377937 0.257960 -1.530719
v 1.373613 0.257960 -1.531291
v 1.373613 0.256104 -1.531291
v 1.359204 0.181871 -1.551661
v 1.373613 0.181871 -1.553561
v 1.345775 0.181871 -1.546101
v 1.388025 0.181871 -1.551661
v 1.401450 0.181871 -1.546101
v 1.412982 0.181871 -1.537252
v 1.421831 0.181871 -1.525724
v 1.427391 0.181871 -1.512295
v 1.429287 0.181871 -1.497886
v 1.427391 0.181871 -1.483474
v 1.317938 0.181871 -1.293626
v 1.319834 0.181871 -1.308039
v 1.341347 0.256104 -1.284982
v 1.340208 0.256104 -1.293626
v 1.344684 0.256104 -1.276924
v 1.349992 0.256104 -1.270005
v 1.356910 0.256104 -1.264698
v 1.364968 0.256104 -1.261361
v 1.373613 0.256104 -1.260222
v 1.382261 0.256104 -1.261361
v 1.390315 0.256104 -1.264698
v 1.397234 0.256104 -1.270005
v 1.402541 0.256104 -1.276924
v 1.405882 0.256104 -1.284982
v 1.407017 0.256104 -1.293626
v 1.427391 0.181871 -1.308039
v 1.405882 0.256104 -1.302275
v 1.421831 0.181871 -1.321464
v 1.412982 0.181871 -1.332996
v 1.401450 0.181871 -1.341845
v 1.388025 0.181871 -1.347405
v 1.373613 0.181871 -1.349301
v 1.359204 0.181871 -1.347405
v 1.345775 0.181871 -1.341845
v 1.334247 0.181871 -1.332996
v 1.325398 0.181871 -1.321464
v 1.341347 0.256104 -1.302275
v 1.344684 0.256104 -1.310329
v 1.373613 0.256104 -1.296202
v 1.369292 0.256104 -1.303626
v 1.369292 0.256104 -1.326463
v 1.364968 0.256104 -1.325896
v 1.356910 0.256104 -1.322555
v 1.349992 0.256104 -1.317247
v 1.402541 0.256104 -1.310329
v 1.397234 0.256104 -1.317247
v 1.390315 0.256104 -1.322555
v 1.382261 0.256104 -1.325896
v 1.377937 0.256104 -1.326463
v 1.377937 0.256104 -1.303626
v 1.369292 0.257960 -1.303626
v 1.377937 0.257960 -1.303626
v 1.369292 0.257960 -1.326463
v 1.377937 0.257960 -1.326463
v 1.373613 0.257960 -1.327031
v 1.373613 0.256104 -1.327031
v 1.319834 0.181871 -1.483474
v 1.325398 0.181871 -1.470049
v 1.334247 0.181871 -1.458517
v 1.345775 0.181871 -1.449668
v 1.359204 0.181871 -1.444108
v 1.373613 0.181871 -1.442211
v 1.388025 0.181871 -1.444108
v 1.401450 0.181871 -1.449668
v 1.412982 0.181871 -1.458517
v 1.421831 0.181871 -1.470049
v 1.319834 0.181871 -1.687730
v 1.317938 0.181871 -1.702142
v 1.325398 0.181871 -1.674305
v 1.334247 0.181871 -1.662773
v 1.345775 0.181871 -1.653924
v 1.359204 0.181871 -1.648364
v 1.373613 0.181871 -1.646467
v 1.388025 0.181871 -1.648364
v 1.401450 0.181871 -1.653924
v 1.412982 0.181871 -1.662773
v 1.421831 0.181871 -1.674305
v 1.427391 0.181871 -1.687730
v 1.429287 0.181871 -1.702142
v 1.427391 0.181871 -1.716551
v 1.421831 0.181871 -1.729980
v 1.412982 0.181871 -1.741508
v 1.390315 0.256104 -1.731071
v 1.397234 0.256104 -1.725763
v 1.382261 0.256104 -1.734408
v 1.373613 0.181871 -1.757817
v 1.373613 0.256104 -1.735547
v 1.377937 0.256104 -1.734975
v 1.359204 0.181871 -1.755920
v 1.364968 0.256104 -1.734408
v 1.369292 0.256104 -1.734975
v 1.345775 0.181871 -1.750357
v 1.356910 0.256104 -1.731071
v 1.334247 0.181871 -1.741508
v 1.349992 0.256104 -1.725763
v 1.344684 0.256104 -1.718845
v 1.325398 0.181871 -1.729980
v 1.373613 0.256104 -1.704714
v 1.369292 0.256104 -1.712138
v 1.341347 0.256104 -1.710787
v 1.340208 0.256104 -1.702142
v 1.341347 0.256104 -1.693494
v 1.344684 0.256104 -1.685440
v 1.349992 0.256104 -1.678521
v 1.356910 0.256104 -1.673213
v 1.364968 0.256104 -1.669873
v 1.373613 0.256104 -1.668737
v 1.382261 0.256104 -1.669873
v 1.390315 0.256104 -1.673213
v 1.397234 0.256104 -1.678521
v 1.402541 0.256104 -1.685440
v 1.405882 0.256104 -1.693494
v 1.407017 0.256104 -1.702142
v 1.405882 0.256104 -1.710787
v 1.402541 0.256104 -1.718845
v 1.377937 0.256104 -1.712138
v 1.369292 0.257960 -1.712138
v 1.377937 0.257960 -1.712138
v 1.369292 0.257960 -1.734975
v 1.377937 0.257960 -1.734975
v 1.373613 0.257960 -1.735547
v 1.319834 0.181871 -1.716551
v 1.401450 0.181871 -1.913859
v 1.388025 0.181871 -1.908295
v 1.412982 0.181871 -1.922704
v 1.421831 0.181871 -1.934236
v 1.373613 0.181871 -1.906398
v 1.359204 0.181871 -1.908295
v 1.345775 0.181871 -1.913859
v 1.334247 0.181871 -1.922704
v 1.325398 0.181871 -1.934236
v 1.319834 0.181871 -1.947664
v 1.318112 0.163313 -0.896249
v 1.329247 0.163313 -0.896249
v 1.417978 0.163313 -0.896249
v 1.417978 0.163313 -0.925044
v 1.417978 0.163313 -0.947314
v 1.417978 0.163313 -0.976106
v 1.329247 0.163313 -0.976106
v 1.318112 0.163313 -0.976106
v 1.312545 0.163313 -0.947314
v 1.318112 0.163313 -0.947314
v 1.312545 0.163313 -0.925044
v 1.318112 0.163313 -0.925044
v 1.329247 0.163313 -0.925044
v 1.329247 0.170736 -0.896249
v 1.329247 0.170736 -0.925044
v 1.417978 0.170736 -0.896249
v 1.417978 0.170736 -0.925044
v 1.329247 0.163313 -0.947314
v 1.417978 0.170736 -0.947314
v 1.329247 0.170736 -0.947314
v 1.329247 0.170736 -0.976106
v 1.417978 0.170736 -0.976106
v 1.543168 0.183043 -2.098421
v 1.543981 0.183513 -2.103149
v 1.536881 0.188927 -2.103149
v 1.536291 0.188587 -2.099738
v 1.558846 0.155889 -2.098421
v 1.559930 0.155889 -2.103149
v 1.540849 0.181703 -2.094412
v 1.555751 0.155889 -2.094412
v 1.537374 0.179698 -2.091732
v 1.551122 0.155889 -2.091732
v 1.533277 0.177333 -2.090790
v 1.545659 0.155889 -2.090790
v 1.529183 0.174968 -2.091732
v 1.540199 0.155889 -2.091732
v 1.525709 0.172963 -2.094412
v 1.535567 0.155889 -2.094412
v 1.523389 0.171624 -2.098421
v 1.532475 0.155889 -2.098421
v 1.522576 0.171153 -2.103149
v 1.531388 0.155889 -2.103149
v 1.523389 0.171624 -2.107882
v 1.532475 0.155889 -2.107882
v 1.525709 0.172963 -2.111890
v 1.535567 0.155889 -2.111890
v 1.529183 0.174968 -2.114570
v 1.540199 0.155889 -2.114570
v 1.533277 0.177333 -2.115509
v 1.545659 0.155889 -2.115509
v 1.537374 0.179698 -2.114570
v 1.551122 0.155889 -2.114570
v 1.540849 0.181703 -2.111890
v 1.555751 0.155889 -2.111890
v 1.543168 0.183043 -2.107882
v 1.558846 0.155889 -2.107882
v 1.536291 0.188587 -2.106560
v 1.534617 0.187621 -2.109455
v 1.532115 0.186175 -2.111386
v 1.529157 0.184469 -2.112065
v 1.526202 0.182763 -2.111386
v 1.523701 0.181317 -2.109455
v 1.522027 0.180351 -2.106560
v 1.522183 0.183612 -2.105829
v 1.523497 0.184371 -2.108104
v 1.521437 0.180011 -2.103149
v 1.521719 0.183346 -2.103149
v 1.522027 0.180351 -2.099738
v 1.523701 0.181317 -2.096847
v 1.526202 0.182763 -2.094913
v 1.529157 0.184469 -2.094234
v 1.532115 0.186175 -2.094913
v 1.534617 0.187621 -2.096847
v 1.533388 0.190083 -2.100469
v 1.532074 0.189324 -2.098198
v 1.533852 0.190350 -2.103149
v 1.533388 0.190083 -2.105829
v 1.532074 0.189324 -2.108104
v 1.530107 0.188188 -2.109622
v 1.527784 0.186848 -2.110153
v 1.525464 0.185508 -2.109622
v 1.522183 0.183612 -2.100469
v 1.523497 0.184371 -2.098198
v 1.525464 0.185508 -2.096680
v 1.527784 0.186848 -2.096145
v 1.530107 0.188188 -2.096680
v 1.704017 0.182763 -2.111386
v 1.701511 0.181317 -2.109455
v 1.701307 0.184371 -2.108104
v 1.703274 0.185508 -2.109622
v 1.703523 0.172963 -2.111890
v 1.706993 0.174968 -2.114570
v 1.699837 0.180351 -2.106560
v 1.701199 0.171624 -2.107882
v 1.699993 0.183612 -2.105829
v 1.699251 0.180011 -2.103149
v 1.699533 0.183346 -2.103149
v 1.700387 0.171153 -2.103149
v 1.710286 0.155889 -2.107882
v 1.709198 0.155889 -2.103149
v 1.713377 0.155889 -2.111890
v 1.718009 0.155889 -2.114570
v 1.711091 0.177333 -2.115509
v 1.723469 0.155889 -2.115509
v 1.715185 0.179698 -2.114570
v 1.728933 0.155889 -2.114570
v 1.718659 0.181703 -2.111890
v 1.733561 0.155889 -2.111890
v 1.720979 0.183043 -2.107882
v 1.736657 0.155889 -2.107882
v 1.721795 0.183513 -2.103149
v 1.737741 0.155889 -2.103149
v 1.720979 0.183043 -2.098421
v 1.736657 0.155889 -2.098421
v 1.718659 0.181703 -2.094412
v 1.733561 0.155889 -2.094412
v 1.715185 0.179698 -2.091732
v 1.728933 0.155889 -2.091732
v 1.711091 0.177333 -2.090790
v 1.723469 0.155889 -2.090790
v 1.706993 0.174968 -2.091732
v 1.718009 0.155889 -2.091732
v 1.703523 0.172963 -2.094412
v 1.713377 0.155889 -2.094412
v 1.701199 0.171624 -2.098421
v 1.710286 0.155889 -2.098421
v 1.699837 0.180351 -2.099738
v 1.701511 0.181317 -2.096847
v 1.704017 0.182763 -2.094913
v 1.706971 0.184469 -2.094234
v 1.709926 0.186175 -2.094913
v 1.712431 0.187621 -2.096847
v 1.714105 0.188587 -2.099738
v 1.714691 0.188927 -2.103149
v 1.714105 0.188587 -2.106560
v 1.712431 0.187621 -2.109455
v 1.709926 0.186175 -2.111386
v 1.706971 0.184469 -2.112065
v 1.705598 0.186848 -2.110153
v 1.711202 0.190083 -2.105829
v 1.709885 0.189324 -2.108104
v 1.707917 0.188188 -2.109622
v 1.699993 0.183612 -2.100469
v 1.701307 0.184371 -2.098198
v 1.703274 0.185508 -2.096680
v 1.705598 0.186848 -2.096145
v 1.707917 0.188188 -2.096680
v 1.709885 0.189324 -2.098198
v 1.711202 0.190083 -2.100469
v 1.711663 0.190350 -2.103149
v 1.362385 0.155889 -2.091732
v 1.367848 0.155889 -2.090790
v 1.373308 0.155889 -2.091732
v 1.377940 0.155889 -2.094412
v 1.381032 0.155889 -2.098421
v 1.382120 0.155889 -2.103149
v 1.381032 0.155889 -2.107882
v 1.377940 0.155889 -2.111890
v 1.373308 0.155889 -2.114570
v 1.367848 0.155889 -2.115509
v 1.362385 0.155889 -2.114570
v 1.357756 0.155889 -2.111890
v 1.354661 0.155889 -2.107882
v 1.353577 0.155889 -2.103149
v 1.354661 0.155889 -2.098421
v 1.357756 0.155889 -2.094412
v 1.351372 0.174968 -2.091732
v 1.355466 0.177333 -2.090790
v 1.347898 0.172963 -2.094412
v 1.345579 0.171624 -2.098421
v 1.344762 0.171153 -2.103149
v 1.345579 0.171624 -2.107882
v 1.347898 0.172963 -2.111890
v 1.351372 0.174968 -2.114570
v 1.355466 0.177333 -2.115509
v 1.359564 0.179698 -2.114570
v 1.363034 0.181703 -2.111890
v 1.365358 0.183043 -2.107882
v 1.366171 0.183513 -2.103149
v 1.365358 0.183043 -2.098421
v 1.363034 0.181703 -2.094412
v 1.359564 0.179698 -2.091732
v 1.354301 0.186175 -2.094913
v 1.351346 0.184469 -2.094234
v 1.356806 0.187621 -2.096847
v 1.358480 0.188587 -2.099738
v 1.359067 0.188927 -2.103149
v 1.358480 0.188587 -2.106560
v 1.356806 0.187621 -2.109455
v 1.354301 0.186175 -2.111386
v 1.351346 0.184469 -2.112065
v 1.348392 0.182763 -2.111386
v 1.345886 0.181317 -2.109455
v 1.344213 0.180351 -2.106560
v 1.344368 0.183612 -2.105829
v 1.345686 0.184371 -2.108104
v 1.343626 0.180011 -2.103149
v 1.343908 0.183346 -2.103149
v 1.344213 0.180351 -2.099738
v 1.345886 0.181317 -2.096847
v 1.348392 0.182763 -2.094913
v 1.349973 0.186848 -2.096145
v 1.347653 0.185508 -2.096680
v 1.352297 0.188188 -2.096680
v 1.354264 0.189324 -2.098198
v 1.355578 0.190083 -2.100469
v 1.356038 0.190350 -2.103149
v 1.355578 0.190083 -2.105829
v 1.354264 0.189324 -2.108104
v 1.352297 0.188188 -2.109622
v 1.349973 0.186848 -2.110153
v 1.347653 0.185508 -2.109622
v 1.344368 0.183612 -2.100469
v 1.345686 0.184371 -2.098198
v 2.110841 0.196718 -0.918553
v 2.199573 0.196718 -0.918553
v 2.199573 0.196718 -0.919696
v 2.110841 0.196718 -0.919696
v 2.110841 0.197491 -0.918553
v 2.199573 0.197491 -0.918553
v 2.199573 0.197491 -0.916270
v 2.110841 0.197491 -0.916270
v 2.199573 0.196718 -0.916270
v 2.199573 0.193006 -0.916270
v 2.199573 0.190793 -0.917413
v 2.199573 0.193006 -0.918553
v 2.110841 0.196718 -0.916270
v 2.110841 0.193006 -0.918553
v 2.110841 0.190793 -0.917413
v 2.110841 0.193006 -0.916270
v 2.110841 0.193465 -0.921979
v 2.110841 0.191572 -0.922101
v 2.110841 0.189024 -0.922476
v 2.110841 0.186515 -0.923059
v 2.110841 0.184062 -0.923842
v 2.110841 0.181681 -0.924825
v 2.110841 0.179388 -0.925998
v 2.110841 0.177199 -0.927353
v 2.110841 0.175127 -0.928882
v 2.110841 0.173188 -0.930578
v 2.110841 0.171392 -0.932423
v 2.110841 0.169754 -0.934413
v 2.110841 0.167024 -0.935671
v 2.110841 0.159601 -0.935671
v 2.110841 0.159601 -0.899152
v 2.110841 0.167024 -0.899152
v 2.110841 0.169754 -0.900414
v 2.110841 0.171392 -0.902400
v 2.110841 0.173188 -0.904248
v 2.110841 0.175127 -0.905940
v 2.110841 0.177199 -0.907470
v 2.110841 0.179388 -0.908828
v 2.110841 0.181681 -0.910001
v 2.110841 0.184062 -0.910981
v 2.110841 0.186515 -0.911768
v 2.110841 0.189024 -0.912351
v 2.110841 0.191572 -0.912725
v 2.110841 0.193465 -0.912848
v 2.110841 0.196718 -0.915131
v 2.199573 0.193465 -0.921979
v 2.199573 0.196718 -0.915131
v 2.199573 0.193465 -0.912848
v 2.199573 0.191572 -0.912725
v 2.199573 0.189024 -0.912351
v 2.199573 0.186515 -0.911768
v 2.199573 0.184062 -0.910981
v 2.199573 0.181681 -0.910001
v 2.199573 0.179388 -0.908828
v 2.199573 0.177199 -0.907470
v 2.199573 0.175127 -0.905940
v 2.199573 0.173188 -0.904248
v 2.199573 0.171392 -0.902400
v 2.199573 0.169754 -0.900414
v 2.199573 0.167024 -0.899152
v 2.199573 0.159601 -0.899152
v 2.199573 0.159601 -0.935671
v 2.199573 0.167024 -0.935671
v 2.199573 0.169754 -0.934413
v 2.199573 0.171392 -0.932423
v 2.199573 0.173188 -0.930578
v 2.199573 0.175127 -0.928882
v 2.199573 0.177199 -0.927353
v 2.199573 0.179388 -0.925998
v 2.199573 0.181681 -0.924825
v 2.199573 0.184062 -0.923842
v 2.199573 0.186515 -0.923059
v 2.199573 0.189024 -0.922476
v 2.199573 0.191572 -0.922101
v 3.280707 0.163313 -0.272343
v 3.280707 0.163313 -0.000000
v 3.280707 0.000000 -0.000000
v 1.996000 0.000000 0.000000
v 1.996000 0.163313 -0.000000
v 1.996000 -0.000000 -2.178741
v 3.280707 -0.000000 -2.178741
v 2.110841 0.163313 -2.178741
v 3.165865 0.163313 -2.178741
v 3.280707 0.163313 -2.178741
v 1.996000 0.163313 -2.178741
v 2.110841 0.254248 -2.178741
v 3.165865 0.254248 -2.178741
v 2.110841 0.163313 -1.633154
v 2.121976 0.177958 -1.721020
v 3.165865 0.163313 -1.633154
v 2.619840 0.163313 -1.541788
v 2.110841 0.163313 -1.541788
v 2.110841 0.163313 -1.460131
v 2.110841 0.163313 -1.415591
v 2.103238 0.163313 -0.420775
v 2.094842 0.163313 -0.413415
v 2.087480 0.163313 -0.405019
v 2.081276 0.163313 -0.395733
v 2.076337 0.163313 -0.385719
v 2.072747 0.163313 -0.375144
v 2.070569 0.163313 -0.364193
v 2.069839 0.163313 -0.353050
v 1.996000 0.163313 -1.633154
v 2.069839 0.163313 -0.132257
v 2.070569 0.163313 -0.121114
v 2.072747 0.163313 -0.110162
v 2.076337 0.163313 -0.099588
v 2.081276 0.163313 -0.089573
v 2.087480 0.163313 -0.080288
v 2.093989 0.163313 -0.072866
v 2.094842 0.163313 -0.071893
v 2.103238 0.163313 -0.064530
v 2.112523 0.163313 -0.058326
v 2.122538 0.163313 -0.053387
v 2.133112 0.163313 -0.049798
v 2.144064 0.163313 -0.047619
v 2.155207 0.163313 -0.046889
v 2.166349 0.163313 -0.047619
v 2.177302 0.163313 -0.049798
v 2.187876 0.163313 -0.053387
v 2.197891 0.163313 -0.058326
v 2.359349 0.163313 -0.051549
v 2.547986 0.163313 -0.051549
v 2.563122 0.163313 -0.051797
v 2.751184 0.163313 -0.051797
v 2.766320 0.163313 -0.051549
v 2.954958 0.163313 -0.051549
v 2.969804 0.163313 -0.051549
v 3.158442 0.163313 -0.051549
v 3.158442 0.163313 -0.155581
v 3.158442 0.163313 -0.168311
v 3.158442 0.163313 -0.272343
v 3.159162 0.163313 -0.426859
v 3.161452 0.163313 -0.430288
v 3.163278 0.163313 -0.433989
v 3.164607 0.163313 -0.437897
v 3.165408 0.163313 -0.441947
v 3.165679 0.163313 -0.446063
v 3.166384 0.163313 -0.634741
v 3.186424 0.163313 -0.693775
v 3.198587 0.163313 -0.754921
v 3.202662 0.163313 -0.817128
v 3.203204 0.163313 -1.235409
v 3.204525 0.163313 -1.228762
v 3.208289 0.163313 -1.223127
v 3.213923 0.163313 -1.219364
v 3.220567 0.163313 -1.218042
v 3.227215 0.163313 -1.219364
v 3.232845 0.163313 -1.223127
v 3.236609 0.163313 -1.228762
v 3.237934 0.163313 -1.235409
v 3.237934 0.163313 -1.324314
v 3.280707 0.163313 -1.633154
v 3.236609 0.163313 -1.330958
v 3.232845 0.163313 -1.336593
v 3.227215 0.163313 -1.340356
v 3.220567 0.163313 -1.341677
v 3.213923 0.163313 -1.340356
v 3.208289 0.163313 -1.336593
v 3.204525 0.163313 -1.330958
v 3.203204 0.163313 -1.324314
v 3.166384 0.163313 -0.999515
v 3.165865 0.163313 -1.500959
v 3.163968 0.163313 -1.486547
v 3.154559 0.163313 -1.415591
v 3.154559 0.163313 -1.386796
v 3.138811 0.163313 -1.055427
v 3.104177 0.163313 -1.107264
v 3.065825 0.163313 -1.386796
v 3.063071 0.163313 -1.154135
v 3.065825 0.163313 -1.415591
v 3.054690 0.163313 -1.415591
v 3.072728 0.163313 -1.541788
v 3.049122 0.163313 -1.415591
v 2.990671 0.163313 -1.415591
v 2.901940 0.163313 -1.415591
v 2.890805 0.163313 -1.415591
v 2.885238 0.163313 -1.415591
v 2.826787 0.163313 -1.415591
v 2.738056 0.163313 -1.415591
v 2.726921 0.163313 -1.415591
v 2.721353 0.163313 -1.415591
v 2.663856 0.163313 -1.289651
v 2.619840 0.163313 -1.460131
v 2.619840 0.163313 -1.415591
v 2.619840 0.163313 -1.386796
v 2.602710 0.163313 -1.277488
v 2.543677 0.163313 -1.257449
v 2.503409 0.163313 -1.386796
v 2.488985 0.163313 -1.415591
v 2.488985 0.163313 -1.386796
v 2.487764 0.163313 -1.229875
v 2.435927 0.163313 -1.195242
v 2.389057 0.163313 -1.154135
v 2.372555 0.163313 -1.386796
v 2.358128 0.163313 -1.415591
v 2.358128 0.163313 -1.386796
v 2.347952 0.163313 -1.107264
v 2.313317 0.163313 -1.055427
v 2.285743 0.163313 -0.999515
v 2.265704 0.163313 -0.940481
v 2.241697 0.163313 -1.386796
v 2.253541 0.163313 -0.879335
v 2.249464 0.163313 -0.817128
v 2.240575 0.163313 -0.132257
v 2.253541 0.163313 -0.754921
v 2.239845 0.163313 -0.121114
v 2.237666 0.163313 -0.110162
v 2.234076 0.163313 -0.099588
v 2.229137 0.163313 -0.089573
v 2.222934 0.163313 -0.080288
v 2.215571 0.163313 -0.071893
v 2.207176 0.163313 -0.064530
v 2.200397 0.163313 -0.073364
v 2.192323 0.163313 -0.067969
v 2.183614 0.163313 -0.063675
v 2.174420 0.163313 -0.060553
v 2.164896 0.163313 -0.058659
v 2.155207 0.163313 -0.058024
v 2.145517 0.163313 -0.058659
v 2.135994 0.163313 -0.060553
v 2.126799 0.163313 -0.063675
v 2.118090 0.163313 -0.067969
v 2.110016 0.163313 -0.073364
v 2.102716 0.163313 -0.079766
v 2.096313 0.163313 -0.087067
v 2.090919 0.163313 -0.095140
v 2.086624 0.163313 -0.103849
v 2.083503 0.163313 -0.113044
v 2.081609 0.163313 -0.122568
v 2.080974 0.163313 -0.132257
v 2.076337 0.163313 -0.164926
v 2.072747 0.163313 -0.154352
v 2.070569 0.163313 -0.143400
v 2.070569 0.163313 -0.341908
v 2.072747 0.163313 -0.330955
v 2.076337 0.163313 -0.320381
v 2.081276 0.163313 -0.310366
v 2.081276 0.163313 -0.174941
v 2.081609 0.163313 -0.141946
v 2.084685 0.162199 -0.132257
v 2.085289 0.162199 -0.141462
v 2.085289 0.162199 -0.123052
v 2.087088 0.162199 -0.114005
v 2.090053 0.162199 -0.105270
v 2.094133 0.162199 -0.096996
v 2.099258 0.162199 -0.089326
v 2.105340 0.162199 -0.082391
v 2.112276 0.162199 -0.076309
v 2.119946 0.162199 -0.071184
v 2.128219 0.162199 -0.067104
v 2.136954 0.162199 -0.064139
v 2.146002 0.162199 -0.062339
v 2.155207 0.162199 -0.061736
v 2.164412 0.162199 -0.062339
v 2.173459 0.162199 -0.064139
v 2.182194 0.162199 -0.067104
v 2.190468 0.162199 -0.071184
v 2.198137 0.162199 -0.076309
v 2.207697 0.163313 -0.079766
v 2.205073 0.162199 -0.082391
v 2.214100 0.163313 -0.087067
v 2.219495 0.163313 -0.095140
v 2.223789 0.163313 -0.103849
v 2.226910 0.163313 -0.113044
v 2.228805 0.163313 -0.122568
v 2.229440 0.163313 -0.132257
v 2.234076 0.163313 -0.164926
v 2.229137 0.163313 -0.174941
v 2.228805 0.163313 -0.141946
v 2.226910 0.163313 -0.151470
v 2.223789 0.163313 -0.160665
v 2.222934 0.163313 -0.184226
v 2.219495 0.163313 -0.169374
v 2.215571 0.163313 -0.192621
v 2.214100 0.163313 -0.177447
v 2.207697 0.163313 -0.184748
v 2.207176 0.163313 -0.199984
v 2.200397 0.163313 -0.191150
v 2.197891 0.163313 -0.206188
v 2.192323 0.163313 -0.196545
v 2.187876 0.163313 -0.211127
v 2.183614 0.163313 -0.200839
v 2.177302 0.163313 -0.214716
v 2.174420 0.163313 -0.203961
v 2.166349 0.163313 -0.216895
v 2.164896 0.163313 -0.205855
v 2.155207 0.163313 -0.206490
v 2.155207 0.163313 -0.217625
v 2.145517 0.163313 -0.205855
v 2.144064 0.163313 -0.216895
v 2.135994 0.163313 -0.203961
v 2.133112 0.163313 -0.214716
v 2.126799 0.163313 -0.200839
v 2.122538 0.163313 -0.211127
v 2.118090 0.163313 -0.196545
v 2.112523 0.163313 -0.206188
v 2.110016 0.163313 -0.191150
v 2.103238 0.163313 -0.199984
v 2.102716 0.163313 -0.184748
v 2.096313 0.163313 -0.177447
v 2.094842 0.163313 -0.192621
v 2.090919 0.163313 -0.169374
v 2.087480 0.163313 -0.184226
v 2.086624 0.163313 -0.160665
v 2.083503 0.163313 -0.151470
v 2.087480 0.163313 -0.301081
v 2.081609 0.163313 -0.343361
v 2.080974 0.163313 -0.353050
v 2.081609 0.163313 -0.362740
v 2.084685 0.162199 -0.353050
v 2.085289 0.162199 -0.362255
v 2.085289 0.162199 -0.343845
v 2.083503 0.163313 -0.333837
v 2.087088 0.162199 -0.334798
v 2.086624 0.163313 -0.324642
v 2.090919 0.163313 -0.315934
v 2.094842 0.163313 -0.292686
v 2.103238 0.163313 -0.285323
v 2.112523 0.163313 -0.279119
v 2.122538 0.163313 -0.274180
v 2.133112 0.163313 -0.270591
v 2.144064 0.163313 -0.268412
v 2.155207 0.163313 -0.267682
v 2.166349 0.163313 -0.268412
v 2.177302 0.163313 -0.270591
v 2.187876 0.163313 -0.274180
v 2.197891 0.163313 -0.279119
v 2.207176 0.163313 -0.285323
v 2.215571 0.163313 -0.292686
v 2.222934 0.163313 -0.301081
v 2.229137 0.163313 -0.310366
v 2.234076 0.163313 -0.320381
v 2.237666 0.163313 -0.330955
v 2.237666 0.163313 -0.154352
v 2.239845 0.163313 -0.143400
v 2.240575 0.163313 -0.353050
v 2.239845 0.163313 -0.341908
v 2.239845 0.163313 -0.364193
v 2.237666 0.163313 -0.375144
v 2.234076 0.163313 -0.385719
v 2.229440 0.163313 -0.353050
v 2.228805 0.163313 -0.343361
v 2.226910 0.163313 -0.333837
v 2.223789 0.163313 -0.324642
v 2.219495 0.163313 -0.315934
v 2.214100 0.163313 -0.307860
v 2.207697 0.163313 -0.300559
v 2.200397 0.163313 -0.294157
v 2.192323 0.163313 -0.288763
v 2.183614 0.163313 -0.284468
v 2.174420 0.163313 -0.281346
v 2.164896 0.163313 -0.279452
v 2.155207 0.163313 -0.278817
v 2.145517 0.163313 -0.279452
v 2.135994 0.163313 -0.281346
v 2.126799 0.163313 -0.284468
v 2.118090 0.163313 -0.288763
v 2.110016 0.163313 -0.294157
v 2.102716 0.163313 -0.300559
v 2.096313 0.163313 -0.307860
v 2.099258 0.162199 -0.310119
v 2.094133 0.162199 -0.317790
v 2.105340 0.162199 -0.303184
v 2.112276 0.162199 -0.297102
v 2.119946 0.162199 -0.291977
v 2.128219 0.162199 -0.287897
v 2.136954 0.162199 -0.284932
v 2.146002 0.162199 -0.283132
v 2.155207 0.162199 -0.282529
v 2.164412 0.162199 -0.283132
v 2.173459 0.162199 -0.284932
v 2.182194 0.162199 -0.287897
v 2.190468 0.162199 -0.291977
v 2.198137 0.162199 -0.297102
v 2.205073 0.162199 -0.303184
v 2.211155 0.162199 -0.310119
v 2.216280 0.162199 -0.317790
v 2.220360 0.162199 -0.326063
v 2.223325 0.162199 -0.334798
v 2.225125 0.162199 -0.343845
v 2.225728 0.162199 -0.353050
v 2.228805 0.163313 -0.362740
v 2.225125 0.162199 -0.362255
v 2.229137 0.163313 -0.395733
v 2.226910 0.163313 -0.372264
v 2.223789 0.163313 -0.381458
v 2.222934 0.163313 -0.405019
v 2.219495 0.163313 -0.390165
v 2.215571 0.163313 -0.413415
v 2.214100 0.163313 -0.398242
v 2.207697 0.163313 -0.405539
v 2.207176 0.163313 -0.420775
v 2.200397 0.163313 -0.411942
v 2.197891 0.163313 -0.426981
v 2.192323 0.163313 -0.417338
v 2.187876 0.163313 -0.431921
v 2.183614 0.163313 -0.421633
v 2.177302 0.163313 -0.435511
v 2.174420 0.163313 -0.424754
v 2.166349 0.163313 -0.437689
v 2.164896 0.163313 -0.426647
v 2.155207 0.163313 -0.427282
v 2.155207 0.163313 -0.438417
v 2.145517 0.163313 -0.426647
v 2.144064 0.163313 -0.437689
v 2.135994 0.163313 -0.424754
v 2.133112 0.163313 -0.435511
v 2.126799 0.163313 -0.421633
v 2.122538 0.163313 -0.431921
v 2.118090 0.163313 -0.417338
v 2.112523 0.163313 -0.426981
v 2.110016 0.163313 -0.411942
v 2.102716 0.163313 -0.405539
v 2.096313 0.163313 -0.398242
v 2.090919 0.163313 -0.390165
v 2.086624 0.163313 -0.381458
v 2.083503 0.163313 -0.372264
v 2.087088 0.162199 -0.371303
v 2.092648 0.174448 -0.361286
v 2.094259 0.174448 -0.369381
v 2.138875 0.174448 -0.413998
v 2.131060 0.174448 -0.411344
v 2.123658 0.174448 -0.407696
v 2.116795 0.174448 -0.403108
v 2.110590 0.174448 -0.397667
v 2.105148 0.174448 -0.391461
v 2.100562 0.174448 -0.384598
v 2.096912 0.174448 -0.377197
v 2.092109 0.174448 -0.353050
v 2.092648 0.174448 -0.344814
v 2.094259 0.174448 -0.336719
v 2.096912 0.174448 -0.328903
v 2.100562 0.174448 -0.321501
v 2.105148 0.174448 -0.314638
v 2.110590 0.174448 -0.308433
v 2.116795 0.174448 -0.302991
v 2.123658 0.174448 -0.298405
v 2.131060 0.174448 -0.294755
v 2.138875 0.174448 -0.292102
v 2.146971 0.174448 -0.290492
v 2.155207 0.174448 -0.289952
v 2.163443 0.174448 -0.290492
v 2.171538 0.174448 -0.292102
v 2.179353 0.174448 -0.294755
v 2.186756 0.174448 -0.298405
v 2.193618 0.174448 -0.302991
v 2.199824 0.174448 -0.308433
v 2.205266 0.174448 -0.314638
v 2.209851 0.174448 -0.321501
v 2.213501 0.174448 -0.328903
v 2.216155 0.174448 -0.336719
v 2.217765 0.174448 -0.344814
v 2.218305 0.174448 -0.353050
v 2.217765 0.174448 -0.361286
v 2.216155 0.174448 -0.369381
v 2.213501 0.174448 -0.377197
v 2.209851 0.174448 -0.384598
v 2.205266 0.174448 -0.391461
v 2.199824 0.174448 -0.397667
v 2.193618 0.174448 -0.403108
v 2.186756 0.174448 -0.407696
v 2.179353 0.174448 -0.411344
v 2.171538 0.174448 -0.413998
v 2.163443 0.174448 -0.415609
v 2.155207 0.174448 -0.416147
v 2.146971 0.174448 -0.415609
v 2.128219 0.162199 -0.418203
v 2.136954 0.162199 -0.421169
v 2.119946 0.162199 -0.414124
v 2.112276 0.162199 -0.408998
v 2.105340 0.162199 -0.402915
v 2.099258 0.162199 -0.395981
v 2.094133 0.162199 -0.388310
v 2.090053 0.162199 -0.380036
v 2.146002 0.162199 -0.422969
v 2.155207 0.162199 -0.423570
v 2.164412 0.162199 -0.422969
v 2.173459 0.162199 -0.421169
v 2.182194 0.162199 -0.418203
v 2.190468 0.162199 -0.414124
v 2.198137 0.162199 -0.408998
v 2.205073 0.162199 -0.402915
v 2.211155 0.162199 -0.395981
v 2.216280 0.162199 -0.388310
v 2.220360 0.162199 -0.380036
v 2.223325 0.162199 -0.371303
v 2.090053 0.162199 -0.326063
v 2.110841 0.163313 -0.482957
v 2.110841 0.163313 -1.386796
v 2.110841 0.163313 -1.351866
v 2.110841 0.159601 -1.351866
v 2.110841 0.159601 -0.482957
v 2.199573 0.163313 -1.351866
v 2.199573 0.159601 -1.351866
v 2.227272 0.163313 -1.386796
v 2.199573 0.163313 -0.482957
v 2.199573 0.159601 -0.482957
v 2.160752 0.159601 -1.324712
v 2.149661 0.159601 -1.324712
v 2.149661 0.159601 -0.510111
v 2.160752 0.159601 -0.510111
v 2.160752 0.155889 -0.510111
v 2.160752 0.155889 -1.324712
v 2.149661 0.155889 -0.510111
v 2.149661 0.155889 -1.324712
v 2.227272 0.163313 -1.415591
v 2.241697 0.163313 -1.415591
v 2.110841 0.170736 -1.415591
v 2.227272 0.170736 -1.415591
v 2.227272 0.170736 -1.386796
v 2.110841 0.170736 -1.386796
v 2.564165 0.155889 -1.460131
v 2.166516 0.155889 -1.460131
v 2.564165 0.155889 -1.541788
v 2.166516 0.155889 -1.541788
v 2.241697 0.170736 -1.415591
v 2.358128 0.170736 -1.415591
v 2.358128 0.170736 -1.386796
v 2.241697 0.170736 -1.386796
v 2.372555 0.163313 -1.415591
v 2.372555 0.170736 -1.386796
v 2.372555 0.170736 -1.415591
v 2.488985 0.170736 -1.386796
v 2.488985 0.170736 -1.415591
v 2.503409 0.163313 -1.415591
v 2.503409 0.170736 -1.386796
v 2.503409 0.170736 -1.415591
v 2.619840 0.170736 -1.386796
v 2.619840 0.170736 -1.415591
v 2.087088 0.162199 -0.150509
v 2.092648 0.174448 -0.140493
v 2.094259 0.174448 -0.148588
v 2.138875 0.174448 -0.193205
v 2.131060 0.174448 -0.190552
v 2.123658 0.174448 -0.186901
v 2.116795 0.174448 -0.182316
v 2.110590 0.174448 -0.176874
v 2.105148 0.174448 -0.170669
v 2.100562 0.174448 -0.163806
v 2.096912 0.174448 -0.156404
v 2.092109 0.174448 -0.132257
v 2.092648 0.174448 -0.124021
v 2.094259 0.174448 -0.115926
v 2.096912 0.174448 -0.108110
v 2.100562 0.174448 -0.100708
v 2.105148 0.174448 -0.093845
v 2.110590 0.174448 -0.087640
v 2.116795 0.174448 -0.082198
v 2.123658 0.174448 -0.077613
v 2.131060 0.174448 -0.073962
v 2.138875 0.174448 -0.071309
v 2.146971 0.174448 -0.069699
v 2.155207 0.174448 -0.069159
v 2.163443 0.174448 -0.069699
v 2.171538 0.174448 -0.071309
v 2.179353 0.174448 -0.073962
v 2.186756 0.174448 -0.077613
v 2.193618 0.174448 -0.082198
v 2.199824 0.174448 -0.087640
v 2.205266 0.174448 -0.093845
v 2.209851 0.174448 -0.100708
v 2.213501 0.174448 -0.108110
v 2.216155 0.174448 -0.115926
v 2.217765 0.174448 -0.124021
v 2.218305 0.174448 -0.132257
v 2.217765 0.174448 -0.140493
v 2.216155 0.174448 -0.148588
v 2.213501 0.174448 -0.156404
v 2.209851 0.174448 -0.163806
v 2.205266 0.174448 -0.170669
v 2.199824 0.174448 -0.176874
v 2.193618 0.174448 -0.182316
v 2.186756 0.174448 -0.186901
v 2.179353 0.174448 -0.190552
v 2.171538 0.174448 -0.193205
v 2.163443 0.174448 -0.194815
v 2.155207 0.174448 -0.195355
v 2.146971 0.174448 -0.194815
v 2.128219 0.162199 -0.197410
v 2.136954 0.162199 -0.200376
v 2.119946 0.162199 -0.193330
v 2.112276 0.162199 -0.188205
v 2.105340 0.162199 -0.182123
v 2.099258 0.162199 -0.175188
v 2.094133 0.162199 -0.167518
v 2.090053 0.162199 -0.159244
v 2.146002 0.162199 -0.202175
v 2.155207 0.162199 -0.202778
v 2.164412 0.162199 -0.202175
v 2.173459 0.162199 -0.200376
v 2.182194 0.162199 -0.197410
v 2.190468 0.162199 -0.193330
v 2.198137 0.162199 -0.188205
v 2.205073 0.162199 -0.182123
v 2.211155 0.162199 -0.175188
v 2.216280 0.162199 -0.167518
v 2.220360 0.162199 -0.159244
v 2.223325 0.162199 -0.150509
v 2.225125 0.162199 -0.141462
v 2.225728 0.162199 -0.132257
v 2.225125 0.162199 -0.123052
v 2.223325 0.162199 -0.114005
v 2.220360 0.162199 -0.105270
v 2.216280 0.162199 -0.096996
v 2.211155 0.162199 -0.089326
v 2.265704 0.163313 -0.693775
v 2.285743 0.163313 -0.634741
v 2.313317 0.163313 -0.578829
v 2.347952 0.163313 -0.526992
v 2.359349 0.163313 -0.272343
v 2.389057 0.163313 -0.480121
v 2.547986 0.163313 -0.272343
v 2.359349 0.170736 -0.272343
v 2.547986 0.170736 -0.272343
v 2.547986 0.163313 -0.168311
v 2.359349 0.163313 -0.168311
v 2.547986 0.170736 -0.168311
v 2.547986 0.163313 -0.155581
v 2.547986 0.170736 -0.155581
v 2.547986 0.170736 -0.051549
v 2.359349 0.163313 -0.155581
v 2.359349 0.170736 -0.051549
v 2.359349 0.170736 -0.155581
v 2.359349 0.170736 -0.168311
v 2.562832 0.163313 -0.168311
v 2.563122 0.163313 -0.155333
v 2.751474 0.163313 -0.168311
v 2.751184 0.163313 -0.155333
v 2.563122 0.170736 -0.155333
v 2.751184 0.170736 -0.155333
v 2.563122 0.170736 -0.051797
v 2.751184 0.170736 -0.051797
v 2.751474 0.163313 -0.272343
v 2.766320 0.163313 -0.272343
v 2.788271 0.163313 -0.344606
v 2.726064 0.163313 -0.340529
v 2.663856 0.163313 -0.344606
v 2.602710 0.163313 -0.356769
v 2.562832 0.163313 -0.272343
v 2.543677 0.163313 -0.376807
v 2.487764 0.163313 -0.404381
v 2.435927 0.163313 -0.439018
v 2.428148 0.163313 -0.445840
v 2.448143 0.159601 -0.454937
v 2.403246 0.159601 -0.494311
v 2.497797 0.159601 -0.421759
v 2.551356 0.159601 -0.395347
v 2.607903 0.159601 -0.376150
v 2.666473 0.159601 -0.364501
v 2.726064 0.159601 -0.360595
v 2.785654 0.159601 -0.364501
v 2.849417 0.163313 -0.356769
v 2.844224 0.159601 -0.376150
v 2.954958 0.163313 -0.272343
v 2.766320 0.170736 -0.272343
v 2.954958 0.170736 -0.272343
v 2.766320 0.163313 -0.168311
v 2.954958 0.163313 -0.168311
v 2.766320 0.170736 -0.168311
v 2.766320 0.163313 -0.155581
v 2.766320 0.170736 -0.051549
v 2.766320 0.170736 -0.155581
v 2.954958 0.163313 -0.155581
v 2.954958 0.170736 -0.155581
v 2.954958 0.170736 -0.051549
v 2.964363 0.163313 -0.404381
v 2.969804 0.163313 -0.272343
v 3.016200 0.163313 -0.439018
v 3.016619 0.163313 -0.359566
v 3.016887 0.163313 -0.355448
v 3.017692 0.163313 -0.351401
v 3.019021 0.163313 -0.347493
v 3.020843 0.163313 -0.343792
v 3.023137 0.163313 -0.340361
v 3.025858 0.163313 -0.337258
v 3.028960 0.163313 -0.334537
v 3.032394 0.163313 -0.332244
v 3.036094 0.163313 -0.330419
v 2.969804 0.170736 -0.272343
v 3.158442 0.170736 -0.272343
v 2.969804 0.163313 -0.168311
v 3.158442 0.170736 -0.168311
v 2.969804 0.170736 -0.168311
v 2.969804 0.163313 -0.155581
v 2.969804 0.170736 -0.051549
v 2.969804 0.170736 -0.155581
v 3.158442 0.170736 -0.155581
v 3.158442 0.170736 -0.051549
v 3.040003 0.163313 -0.329092
v 3.044049 0.163313 -0.328287
v 3.048168 0.163313 -0.328017
v 3.052284 0.163313 -0.328287
v 3.056334 0.163313 -0.329092
v 3.060243 0.163313 -0.330419
v 3.063943 0.163313 -0.332244
v 3.067373 0.163313 -0.334537
v 3.070475 0.163313 -0.337258
v 3.073196 0.163313 -0.340361
v 3.075490 0.163313 -0.343792
v 3.077316 0.163313 -0.347493
v 3.078641 0.163313 -0.351401
v 3.079447 0.163313 -0.355448
v 3.079717 0.163313 -0.359566
v 3.103657 0.163313 -0.437897
v 3.104983 0.163313 -0.433989
v 3.106809 0.163313 -0.430288
v 3.109102 0.163313 -0.426859
v 3.111823 0.163313 -0.423756
v 3.114926 0.163313 -0.421035
v 3.118356 0.163313 -0.418741
v 3.122056 0.163313 -0.416915
v 3.125965 0.163313 -0.415590
v 3.130014 0.163313 -0.414785
v 3.134130 0.163313 -0.414514
v 3.138250 0.163313 -0.414785
v 3.142296 0.163313 -0.415590
v 3.146204 0.163313 -0.416915
v 3.149905 0.163313 -0.418741
v 3.153338 0.163313 -0.421035
v 3.156441 0.163313 -0.423756
v 3.155346 0.170736 -0.429784
v 3.153041 0.170736 -0.427152
v 3.138250 0.163313 -0.477341
v 3.134130 0.163313 -0.477612
v 3.130014 0.163313 -0.477341
v 3.125965 0.163313 -0.476536
v 3.122056 0.163313 -0.475210
v 3.118356 0.163313 -0.473384
v 3.114926 0.163313 -0.471094
v 3.111823 0.163313 -0.468370
v 3.109102 0.163313 -0.465271
v 3.106809 0.163313 -0.461837
v 3.104983 0.163313 -0.458137
v 3.103657 0.163313 -0.454228
v 3.102852 0.163313 -0.450183
v 3.102581 0.163313 -0.446063
v 3.102852 0.163313 -0.441947
v 3.165408 0.163313 -0.450183
v 3.164607 0.163313 -0.454228
v 3.163278 0.163313 -0.458137
v 3.161452 0.163313 -0.461837
v 3.159162 0.163313 -0.465271
v 3.156441 0.163313 -0.468370
v 3.153338 0.163313 -0.471094
v 3.149905 0.163313 -0.473384
v 3.146204 0.163313 -0.475210
v 3.142296 0.163313 -0.476536
v 3.134130 0.170736 -0.472805
v 3.137623 0.170736 -0.472575
v 3.138811 0.163313 -0.578829
v 3.104177 0.163313 -0.526992
v 3.079447 0.163313 -0.363685
v 3.078641 0.163313 -0.367732
v 3.077316 0.163313 -0.371640
v 3.075490 0.163313 -0.375341
v 3.073196 0.163313 -0.378771
v 3.070475 0.163313 -0.381874
v 3.067373 0.163313 -0.384598
v 3.063943 0.163313 -0.386888
v 3.063071 0.163313 -0.480121
v 3.060243 0.163313 -0.388714
v 3.056334 0.163313 -0.390039
v 3.052284 0.163313 -0.390845
v 3.048168 0.163313 -0.391116
v 3.044049 0.163313 -0.390845
v 3.040003 0.163313 -0.390039
v 3.036094 0.163313 -0.388714
v 3.032394 0.163313 -0.386888
v 3.028960 0.163313 -0.384598
v 3.025858 0.163313 -0.381874
v 3.023983 0.163313 -0.445840
v 3.023137 0.163313 -0.378771
v 3.020843 0.163313 -0.375341
v 3.019021 0.163313 -0.371640
v 3.017692 0.163313 -0.367732
v 3.016887 0.163313 -0.363685
v 3.021426 0.170736 -0.359566
v 3.021652 0.170736 -0.363057
v 3.048168 0.170736 -0.386309
v 3.051657 0.170736 -0.386079
v 3.044676 0.170736 -0.386079
v 3.041246 0.170736 -0.385396
v 3.037935 0.170736 -0.384271
v 3.034795 0.170736 -0.382727
v 3.031889 0.170736 -0.380782
v 3.029258 0.170736 -0.378477
v 3.026953 0.170736 -0.375846
v 3.025008 0.170736 -0.372936
v 3.023460 0.170736 -0.369800
v 3.022335 0.170736 -0.366488
v 3.021652 0.170736 -0.356076
v 3.022335 0.170736 -0.352645
v 3.023460 0.170736 -0.349333
v 3.025008 0.170736 -0.346195
v 3.026953 0.170736 -0.343287
v 3.029258 0.170736 -0.340657
v 3.031889 0.170736 -0.338350
v 3.034795 0.170736 -0.336407
v 3.037935 0.170736 -0.334860
v 3.041246 0.170736 -0.333736
v 3.044676 0.170736 -0.333053
v 3.048168 0.170736 -0.332824
v 3.051657 0.170736 -0.333053
v 3.055087 0.170736 -0.333736
v 3.058401 0.170736 -0.334860
v 3.061538 0.170736 -0.336407
v 3.064448 0.170736 -0.338350
v 3.067075 0.170736 -0.340657
v 3.069384 0.170736 -0.343287
v 3.071325 0.170736 -0.346195
v 3.072873 0.170736 -0.349333
v 3.073998 0.170736 -0.352645
v 3.074681 0.170736 -0.356076
v 3.074911 0.170736 -0.359566
v 3.074681 0.170736 -0.363057
v 3.073998 0.170736 -0.366488
v 3.072873 0.170736 -0.369800
v 3.071325 0.170736 -0.372936
v 3.069384 0.170736 -0.375846
v 3.067075 0.170736 -0.378477
v 3.064448 0.170736 -0.380782
v 3.061538 0.170736 -0.382727
v 3.058401 0.170736 -0.384271
v 3.055087 0.170736 -0.385396
v 3.003985 0.159601 -0.454937
v 3.048881 0.159601 -0.494311
v 2.954330 0.159601 -0.421759
v 2.900771 0.159601 -0.395347
v 2.908451 0.163313 -0.376807
v 2.899431 0.163313 -0.398583
v 2.843315 0.163313 -0.379535
v 2.952578 0.163313 -0.424795
v 3.001851 0.163313 -0.457717
v 3.046405 0.163313 -0.496790
v 3.088258 0.159601 -0.539207
v 3.085474 0.163313 -0.541341
v 3.121433 0.159601 -0.588861
v 3.118400 0.163313 -0.590613
v 3.147845 0.159601 -0.642420
v 3.144608 0.163313 -0.643760
v 3.167041 0.159601 -0.698968
v 3.163656 0.163313 -0.699877
v 3.178692 0.159601 -0.757537
v 3.175218 0.163313 -0.757998
v 3.182597 0.159601 -0.817128
v 3.179093 0.163313 -0.817128
v 3.178692 0.159601 -0.876719
v 3.175218 0.163313 -0.876262
v 3.167041 0.159601 -0.935289
v 3.163656 0.163313 -0.934379
v 3.147845 0.159601 -0.991836
v 3.144608 0.163313 -0.990496
v 3.121433 0.159601 -1.045395
v 3.118400 0.163313 -1.043643
v 3.088258 0.159601 -1.095049
v 3.085474 0.163313 -1.092915
v 3.048881 0.159601 -1.139945
v 3.046405 0.163313 -1.137470
v 3.003985 0.159601 -1.179322
v 3.001851 0.163313 -1.176539
v 2.954330 0.159601 -1.212497
v 2.952578 0.163313 -1.209465
v 2.900771 0.159601 -1.238909
v 2.899431 0.163313 -1.235673
v 2.844224 0.159601 -1.258106
v 2.843315 0.163313 -1.254721
v 2.785654 0.159601 -1.269757
v 2.785198 0.163313 -1.266283
v 2.726064 0.159601 -1.273661
v 2.726064 0.163313 -1.270158
v 2.666473 0.159601 -1.269757
v 2.666933 0.163313 -1.266283
v 2.607903 0.159601 -1.258106
v 2.608812 0.163313 -1.254721
v 2.551356 0.159601 -1.238909
v 2.552696 0.163313 -1.235673
v 2.497797 0.159601 -1.212497
v 2.499549 0.163313 -1.209465
v 2.448143 0.159601 -1.179322
v 2.450277 0.163313 -1.176539
v 2.403246 0.159601 -1.139945
v 2.405725 0.163313 -1.137470
v 2.363872 0.159601 -1.095049
v 2.366652 0.163313 -1.092915
v 2.330694 0.159601 -1.045395
v 2.333729 0.163313 -1.043643
v 2.304282 0.159601 -0.991836
v 2.307520 0.163313 -0.990496
v 2.285086 0.159601 -0.935289
v 2.288471 0.163313 -0.934379
v 2.273436 0.159601 -0.876719
v 2.276911 0.163313 -0.876262
v 2.269531 0.159601 -0.817128
v 2.273035 0.163313 -0.817128
v 2.273436 0.159601 -0.757537
v 2.276911 0.163313 -0.757998
v 2.285086 0.159601 -0.698968
v 2.288471 0.163313 -0.699877
v 2.304282 0.159601 -0.642420
v 2.307520 0.163313 -0.643760
v 2.330694 0.159601 -0.588861
v 2.333729 0.163313 -0.590613
v 2.363872 0.159601 -0.539207
v 2.366652 0.163313 -0.541341
v 2.405725 0.163313 -0.496790
v 2.450277 0.163313 -0.457717
v 2.499549 0.163313 -0.424795
v 2.552696 0.163313 -0.398583
v 2.608812 0.163313 -0.379535
v 2.666933 0.163313 -0.367975
v 2.726064 0.163313 -0.364099
v 2.785198 0.163313 -0.367975
v 2.381377 0.221586 -1.016132
v 2.358351 0.221586 -0.969439
v 2.410302 0.221586 -1.059421
v 2.444628 0.221586 -1.098564
v 2.483771 0.221586 -1.132890
v 2.527060 0.221586 -1.161814
v 2.573752 0.221586 -1.184842
v 2.623050 0.221586 -1.201577
v 2.674112 0.221586 -1.211733
v 2.726064 0.221586 -1.215140
v 2.778016 0.221586 -1.211733
v 2.829077 0.221586 -1.201577
v 2.878375 0.221586 -1.184842
v 2.925068 0.221586 -1.161814
v 2.968357 0.221586 -1.132890
v 3.007500 0.221586 -1.098564
v 3.041825 0.221586 -1.059421
v 3.070750 0.221586 -1.016132
v 3.093777 0.221586 -0.969439
v 3.110513 0.221586 -0.920141
v 3.120668 0.221586 -0.869080
v 3.124076 0.221586 -0.817128
v 3.120668 0.221586 -0.765176
v 3.110513 0.221586 -0.714115
v 3.093777 0.221586 -0.664817
v 3.070750 0.221586 -0.618124
v 3.041825 0.221586 -0.574835
v 3.007500 0.221586 -0.535692
v 2.968357 0.221586 -0.501366
v 2.925068 0.221586 -0.472442
v 2.878375 0.221586 -0.449415
v 2.829077 0.221586 -0.432679
v 2.778016 0.221586 -0.422524
v 2.726064 0.221586 -0.419120
v 2.674112 0.221586 -0.422524
v 2.623050 0.221586 -0.432679
v 2.573752 0.221586 -0.449415
v 2.527060 0.221586 -0.472442
v 2.483771 0.221586 -0.501366
v 2.444628 0.221586 -0.535692
v 2.410302 0.221586 -0.574835
v 2.381377 0.221586 -0.618124
v 2.358351 0.221586 -0.664817
v 2.341616 0.221586 -0.714115
v 2.331459 0.221586 -0.765176
v 2.328054 0.221586 -0.817128
v 2.331459 0.221586 -0.869080
v 2.341616 0.221586 -0.920141
v 2.357128 0.233983 -0.915984
v 2.373189 0.233983 -0.963293
v 2.347381 0.233983 -0.866983
v 2.344113 0.233983 -0.817128
v 2.347381 0.233983 -0.767273
v 2.357128 0.233983 -0.718272
v 2.373189 0.233983 -0.670963
v 2.395285 0.233983 -0.626152
v 2.423041 0.233983 -0.584611
v 2.455985 0.233983 -0.547050
v 2.493547 0.233983 -0.514105
v 2.535088 0.233983 -0.486349
v 2.579899 0.233983 -0.464254
v 2.627207 0.233983 -0.448193
v 2.676209 0.233983 -0.438447
v 2.726064 0.233983 -0.435177
v 2.775919 0.233983 -0.438447
v 2.824920 0.233983 -0.448193
v 2.872229 0.233983 -0.464254
v 2.917039 0.233983 -0.486349
v 2.958580 0.233983 -0.514105
v 2.996142 0.233983 -0.547050
v 3.029087 0.233983 -0.584611
v 3.056843 0.233983 -0.626152
v 3.078942 0.233983 -0.670963
v 3.094998 0.233983 -0.718272
v 3.104745 0.233983 -0.767273
v 3.108015 0.233983 -0.817128
v 3.104745 0.233983 -0.866983
v 3.094998 0.233983 -0.915984
v 3.078942 0.233983 -0.963293
v 3.056843 0.233983 -1.008104
v 3.029087 0.233983 -1.049645
v 2.996142 0.233983 -1.087206
v 2.958580 0.233983 -1.120151
v 2.917039 0.233983 -1.147907
v 2.872229 0.233983 -1.170006
v 2.824920 0.233983 -1.186063
v 2.775919 0.233983 -1.195809
v 2.726064 0.233983 -1.199080
v 2.676209 0.233983 -1.195809
v 2.627207 0.233983 -1.186063
v 2.579899 0.233983 -1.170006
v 2.535088 0.233983 -1.147907
v 2.493547 0.233983 -1.120151
v 2.455985 0.233983 -1.087206
v 2.423041 0.233983 -1.049645
v 2.395285 0.233983 -1.008104
v 2.384280 0.233983 -0.958698
v 2.368728 0.233983 -0.912878
v 2.359286 0.233983 -0.865417
v 2.356121 0.233983 -0.817128
v 2.359286 0.233983 -0.768839
v 2.368728 0.233983 -0.721378
v 2.384280 0.233983 -0.675558
v 2.405685 0.233983 -0.632158
v 2.432568 0.233983 -0.591920
v 2.464474 0.233983 -0.555538
v 2.500855 0.233983 -0.523633
v 2.541093 0.233983 -0.496749
v 2.584494 0.233983 -0.475344
v 2.630314 0.233983 -0.459792
v 2.677775 0.233983 -0.450350
v 2.726064 0.233983 -0.447188
v 2.774352 0.233983 -0.450350
v 2.821813 0.233983 -0.459792
v 2.867633 0.233983 -0.475344
v 2.911034 0.233983 -0.496749
v 2.951272 0.233983 -0.523633
v 2.987654 0.233983 -0.555538
v 3.019559 0.233983 -0.591920
v 3.046443 0.233983 -0.632158
v 3.067847 0.233983 -0.675558
v 3.083399 0.233983 -0.721378
v 3.092842 0.233983 -0.768839
v 3.096008 0.233983 -0.817128
v 3.092842 0.233983 -0.865417
v 3.083399 0.233983 -0.912878
v 3.067847 0.233983 -0.958698
v 3.046443 0.233983 -1.002098
v 3.019559 0.233983 -1.042336
v 2.987654 0.233983 -1.078718
v 2.951272 0.233983 -1.110623
v 2.911034 0.233983 -1.137507
v 2.867633 0.233983 -1.158912
v 2.821813 0.233983 -1.174464
v 2.774352 0.233983 -1.183906
v 2.726064 0.233983 -1.187072
v 2.677775 0.233983 -1.183906
v 2.630314 0.233983 -1.174464
v 2.584494 0.233983 -1.158912
v 2.541093 0.233983 -1.137507
v 2.500855 0.233983 -1.110623
v 2.464474 0.233983 -1.078718
v 2.432568 0.233983 -1.042336
v 2.405685 0.233983 -1.002098
v 2.541702 0.233983 -0.817128
v 2.543280 0.233983 -0.793065
v 2.547986 0.233983 -0.769411
v 2.555736 0.233983 -0.746577
v 2.566403 0.233983 -0.724949
v 2.579802 0.233983 -0.704899
v 2.595703 0.233983 -0.686767
v 2.613834 0.233983 -0.670867
v 2.633885 0.233983 -0.657468
v 2.655513 0.233983 -0.646800
v 2.678347 0.233983 -0.639050
v 2.702001 0.233983 -0.634344
v 2.726064 0.233983 -0.632770
v 2.750126 0.233983 -0.634344
v 2.773781 0.233983 -0.639050
v 2.796615 0.233983 -0.646800
v 2.818242 0.233983 -0.657468
v 2.838297 0.233983 -0.670867
v 2.856424 0.233983 -0.686767
v 2.872325 0.233983 -0.704899
v 2.885724 0.233983 -0.724949
v 2.896391 0.233983 -0.746577
v 2.904141 0.233983 -0.769411
v 2.908848 0.233983 -0.793065
v 2.910425 0.233983 -0.817128
v 2.908848 0.233983 -0.841191
v 2.904141 0.233983 -0.864845
v 2.896391 0.233983 -0.887679
v 2.885724 0.233983 -0.909307
v 2.872325 0.233983 -0.929361
v 2.856424 0.233983 -0.947489
v 2.838297 0.233983 -0.963390
v 2.818242 0.233983 -0.976789
v 2.796615 0.233983 -0.987456
v 2.773781 0.233983 -0.995206
v 2.750126 0.233983 -0.999912
v 2.726064 0.233983 -1.001490
v 2.702001 0.233983 -0.999912
v 2.678347 0.233983 -0.995206
v 2.655513 0.233983 -0.987456
v 2.633885 0.233983 -0.976789
v 2.613834 0.233983 -0.963390
v 2.595703 0.233983 -0.947489
v 2.579802 0.233983 -0.929361
v 2.566403 0.233983 -0.909307
v 2.555736 0.233983 -0.887679
v 2.547986 0.233983 -0.864845
v 2.543280 0.233983 -0.841191
v 2.545414 0.233983 -0.817128
v 2.546961 0.233983 -0.793548
v 2.551571 0.233983 -0.770372
v 2.559165 0.233983 -0.747998
v 2.569617 0.233983 -0.726805
v 2.582745 0.233983 -0.707155
v 2.598327 0.233983 -0.689391
v 2.616091 0.233983 -0.673810
v 2.635741 0.233983 -0.660682
v 2.656934 0.233983 -0.650230
v 2.679308 0.233983 -0.642636
v 2.702483 0.233983 -0.638026
v 2.726064 0.233983 -0.636482
v 2.749644 0.233983 -0.638026
v 2.772819 0.233983 -0.642636
v 2.795193 0.233983 -0.650230
v 2.816387 0.233983 -0.660682
v 2.836036 0.233983 -0.673810
v 2.853800 0.233983 -0.689391
v 2.869382 0.233983 -0.707155
v 2.882510 0.233983 -0.726805
v 2.892962 0.233983 -0.747998
v 2.900556 0.233983 -0.770372
v 2.905166 0.233983 -0.793548
v 2.906714 0.233983 -0.817128
v 2.905166 0.233983 -0.840708
v 2.900556 0.233983 -0.863884
v 2.892962 0.233983 -0.886258
v 2.882510 0.233983 -0.907451
v 2.869382 0.233983 -0.927101
v 2.853800 0.233983 -0.944865
v 2.836036 0.233983 -0.960446
v 2.816387 0.233983 -0.973574
v 2.795193 0.233983 -0.984026
v 2.772819 0.233983 -0.991620
v 2.749644 0.233983 -0.996230
v 2.726064 0.233983 -0.997778
v 2.702483 0.233983 -0.996230
v 2.679308 0.233983 -0.991620
v 2.656934 0.233983 -0.984026
v 2.635741 0.233983 -0.973574
v 2.616091 0.233983 -0.960446
v 2.598327 0.233983 -0.944865
v 2.582745 0.233983 -0.927101
v 2.569617 0.233983 -0.907451
v 2.559165 0.233983 -0.886258
v 2.551571 0.233983 -0.863884
v 2.546961 0.233983 -0.840708
v 2.556968 0.226559 -0.817128
v 2.558416 0.226559 -0.839201
v 2.558416 0.226559 -0.795058
v 2.562732 0.226559 -0.773364
v 2.569840 0.226559 -0.752419
v 2.579624 0.226559 -0.732580
v 2.591913 0.226559 -0.714189
v 2.606497 0.226559 -0.697561
v 2.623125 0.226559 -0.682978
v 2.641516 0.226559 -0.670688
v 2.661355 0.226559 -0.660905
v 2.682299 0.226559 -0.653797
v 2.703994 0.226559 -0.649480
v 2.726064 0.226559 -0.648032
v 2.748137 0.226559 -0.649480
v 2.769828 0.226559 -0.653797
v 2.790772 0.226559 -0.660905
v 2.810611 0.226559 -0.670688
v 2.829003 0.226559 -0.682978
v 2.845631 0.226559 -0.697561
v 2.860214 0.226559 -0.714189
v 2.872503 0.226559 -0.732580
v 2.882287 0.226559 -0.752419
v 2.889395 0.226559 -0.773364
v 2.893712 0.226559 -0.795058
v 2.895159 0.226559 -0.817128
v 2.893712 0.226559 -0.839201
v 2.889395 0.226559 -0.860892
v 2.882287 0.226559 -0.881837
v 2.872503 0.226559 -0.901676
v 2.860214 0.226559 -0.920067
v 2.845631 0.226559 -0.936695
v 2.829003 0.226559 -0.951282
v 2.810611 0.226559 -0.963568
v 2.790772 0.226559 -0.973352
v 2.769828 0.226559 -0.980463
v 2.748137 0.226559 -0.984776
v 2.726064 0.226559 -0.986224
v 2.703994 0.226559 -0.984776
v 2.682299 0.226559 -0.980463
v 2.661355 0.226559 -0.973352
v 2.641516 0.226559 -0.963568
v 2.623125 0.226559 -0.951282
v 2.606497 0.226559 -0.936695
v 2.591913 0.226559 -0.920067
v 2.579624 0.226559 -0.901676
v 2.569840 0.226559 -0.881837
v 2.562732 0.226559 -0.860892
v 2.726064 0.163313 -1.293727
v 2.788271 0.163313 -1.289651
v 2.849417 0.163313 -1.277488
v 2.908451 0.163313 -1.257449
v 2.964363 0.163313 -1.229875
v 3.016200 0.163313 -1.195242
v 3.186424 0.163313 -0.940481
v 3.198587 0.163313 -0.879335
v 3.141052 0.170736 -0.471892
v 3.108301 0.170736 -0.452985
v 3.107618 0.170736 -0.449552
v 3.107388 0.170736 -0.446063
v 3.107618 0.170736 -0.442574
v 3.108301 0.170736 -0.439141
v 3.109426 0.170736 -0.435830
v 3.110970 0.170736 -0.432693
v 3.112914 0.170736 -0.429784
v 3.115219 0.170736 -0.427152
v 3.117851 0.170736 -0.424847
v 3.120761 0.170736 -0.422902
v 3.123897 0.170736 -0.421358
v 3.127208 0.170736 -0.420233
v 3.130641 0.170736 -0.419551
v 3.134130 0.170736 -0.419320
v 3.137623 0.170736 -0.419551
v 3.141052 0.170736 -0.420233
v 3.144363 0.170736 -0.421358
v 3.147503 0.170736 -0.422902
v 3.150410 0.170736 -0.424847
v 3.157291 0.170736 -0.432693
v 3.158839 0.170736 -0.435830
v 3.159963 0.170736 -0.439141
v 3.160642 0.170736 -0.442574
v 3.160873 0.170736 -0.446063
v 3.160642 0.170736 -0.449552
v 3.159963 0.170736 -0.452985
v 3.158839 0.170736 -0.456296
v 3.157291 0.170736 -0.459432
v 3.155346 0.170736 -0.462342
v 3.153041 0.170736 -0.464974
v 3.150410 0.170736 -0.467279
v 3.147503 0.170736 -0.469224
v 3.144363 0.170736 -0.470771
v 3.130641 0.170736 -0.472575
v 3.127208 0.170736 -0.471892
v 3.123897 0.170736 -0.470771
v 3.120761 0.170736 -0.469224
v 3.117851 0.170736 -0.467279
v 3.115219 0.170736 -0.464974
v 3.112914 0.170736 -0.462342
v 3.110970 0.170736 -0.459432
v 3.109426 0.170736 -0.456296
v 3.203204 0.152178 -1.235409
v 3.203204 0.152178 -1.324314
v 3.204525 0.152178 -1.228762
v 3.208289 0.152178 -1.223127
v 3.213923 0.152178 -1.219364
v 3.220567 0.152178 -1.218042
v 3.227215 0.152178 -1.219364
v 3.232845 0.152178 -1.223127
v 3.236609 0.152178 -1.228762
v 3.237934 0.152178 -1.235409
v 3.237934 0.152178 -1.324314
v 3.236609 0.152178 -1.330958
v 3.232845 0.152178 -1.336593
v 3.227215 0.152178 -1.340356
v 3.220567 0.152178 -1.341677
v 3.213923 0.152178 -1.340356
v 3.208289 0.152178 -1.336593
v 3.204525 0.152178 -1.330958
v 3.049122 0.163313 -1.386796
v 3.054690 0.163313 -1.386796
v 2.990671 0.163313 -1.386796
v 2.901940 0.163313 -1.386796
v 2.890805 0.163313 -1.386796
v 2.885238 0.163313 -1.386796
v 2.826787 0.163313 -1.386796
v 2.738056 0.163313 -1.386796
v 2.726921 0.163313 -1.386796
v 2.721353 0.163313 -1.386796
v 2.738056 0.170736 -1.386796
v 2.738056 0.170736 -1.415591
v 2.826787 0.170736 -1.386796
v 2.826787 0.170736 -1.415591
v 2.901940 0.170736 -1.386796
v 2.901940 0.170736 -1.415591
v 2.990671 0.170736 -1.386796
v 2.990671 0.170736 -1.415591
v 2.954958 0.170736 -0.168311
v 2.562832 0.170736 -0.168311
v 2.562832 0.170736 -0.272343
v 2.751474 0.170736 -0.272343
v 2.751474 0.170736 -0.168311
v 3.082353 0.163313 -1.549174
v 3.147655 0.163313 -1.541788
v 3.138028 0.163313 -1.549174
v 3.124603 0.163313 -1.554738
v 3.110190 0.163313 -1.556634
v 3.095781 0.163313 -1.554738
v 3.158408 0.163313 -1.473122
v 3.163968 0.163313 -1.515368
v 3.158408 0.163313 -1.528797
v 3.149560 0.163313 -1.540325
v 3.070824 0.163313 -1.540325
v 3.061975 0.163313 -1.528797
v 3.056416 0.163313 -1.515368
v 3.054515 0.163313 -1.500959
v 3.056416 0.163313 -1.486547
v 3.061975 0.163313 -1.473122
v 3.070824 0.163313 -1.461590
v 3.082353 0.163313 -1.452741
v 3.095781 0.163313 -1.447181
v 3.110190 0.163313 -1.445285
v 3.124603 0.163313 -1.447181
v 3.138028 0.163313 -1.452741
v 3.149560 0.163313 -1.461590
v 3.163968 0.181871 -1.486547
v 3.158408 0.181871 -1.473122
v 3.165865 0.181871 -1.500959
v 3.163968 0.181871 -1.515368
v 3.082353 0.181871 -1.549174
v 3.095781 0.181871 -1.554738
v 3.070824 0.181871 -1.540325
v 3.061975 0.181871 -1.528797
v 3.056416 0.181871 -1.515368
v 3.054515 0.181871 -1.500959
v 3.056416 0.181871 -1.486547
v 3.061975 0.181871 -1.473122
v 3.070824 0.181871 -1.461590
v 3.082353 0.181871 -1.452741
v 3.095781 0.181871 -1.447181
v 3.110190 0.181871 -1.445285
v 3.124603 0.181871 -1.447181
v 3.138028 0.181871 -1.452741
v 3.149560 0.181871 -1.461590
v 3.139122 0.256104 -1.484257
v 3.133811 0.256104 -1.477338
v 3.108906 0.256104 -1.498729
v 3.108936 0.256104 -1.490140
v 3.097518 0.256104 -1.470361
v 3.101546 0.256104 -1.468690
v 3.110190 0.256104 -1.467554
v 3.118838 0.256104 -1.468690
v 3.126893 0.256104 -1.472027
v 3.142459 0.256104 -1.492311
v 3.143595 0.256104 -1.500959
v 3.142459 0.256104 -1.509604
v 3.139122 0.256104 -1.517662
v 3.133811 0.256104 -1.524580
v 3.126893 0.256104 -1.529888
v 3.118838 0.256104 -1.533225
v 3.110190 0.256104 -1.534364
v 3.101546 0.256104 -1.533225
v 3.093488 0.256104 -1.529888
v 3.086573 0.256104 -1.524580
v 3.081261 0.256104 -1.517662
v 3.077924 0.256104 -1.509604
v 3.076785 0.256104 -1.500959
v 3.077924 0.256104 -1.492311
v 3.081261 0.256104 -1.484257
v 3.086573 0.256104 -1.477338
v 3.090032 0.256104 -1.474685
v 3.101449 0.256104 -1.494460
v 3.108936 0.257960 -1.490140
v 3.101449 0.257960 -1.494460
v 3.097518 0.257960 -1.470361
v 3.090032 0.257960 -1.474685
v 3.093488 0.257960 -1.472027
v 3.093488 0.256104 -1.472027
v 3.110190 0.181871 -1.556634
v 3.124603 0.181871 -1.554738
v 3.138028 0.181871 -1.549174
v 3.149560 0.181871 -1.540325
v 3.158408 0.181871 -1.528797
v 3.065825 0.170736 -1.415591
v 3.154559 0.170736 -1.415591
v 3.065825 0.170736 -1.386796
v 3.154559 0.170736 -1.386796
v 3.076785 0.239603 -2.090875
v 2.199920 0.239603 -2.090875
v 2.188786 0.239603 -2.090875
v 2.121976 0.239603 -2.090875
v 2.121976 0.193369 -1.813484
v 2.125687 0.182229 -1.724071
v 2.125687 0.196420 -1.809212
v 2.188786 0.177958 -1.721020
v 2.185074 0.182229 -1.724071
v 2.188786 0.193369 -1.813484
v 2.185074 0.196420 -1.809212
v 2.199920 0.177958 -1.721020
v 3.076785 0.177958 -1.721020
v 3.061939 0.165754 -1.738104
v 3.061939 0.222517 -2.078671
v 2.214767 0.165754 -1.738104
v 2.214767 0.222517 -2.078671
v 2.188786 0.231897 -2.044642
v 2.188786 0.224192 -1.998410
v 2.188786 0.216486 -1.952178
v 2.188786 0.208780 -1.905945
v 2.185074 0.197641 -1.816535
v 2.185074 0.211831 -1.901677
v 2.125687 0.197641 -1.816535
v 2.125687 0.211831 -1.901677
v 2.121976 0.208780 -1.905945
v 2.185074 0.213052 -1.908996
v 2.125687 0.213052 -1.908996
v 2.185074 0.219537 -1.947906
v 2.121976 0.216486 -1.952178
v 2.125687 0.219537 -1.947906
v 2.121976 0.224192 -1.998410
v 2.125687 0.220758 -1.955229
v 2.125687 0.227243 -1.994138
v 2.185074 0.220758 -1.955229
v 2.185074 0.227243 -1.994138
v 2.185074 0.228463 -2.001461
v 2.125687 0.228463 -2.001461
v 2.185074 0.234948 -2.040370
v 2.121976 0.231897 -2.044642
v 2.125687 0.234948 -2.040370
v 2.125687 0.236169 -2.047693
v 2.125687 0.242654 -2.086603
v 2.185074 0.236169 -2.047693
v 2.185074 0.242654 -2.086603
v 3.280707 0.163313 -0.987241
v 3.280707 0.163313 -0.885114
v 3.209436 0.177333 -1.261714
v 3.212880 0.184469 -1.257594
v 3.213560 0.186175 -1.260548
v 3.210375 0.179698 -1.265811
v 3.210375 0.174968 -1.257620
v 3.213560 0.182763 -1.254639
v 3.213055 0.172963 -1.254146
v 3.215490 0.181317 -1.252134
v 3.218385 0.180351 -1.250460
v 3.217063 0.171624 -1.251826
v 3.219116 0.183612 -1.250616
v 3.216841 0.184371 -1.251933
v 3.221796 0.180011 -1.249874
v 3.221796 0.183346 -1.250156
v 3.221796 0.171154 -1.251009
v 3.217063 0.163313 -1.256625
v 3.221796 0.163313 -1.255538
v 3.213055 0.163313 -1.259717
v 3.210375 0.163313 -1.264349
v 3.209436 0.163313 -1.269809
v 3.210375 0.163313 -1.275272
v 3.213055 0.181703 -1.269282
v 3.213055 0.163313 -1.279901
v 3.217063 0.183043 -1.271601
v 3.217063 0.163313 -1.282992
v 3.221796 0.183513 -1.272418
v 3.221796 0.163313 -1.284080
v 3.226524 0.183043 -1.271601
v 3.226524 0.163313 -1.282992
v 3.230533 0.181703 -1.269282
v 3.230533 0.163313 -1.279901
v 3.233213 0.179698 -1.265811
v 3.233213 0.163313 -1.275272
v 3.234156 0.177333 -1.261714
v 3.234156 0.163313 -1.269809
v 3.233213 0.174968 -1.257620
v 3.233213 0.163313 -1.264349
v 3.230533 0.172963 -1.254146
v 3.230533 0.163313 -1.259717
v 3.226524 0.171624 -1.251826
v 3.226524 0.163313 -1.256625
v 3.226524 0.155889 -1.260908
v 3.221796 0.155889 -1.259824
v 3.230533 0.155889 -1.264004
v 3.233213 0.155889 -1.268632
v 3.234156 0.155889 -1.274096
v 3.233213 0.155889 -1.279556
v 3.230533 0.155889 -1.284188
v 3.226524 0.155889 -1.287280
v 3.221796 0.155889 -1.288367
v 3.217063 0.155889 -1.287280
v 3.213055 0.155889 -1.284188
v 3.210375 0.155889 -1.279556
v 3.209436 0.155889 -1.274096
v 3.210375 0.155889 -1.268632
v 3.213055 0.155889 -1.264004
v 3.217063 0.155889 -1.260908
v 3.225207 0.180351 -1.250460
v 3.228098 0.181317 -1.252134
v 3.230032 0.182763 -1.254639
v 3.230711 0.184469 -1.257594
v 3.230032 0.186175 -1.260548
v 3.228098 0.187621 -1.263054
v 3.225207 0.188588 -1.264727
v 3.221796 0.188927 -1.265314
v 3.218385 0.188588 -1.264727
v 3.215490 0.187621 -1.263054
v 3.215323 0.188188 -1.258544
v 3.216841 0.189324 -1.260511
v 3.214792 0.186848 -1.256220
v 3.215323 0.185508 -1.253901
v 3.219116 0.190083 -1.261825
v 3.224476 0.183612 -1.250616
v 3.226747 0.184371 -1.251933
v 3.228265 0.185508 -1.253901
v 3.228800 0.186848 -1.256220
v 3.228265 0.188188 -1.258544
v 3.226747 0.189324 -1.260511
v 3.224476 0.190083 -1.261825
v 3.221796 0.190350 -1.262285
v 2.743056 0.163313 -1.540325
v 2.734207 0.163313 -1.528797
v 2.734207 0.181871 -1.528797
v 2.743056 0.181871 -1.540325
v 2.819887 0.163313 -1.541788
v 2.744956 0.163313 -1.541788
v 2.728643 0.163313 -1.515368
v 2.726747 0.163313 -1.500959
v 2.728643 0.163313 -1.486547
v 2.734207 0.163313 -1.473122
v 2.743056 0.163313 -1.461590
v 2.754584 0.163313 -1.452741
v 2.768013 0.163313 -1.447181
v 2.782421 0.163313 -1.445285
v 2.796830 0.163313 -1.447181
v 2.810259 0.163313 -1.452741
v 2.821791 0.163313 -1.461590
v 2.830639 0.163313 -1.473122
v 2.836200 0.163313 -1.486547
v 2.838096 0.163313 -1.500959
v 2.836200 0.163313 -1.515368
v 2.830639 0.163313 -1.528797
v 2.821791 0.163313 -1.540325
v 2.810259 0.163313 -1.549174
v 2.796830 0.163313 -1.554738
v 2.782421 0.163313 -1.556634
v 2.768013 0.163313 -1.554738
v 2.754584 0.163313 -1.549174
v 2.810259 0.181871 -1.549174
v 2.821791 0.181871 -1.540325
v 2.796830 0.181871 -1.554738
v 2.782421 0.181871 -1.556634
v 2.768013 0.181871 -1.554738
v 2.754584 0.181871 -1.549174
v 2.758801 0.256104 -1.524580
v 2.765719 0.256104 -1.529888
v 2.753493 0.256104 -1.517662
v 2.728643 0.181871 -1.515368
v 2.750156 0.256104 -1.509604
v 2.726747 0.181871 -1.500959
v 2.728643 0.181871 -1.486547
v 2.734207 0.181871 -1.473122
v 2.743056 0.181871 -1.461590
v 2.754584 0.181871 -1.452741
v 2.768013 0.181871 -1.447181
v 2.782421 0.181871 -1.445285
v 2.796830 0.181871 -1.447181
v 2.810259 0.181871 -1.452741
v 2.821791 0.181871 -1.461590
v 2.830639 0.181871 -1.473122
v 2.836200 0.181871 -1.486547
v 2.838096 0.181871 -1.500959
v 2.836200 0.181871 -1.515368
v 2.830639 0.181871 -1.528797
v 2.806042 0.256104 -1.524580
v 2.811350 0.256104 -1.517662
v 2.799124 0.256104 -1.529888
v 2.791066 0.256104 -1.533225
v 2.782421 0.256104 -1.534364
v 2.773777 0.256104 -1.533225
v 2.781133 0.256104 -1.498729
v 2.781167 0.256104 -1.490140
v 2.769746 0.256104 -1.470361
v 2.773777 0.256104 -1.468690
v 2.782421 0.256104 -1.467554
v 2.791066 0.256104 -1.468690
v 2.799124 0.256104 -1.472027
v 2.806042 0.256104 -1.477338
v 2.811350 0.256104 -1.484257
v 2.814687 0.256104 -1.492311
v 2.815826 0.256104 -1.500959
v 2.814687 0.256104 -1.509604
v 2.749016 0.256104 -1.500959
v 2.750156 0.256104 -1.492311
v 2.753493 0.256104 -1.484257
v 2.758801 0.256104 -1.477338
v 2.762260 0.256104 -1.474685
v 2.773680 0.256104 -1.494460
v 2.781167 0.257960 -1.490140
v 2.773680 0.257960 -1.494460
v 2.769746 0.257960 -1.470361
v 2.762260 0.257960 -1.474685
v 2.765719 0.257960 -1.472027
v 2.765719 0.256104 -1.472027
v 2.931897 0.181871 -1.554738
v 2.937661 0.256104 -1.533225
v 2.946306 0.256104 -1.534364
v 2.946306 0.181871 -1.556634
v 2.918468 0.181871 -1.549174
v 2.929603 0.256104 -1.529888
v 2.931897 0.163313 -1.554738
v 2.918468 0.163313 -1.549174
v 2.908840 0.163313 -1.541788
v 2.983771 0.163313 -1.541788
v 2.974143 0.163313 -1.549174
v 2.960718 0.163313 -1.554738
v 2.946306 0.163313 -1.556634
v 2.906940 0.163313 -1.540325
v 2.898092 0.163313 -1.528797
v 2.892528 0.163313 -1.515368
v 2.890631 0.163313 -1.500959
v 2.892528 0.163313 -1.486547
v 2.898092 0.163313 -1.473122
v 2.906940 0.163313 -1.461590
v 2.918468 0.163313 -1.452741
v 2.931897 0.163313 -1.447181
v 2.946306 0.163313 -1.445285
v 2.960718 0.163313 -1.447181
v 2.974143 0.163313 -1.452741
v 2.985675 0.163313 -1.461590
v 2.994524 0.163313 -1.473122
v 3.000084 0.163313 -1.486547
v 3.001981 0.163313 -1.500959
v 3.000084 0.163313 -1.515368
v 2.994524 0.163313 -1.528797
v 2.985675 0.163313 -1.540325
v 2.906940 0.181871 -1.540325
v 2.898092 0.181871 -1.528797
v 2.892528 0.181871 -1.515368
v 2.890631 0.181871 -1.500959
v 2.892528 0.181871 -1.486547
v 2.898092 0.181871 -1.473122
v 2.906940 0.181871 -1.461590
v 2.918468 0.181871 -1.452741
v 2.931897 0.181871 -1.447181
v 2.946306 0.181871 -1.445285
v 2.960718 0.181871 -1.447181
v 2.974143 0.181871 -1.452741
v 2.985675 0.181871 -1.461590
v 2.994524 0.181871 -1.473122
v 3.000084 0.181871 -1.486547
v 3.001981 0.181871 -1.500959
v 3.000084 0.181871 -1.515368
v 2.994524 0.181871 -1.528797
v 2.985675 0.181871 -1.540325
v 2.974143 0.181871 -1.549174
v 2.960718 0.181871 -1.554738
v 2.954954 0.256104 -1.533225
v 2.945022 0.256104 -1.498729
v 2.945051 0.256104 -1.490140
v 2.933634 0.256104 -1.470361
v 2.937661 0.256104 -1.468690
v 2.946306 0.256104 -1.467554
v 2.954954 0.256104 -1.468690
v 2.963008 0.256104 -1.472027
v 2.969927 0.256104 -1.477338
v 2.975238 0.256104 -1.484257
v 2.978575 0.256104 -1.492311
v 2.979711 0.256104 -1.500959
v 2.978575 0.256104 -1.509604
v 2.975238 0.256104 -1.517662
v 2.969927 0.256104 -1.524580
v 2.963008 0.256104 -1.529888
v 2.922685 0.256104 -1.524580
v 2.917377 0.256104 -1.517662
v 2.914040 0.256104 -1.509604
v 2.912901 0.256104 -1.500959
v 2.914040 0.256104 -1.492311
v 2.917377 0.256104 -1.484257
v 2.922685 0.256104 -1.477338
v 2.926144 0.256104 -1.474685
v 2.937565 0.256104 -1.494460
v 2.945051 0.257960 -1.490140
v 2.937565 0.257960 -1.494460
v 2.933634 0.257960 -1.470361
v 2.926144 0.257960 -1.474685
v 2.929603 0.257960 -1.472027
v 2.929603 0.256104 -1.472027
v 2.371422 0.216895 -1.014056
v 2.331445 0.168004 -1.037137
v 2.311291 0.168004 -0.996268
v 2.353938 0.216895 -0.978601
v 2.400161 0.216895 -1.058662
v 2.363538 0.168004 -1.086763
v 2.338221 0.168004 -1.048873
v 2.378198 0.216895 -1.025792
v 2.434474 0.216895 -1.099135
v 2.401836 0.168004 -1.131777
v 2.371788 0.168004 -1.097514
v 2.408411 0.216895 -1.069413
v 2.473778 0.216895 -1.134781
v 2.445677 0.168004 -1.171402
v 2.411418 0.168004 -1.141359
v 2.444057 0.216895 -1.108717
v 2.517400 0.216895 -1.164994
v 2.494319 0.168004 -1.204972
v 2.456428 0.168004 -1.179652
v 2.484530 0.216895 -1.143031
v 2.564590 0.216895 -1.189254
v 2.546924 0.168004 -1.231902
v 2.506054 0.168004 -1.211748
v 2.529136 0.216895 -1.171769
v 2.614543 0.216895 -1.207148
v 2.602597 0.168004 -1.251736
v 2.559444 0.168004 -1.237088
v 2.577110 0.216895 -1.194440
v 2.666404 0.216895 -1.218367
v 2.660382 0.168004 -1.264134
v 2.615687 0.168004 -1.255243
v 2.627633 0.216895 -1.210656
v 2.719288 0.216895 -1.222723
v 2.719288 0.168004 -1.268883
v 2.673817 0.168004 -1.265903
v 2.679840 0.216895 -1.220135
v 2.772288 0.216895 -1.220135
v 2.778314 0.168004 -1.265903
v 2.732840 0.168004 -1.268883
v 2.732840 0.216895 -1.222723
v 2.824495 0.216895 -1.210656
v 2.836440 0.168004 -1.255243
v 2.791749 0.168004 -1.264134
v 2.785723 0.216895 -1.218366
v 2.875017 0.216895 -1.194440
v 2.892683 0.168004 -1.237088
v 2.849530 0.168004 -1.251736
v 2.837584 0.216895 -1.207148
v 2.922991 0.216895 -1.171769
v 2.946073 0.168004 -1.211748
v 2.905203 0.168004 -1.231902
v 2.887537 0.216895 -1.189254
v 2.967597 0.216895 -1.143031
v 2.995699 0.168004 -1.179652
v 2.957809 0.168004 -1.204972
v 2.934727 0.216895 -1.164994
v 3.008070 0.216895 -1.108717
v 3.040712 0.168004 -1.141359
v 3.006450 0.168004 -1.171402
v 2.978349 0.216895 -1.134781
v 3.043716 0.216895 -1.069413
v 3.080338 0.168004 -1.097515
v 3.050295 0.168004 -1.131777
v 3.017653 0.216895 -1.099135
v 3.073929 0.216895 -1.025791
v 3.113908 0.168004 -1.048873
v 3.088588 0.168004 -1.086763
v 3.051966 0.216895 -1.058662
v 3.098190 0.216895 -0.978601
v 3.140837 0.168004 -0.996268
v 3.120684 0.168004 -1.037137
v 3.080705 0.216895 -1.014056
v 3.116084 0.216895 -0.928649
v 3.160671 0.168004 -0.940594
v 3.146023 0.168004 -0.983748
v 3.103376 0.216895 -0.966081
v 3.127302 0.216895 -0.876788
v 3.173070 0.168004 -0.882813
v 3.164179 0.168004 -0.927504
v 3.119591 0.216895 -0.915559
v 3.131658 0.216895 -0.823904
v 3.177818 0.168004 -0.823904
v 3.174839 0.168004 -0.869378
v 3.129071 0.216895 -0.863352
v 3.129071 0.216895 -0.770904
v 3.174839 0.168004 -0.764882
v 3.177818 0.168004 -0.810352
v 3.131658 0.216895 -0.810352
v 3.119591 0.216895 -0.718697
v 3.164179 0.168004 -0.706752
v 3.173070 0.168004 -0.751446
v 3.127302 0.216895 -0.757469
v 3.103376 0.216895 -0.668175
v 3.146023 0.168004 -0.650508
v 3.160671 0.168004 -0.693662
v 3.116084 0.216895 -0.705607
v 3.080705 0.216895 -0.620200
v 3.120684 0.168004 -0.597119
v 3.140837 0.168004 -0.637988
v 3.098190 0.216895 -0.655655
v 3.051966 0.216895 -0.575594
v 3.088588 0.168004 -0.547493
v 3.113908 0.168004 -0.585383
v 3.073929 0.216895 -0.608465
v 3.017653 0.216895 -0.535121
v 3.050295 0.168004 -0.502483
v 3.080338 0.168004 -0.536742
v 3.043716 0.216895 -0.564843
v 2.978349 0.216895 -0.499475
v 3.006450 0.168004 -0.462854
v 3.040712 0.168004 -0.492900
v 3.008070 0.216895 -0.525539
v 2.934727 0.216895 -0.469263
v 2.957809 0.168004 -0.429287
v 2.995699 0.168004 -0.454604
v 2.967597 0.216895 -0.491226
v 2.887537 0.216895 -0.445002
v 2.905203 0.168004 -0.402355
v 2.946073 0.168004 -0.422511
v 2.922991 0.216895 -0.462487
v 2.837584 0.216895 -0.427108
v 2.849530 0.168004 -0.382520
v 2.892683 0.168004 -0.397168
v 2.875017 0.216895 -0.439816
v 2.785723 0.216895 -0.415890
v 2.791749 0.168004 -0.370123
v 2.836440 0.168004 -0.379013
v 2.824495 0.216895 -0.423600
v 2.732840 0.216895 -0.411537
v 2.732840 0.168004 -0.365374
v 2.778313 0.168004 -0.368355
v 2.772288 0.216895 -0.414121
v 2.679840 0.216895 -0.414121
v 2.673817 0.168004 -0.368355
v 2.719288 0.168004 -0.365374
v 2.719288 0.216895 -0.411537
v 2.627633 0.216895 -0.423600
v 2.615687 0.168004 -0.379013
v 2.660382 0.168004 -0.370123
v 2.666404 0.216895 -0.415890
v 2.577110 0.216895 -0.439816
v 2.559444 0.168004 -0.397168
v 2.602597 0.168004 -0.382520
v 2.614543 0.216895 -0.427108
v 2.529136 0.216895 -0.462487
v 2.506054 0.168004 -0.422511
v 2.546924 0.168004 -0.402355
v 2.564590 0.216895 -0.445002
v 2.484530 0.216895 -0.491226
v 2.456429 0.168004 -0.454604
v 2.494319 0.168004 -0.429287
v 2.517400 0.216895 -0.469263
v 2.444057 0.216895 -0.525539
v 2.411418 0.168004 -0.492900
v 2.445677 0.168004 -0.462854
v 2.473778 0.216895 -0.499475
v 2.408411 0.216895 -0.564843
v 2.371788 0.168004 -0.536742
v 2.401836 0.168004 -0.502483
v 2.434474 0.216895 -0.535121
v 2.378198 0.216895 -0.608464
v 2.338221 0.168004 -0.585383
v 2.363538 0.168004 -0.547493
v 2.400161 0.216895 -0.575594
v 2.353938 0.216895 -0.655655
v 2.311291 0.168004 -0.637988
v 2.331445 0.168004 -0.597119
v 2.371422 0.216895 -0.620200
v 2.336045 0.216895 -0.705607
v 2.291457 0.168004 -0.693662
v 2.306105 0.168004 -0.650508
v 2.348752 0.216895 -0.668175
v 2.324825 0.216895 -0.757469
v 2.279059 0.168004 -0.751446
v 2.287949 0.168004 -0.706752
v 2.332537 0.216895 -0.718697
v 2.320471 0.216895 -0.810352
v 2.274310 0.168004 -0.810352
v 2.277290 0.168004 -0.764882
v 2.323056 0.216895 -0.770904
v 2.323056 0.216895 -0.863352
v 2.277290 0.168004 -0.869378
v 2.274310 0.168004 -0.823904
v 2.320471 0.216895 -0.823904
v 2.332537 0.216895 -0.915559
v 2.287949 0.168004 -0.927504
v 2.279059 0.168004 -0.882813
v 2.324825 0.216895 -0.876788
v 2.348752 0.216895 -0.966081
v 2.306105 0.168004 -0.983748
v 2.291457 0.168004 -0.940594
v 2.336045 0.216895 -0.928649
v 0.114838 0.196718 -0.918552
v 0.203570 0.196718 -0.918552
v 0.203570 0.196718 -0.919695
v 0.114838 0.196718 -0.919695
v 0.114838 0.197491 -0.918552
v 0.203570 0.197491 -0.918552
v 0.203570 0.197491 -0.916269
v 0.114838 0.197491 -0.916269
v 0.203570 0.196718 -0.916269
v 0.203570 0.193006 -0.916269
v 0.203570 0.190793 -0.917413
v 0.203570 0.193006 -0.918552
v 0.114838 0.196718 -0.916269
v 0.114838 0.193006 -0.918552
v 0.114838 0.190793 -0.917413
v 0.114838 0.193006 -0.916269
v 0.114838 0.193465 -0.921978
v 0.114838 0.191572 -0.922100
v 0.114838 0.189024 -0.922475
v 0.114838 0.186515 -0.923058
v 0.114838 0.184062 -0.923841
v 0.114838 0.181681 -0.924825
v 0.114838 0.179388 -0.925998
v 0.114838 0.177199 -0.927352
v 0.114838 0.175127 -0.928882
v 0.114838 0.173188 -0.930578
v 0.114838 0.171392 -0.932423
v 0.114838 0.169754 -0.934412
v 0.114838 0.167024 -0.935670
v 0.114838 0.159601 -0.935670
v 0.114838 0.159601 -0.899151
v 0.114838 0.167024 -0.899151
v 0.114838 0.169754 -0.900413
v 0.114838 0.171392 -0.902399
v 0.114838 0.173188 -0.904247
v 0.114838 0.175127 -0.905940
v 0.114838 0.177199 -0.907469
v 0.114838 0.179388 -0.908828
v 0.114838 0.181681 -0.910000
v 0.114838 0.184062 -0.910980
v 0.114838 0.186515 -0.911767
v 0.114838 0.189024 -0.912350
v 0.114838 0.191572 -0.912725
v 0.114838 0.193465 -0.912847
v 0.114838 0.196718 -0.915130
v 0.203570 0.193465 -0.921978
v 0.203570 0.196718 -0.915130
v 0.203570 0.193465 -0.912847
v 0.203570 0.191572 -0.912725
v 0.203570 0.189024 -0.912350
v 0.203570 0.186515 -0.911767
v 0.203570 0.184062 -0.910980
v 0.203570 0.181681 -0.910000
v 0.203570 0.179388 -0.908828
v 0.203570 0.177199 -0.907469
v 0.203570 0.175127 -0.905940
v 0.203570 0.173188 -0.904247
v 0.203570 0.171392 -0.902399
v 0.203570 0.169754 -0.900413
v 0.203570 0.167024 -0.899151
v 0.203570 0.159601 -0.899151
v 0.203570 0.159601 -0.935670
v 0.203570 0.167024 -0.935670
v 0.203570 0.169754 -0.934412
v 0.203570 0.171392 -0.932423
v 0.203570 0.173188 -0.930578
v 0.203570 0.175127 -0.928882
v 0.203570 0.177199 -0.927352
v 0.203570 0.179388 -0.925998
v 0.203570 0.181681 -0.924825
v 0.203570 0.184062 -0.923841
v 0.203570 0.186515 -0.923058
v 0.203570 0.189024 -0.922475
v 0.203570 0.191572 -0.922100
v 1.284704 0.163313 0.000001
v 1.284704 0.000000 0.000001
v -0.000003 0.000000 0.000001
v -0.000003 0.163313 0.000001
v -0.000003 -0.000000 -2.178740
v 1.284704 -0.000000 -2.178740
v 0.114838 0.163313 -2.178740
v 1.169862 0.163313 -2.178740
v 1.284704 0.163313 -2.178740
v -0.000003 0.163313 -2.178740
v 0.114838 0.254248 -2.178740
v 1.169862 0.254248 -2.178740
v 0.114838 0.163313 -1.633153
v 0.125973 0.177958 -1.721019
v 1.169862 0.163313 -1.633153
v 0.623837 0.163313 -1.541787
v 0.114838 0.163313 -1.541787
v 0.114838 0.163313 -1.460131
v 0.114838 0.163313 -1.415591
v 0.107235 0.163313 -0.420775
v 0.098839 0.163313 -0.413415
v 0.091477 0.163313 -0.405019
v 0.085273 0.163313 -0.395732
v 0.080334 0.163313 -0.385718
v 0.076745 0.163313 -0.375144
v 0.074566 0.163313 -0.364192
v 0.073836 0.163313 -0.353050
v -0.000003 0.163313 -1.633153
v 0.073836 0.163313 -0.132256
v 0.074566 0.163313 -0.121114
v 0.076745 0.163313 -0.110162
v 0.080334 0.163313 -0.099588
v 0.085273 0.163313 -0.089572
v 0.091477 0.163313 -0.080288
v 0.097986 0.163313 -0.072865
v 0.098839 0.163313 -0.071892
v 0.107235 0.163313 -0.064529
v 0.116520 0.163313 -0.058325
v 0.126535 0.163313 -0.053387
v 0.137109 0.163313 -0.049797
v 0.148061 0.163313 -0.047619
v 0.159204 0.163313 -0.046888
v 0.170347 0.163313 -0.047619
v 0.181299 0.163313 -0.049797
v 0.191873 0.163313 -0.053387
v 0.201888 0.163313 -0.058325
v 0.363346 0.163313 -0.051549
v 0.551983 0.163313 -0.051549
v 0.567119 0.163313 -0.051797
v 0.755181 0.163313 -0.051797
v 0.770317 0.163313 -0.051549
v 0.958955 0.163313 -0.051549
v 0.973801 0.163313 -0.051549
v 1.162439 0.163313 -0.051549
v 1.162439 0.163313 -0.155580
v 1.162439 0.163313 -0.168311
v 1.162439 0.163313 -0.272342
v 1.163159 0.163313 -0.426858
v 1.165449 0.163313 -0.430288
v 1.167275 0.163313 -0.433988
v 1.168604 0.163313 -0.437897
v 1.169405 0.163313 -0.441946
v 1.169676 0.163313 -0.446062
v 1.170382 0.163313 -0.634740
v 1.190421 0.163313 -0.693774
v 1.202584 0.163313 -0.754920
v 1.206659 0.163313 -0.817127
v 1.207201 0.163313 -1.235409
v 1.208523 0.163313 -1.228761
v 1.212286 0.163313 -1.223127
v 1.217921 0.163313 -1.219363
v 1.224564 0.163313 -1.218042
v 1.231212 0.163313 -1.219363
v 1.236843 0.163313 -1.223127
v 1.240606 0.163313 -1.228761
v 1.241931 0.163313 -1.235409
v 1.241931 0.163313 -1.324314
v 1.284704 0.163313 -1.633153
v 1.240606 0.163313 -1.330958
v 1.236843 0.163313 -1.336592
v 1.231212 0.163313 -1.340356
v 1.224564 0.163313 -1.341677
v 1.217921 0.163313 -1.340356
v 1.212286 0.163313 -1.336592
v 1.208523 0.163313 -1.330958
v 1.207201 0.163313 -1.324314
v 1.170382 0.163313 -0.999514
v 1.169862 0.163313 -1.500959
v 1.167965 0.163313 -1.486546
v 1.158556 0.163313 -1.415591
v 1.158556 0.163313 -1.386796
v 1.142808 0.163313 -1.055427
v 1.108174 0.163313 -1.107264
v 1.069822 0.163313 -1.386796
v 1.067068 0.163313 -1.154134
v 1.069822 0.163313 -1.415591
v 1.058687 0.163313 -1.415591
v 1.076725 0.163313 -1.541787
v 1.053119 0.163313 -1.415591
v 0.994668 0.163313 -1.415591
v 0.905937 0.163313 -1.415591
v 0.894803 0.163313 -1.415591
v 0.889235 0.163313 -1.415591
v 0.830784 0.163313 -1.415591
v 0.742053 0.163313 -1.415591
v 0.730918 0.163313 -1.415591
v 0.725351 0.163313 -1.415591
v 0.667853 0.163313 -1.289651
v 0.623837 0.163313 -1.460131
v 0.623837 0.163313 -1.415591
v 0.623837 0.163313 -1.386796
v 0.606708 0.163313 -1.277488
v 0.547674 0.163313 -1.257448
v 0.507406 0.163313 -1.386796
v 0.492983 0.163313 -1.415591
v 0.492983 0.163313 -1.386796
v 0.491761 0.163313 -1.229874
v 0.439924 0.163313 -1.195241
v 0.393054 0.163313 -1.154134
v 0.376552 0.163313 -1.386796
v 0.362125 0.163313 -1.415591
v 0.362125 0.163313 -1.386796
v 0.351949 0.163313 -1.107264
v 0.317314 0.163313 -1.055427
v 0.289740 0.163313 -0.999514
v 0.269701 0.163313 -0.940481
v 0.245694 0.163313 -1.386796
v 0.257539 0.163313 -0.879335
v 0.253461 0.163313 -0.817127
v 0.244572 0.163313 -0.132256
v 0.257539 0.163313 -0.754920
v 0.243842 0.163313 -0.121114
v 0.241663 0.163313 -0.110162
v 0.238074 0.163313 -0.099588
v 0.233135 0.163313 -0.089572
v 0.226931 0.163313 -0.080288
v 0.219568 0.163313 -0.071892
v 0.211173 0.163313 -0.064529
v 0.204394 0.163313 -0.073363
v 0.196320 0.163313 -0.067969
v 0.187611 0.163313 -0.063674
v 0.178417 0.163313 -0.060553
v 0.168893 0.163313 -0.058658
v 0.159204 0.163313 -0.058023
v 0.149514 0.163313 -0.058658
v 0.139991 0.163313 -0.060553
v 0.130796 0.163313 -0.063674
v 0.122087 0.163313 -0.067969
v 0.114013 0.163313 -0.073363
v 0.106713 0.163313 -0.079766
v 0.100311 0.163313 -0.087066
v 0.094916 0.163313 -0.095140
v 0.090622 0.163313 -0.103849
v 0.087500 0.163313 -0.113043
v 0.085606 0.163313 -0.122567
v 0.084971 0.163313 -0.132256
v 0.080334 0.163313 -0.164925
v 0.076745 0.163313 -0.154351
v 0.074566 0.163313 -0.143399
v 0.074566 0.163313 -0.341907
v 0.076745 0.163313 -0.330955
v 0.080334 0.163313 -0.320380
v 0.085273 0.163313 -0.310366
v 0.085273 0.163313 -0.174940
v 0.085606 0.163313 -0.141946
v 0.088683 0.162199 -0.132256
v 0.089286 0.162199 -0.141461
v 0.089286 0.162199 -0.123052
v 0.091085 0.162199 -0.114004
v 0.094050 0.162199 -0.105269
v 0.098131 0.162199 -0.096996
v 0.103255 0.162199 -0.089326
v 0.109338 0.162199 -0.082390
v 0.116273 0.162199 -0.076308
v 0.123943 0.162199 -0.071183
v 0.132217 0.162199 -0.067103
v 0.140952 0.162199 -0.064138
v 0.149999 0.162199 -0.062338
v 0.159204 0.162199 -0.061735
v 0.168409 0.162199 -0.062338
v 0.177456 0.162199 -0.064138
v 0.186191 0.162199 -0.067103
v 0.194465 0.162199 -0.071183
v 0.202134 0.162199 -0.076308
v 0.211695 0.163313 -0.079766
v 0.209070 0.162199 -0.082390
v 0.218097 0.163313 -0.087066
v 0.223492 0.163313 -0.095140
v 0.227786 0.163313 -0.103849
v 0.230908 0.163313 -0.113043
v 0.232802 0.163313 -0.122567
v 0.233437 0.163313 -0.132256
v 0.238074 0.163313 -0.164925
v 0.233135 0.163313 -0.174940
v 0.232802 0.163313 -0.141946
v 0.230908 0.163313 -0.151469
v 0.227786 0.163313 -0.160664
v 0.226931 0.163313 -0.184225
v 0.223492 0.163313 -0.169373
v 0.219568 0.163313 -0.192621
v 0.218097 0.163313 -0.177447
v 0.211695 0.163313 -0.184747
v 0.211173 0.163313 -0.199983
v 0.204394 0.163313 -0.191150
v 0.201888 0.163313 -0.206187
v 0.196320 0.163313 -0.196544
v 0.191873 0.163313 -0.211126
v 0.187611 0.163313 -0.200839
v 0.181299 0.163313 -0.214716
v 0.178417 0.163313 -0.203960
v 0.170347 0.163313 -0.216894
v 0.168893 0.163313 -0.205854
v 0.159204 0.163313 -0.206489
v 0.159204 0.163313 -0.217624
v 0.149514 0.163313 -0.205854
v 0.148061 0.163313 -0.216894
v 0.139991 0.163313 -0.203960
v 0.137109 0.163313 -0.214716
v 0.130796 0.163313 -0.200839
v 0.126535 0.163313 -0.211126
v 0.122087 0.163313 -0.196544
v 0.116520 0.163313 -0.206187
v 0.114013 0.163313 -0.191150
v 0.107235 0.163313 -0.199983
v 0.106713 0.163313 -0.184747
v 0.100311 0.163313 -0.177447
v 0.098839 0.163313 -0.192621
v 0.094916 0.163313 -0.169373
v 0.091477 0.163313 -0.184225
v 0.090622 0.163313 -0.160664
v 0.087500 0.163313 -0.151469
v 0.091477 0.163313 -0.301081
v 0.085606 0.163313 -0.343360
v 0.084971 0.163313 -0.353050
v 0.085606 0.163313 -0.362739
v 0.088683 0.162199 -0.353050
v 0.089286 0.162199 -0.362255
v 0.089286 0.162199 -0.343845
v 0.087500 0.163313 -0.333837
v 0.091085 0.162199 -0.334797
v 0.090622 0.163313 -0.324642
v 0.094916 0.163313 -0.315933
v 0.098839 0.163313 -0.292685
v 0.107235 0.163313 -0.285322
v 0.116520 0.163313 -0.279119
v 0.126535 0.163313 -0.274180
v 0.137109 0.163313 -0.270590
v 0.148061 0.163313 -0.268412
v 0.159204 0.163313 -0.267682
v 0.170347 0.163313 -0.268412
v 0.181299 0.163313 -0.270590
v 0.191873 0.163313 -0.274180
v 0.201888 0.163313 -0.279119
v 0.211173 0.163313 -0.285322
v 0.219568 0.163313 -0.292685
v 0.226931 0.163313 -0.301081
v 0.233135 0.163313 -0.310366
v 0.238074 0.163313 -0.320380
v 0.241663 0.163313 -0.330955
v 0.241663 0.163313 -0.154351
v 0.243842 0.163313 -0.143399
v 0.244572 0.163313 -0.353050
v 0.243842 0.163313 -0.341907
v 0.243842 0.163313 -0.364192
v 0.241663 0.163313 -0.375144
v 0.238074 0.163313 -0.385718
v 0.233437 0.163313 -0.353050
v 0.232802 0.163313 -0.343360
v 0.230908 0.163313 -0.333837
v 0.227786 0.163313 -0.324642
v 0.223492 0.163313 -0.315933
v 0.218097 0.163313 -0.307859
v 0.211695 0.163313 -0.300559
v 0.204394 0.163313 -0.294156
v 0.196320 0.163313 -0.288762
v 0.187611 0.163313 -0.284467
v 0.178417 0.163313 -0.281346
v 0.168893 0.163313 -0.279452
v 0.159204 0.163313 -0.278817
v 0.149514 0.163313 -0.279452
v 0.139991 0.163313 -0.281346
v 0.130796 0.163313 -0.284467
v 0.122087 0.163313 -0.288762
v 0.114013 0.163313 -0.294156
v 0.106713 0.163313 -0.300559
v 0.100311 0.163313 -0.307859
v 0.103255 0.162199 -0.310119
v 0.098131 0.162199 -0.317789
v 0.109338 0.162199 -0.303183
v 0.116273 0.162199 -0.297101
v 0.123943 0.162199 -0.291976
v 0.132217 0.162199 -0.287896
v 0.140952 0.162199 -0.284931
v 0.149999 0.162199 -0.283131
v 0.159204 0.162199 -0.282528
v 0.168409 0.162199 -0.283131
v 0.177456 0.162199 -0.284931
v 0.186191 0.162199 -0.287896
v 0.194465 0.162199 -0.291976
v 0.202134 0.162199 -0.297101
v 0.209070 0.162199 -0.303183
v 0.215152 0.162199 -0.310119
v 0.220277 0.162199 -0.317789
v 0.224357 0.162199 -0.326062
v 0.227322 0.162199 -0.334797
v 0.229122 0.162199 -0.343845
v 0.229725 0.162199 -0.353050
v 0.232802 0.163313 -0.362739
v 0.229122 0.162199 -0.362255
v 0.233135 0.163313 -0.395732
v 0.230908 0.163313 -0.372263
v 0.227786 0.163313 -0.381457
v 0.226931 0.163313 -0.405019
v 0.223492 0.163313 -0.390165
v 0.219568 0.163313 -0.413415
v 0.218097 0.163313 -0.398241
v 0.211695 0.163313 -0.405538
v 0.211173 0.163313 -0.420775
v 0.204394 0.163313 -0.411941
v 0.201888 0.163313 -0.426981
v 0.196320 0.163313 -0.417338
v 0.191873 0.163313 -0.431921
v 0.187611 0.163313 -0.421632
v 0.181299 0.163313 -0.435510
v 0.178417 0.163313 -0.424754
v 0.170347 0.163313 -0.437689
v 0.168893 0.163313 -0.426647
v 0.159204 0.163313 -0.427281
v 0.159204 0.163313 -0.438416
v 0.149514 0.163313 -0.426647
v 0.148061 0.163313 -0.437689
v 0.139991 0.163313 -0.424754
v 0.137109 0.163313 -0.435510
v 0.130796 0.163313 -0.421632
v 0.126535 0.163313 -0.431921
v 0.122087 0.163313 -0.417338
v 0.116520 0.163313 -0.426981
v 0.114013 0.163313 -0.411941
v 0.106713 0.163313 -0.405538
v 0.100311 0.163313 -0.398241
v 0.094916 0.163313 -0.390165
v 0.090622 0.163313 -0.381457
v 0.087500 0.163313 -0.372263
v 0.091085 0.162199 -0.371302
v 0.096646 0.174448 -0.361285
v 0.098256 0.174448 -0.369381
v 0.142873 0.174448 -0.413997
v 0.135057 0.174448 -0.411343
v 0.127655 0.174448 -0.407695
v 0.120792 0.174448 -0.403107
v 0.114587 0.174448 -0.397666
v 0.109145 0.174448 -0.391460
v 0.104559 0.174448 -0.384597
v 0.100909 0.174448 -0.377196
v 0.096106 0.174448 -0.353050
v 0.096646 0.174448 -0.344813
v 0.098256 0.174448 -0.336718
v 0.100909 0.174448 -0.328903
v 0.104559 0.174448 -0.321501
v 0.109145 0.174448 -0.314638
v 0.114587 0.174448 -0.308432
v 0.120792 0.174448 -0.302991
v 0.127655 0.174448 -0.298405
v 0.135057 0.174448 -0.294754
v 0.142873 0.174448 -0.292101
v 0.150968 0.174448 -0.290491
v 0.159204 0.174448 -0.289952
v 0.167440 0.174448 -0.290491
v 0.175535 0.174448 -0.292101
v 0.183350 0.174448 -0.294754
v 0.190753 0.174448 -0.298405
v 0.197615 0.174448 -0.302991
v 0.203821 0.174448 -0.308432
v 0.209263 0.174448 -0.314638
v 0.213848 0.174448 -0.321501
v 0.217499 0.174448 -0.328903
v 0.220152 0.174448 -0.336718
v 0.221762 0.174448 -0.344813
v 0.222302 0.174448 -0.353050
v 0.221762 0.174448 -0.361285
v 0.220152 0.174448 -0.369381
v 0.217499 0.174448 -0.377196
v 0.213848 0.174448 -0.384597
v 0.209263 0.174448 -0.391460
v 0.203821 0.174448 -0.397666
v 0.197615 0.174448 -0.403107
v 0.190753 0.174448 -0.407695
v 0.183350 0.174448 -0.411343
v 0.175535 0.174448 -0.413997
v 0.167440 0.174448 -0.415608
v 0.159204 0.174448 -0.416146
v 0.150968 0.174448 -0.415608
v 0.132217 0.162199 -0.418203
v 0.140952 0.162199 -0.421168
v 0.123943 0.162199 -0.414123
v 0.116273 0.162199 -0.408998
v 0.109338 0.162199 -0.402914
v 0.103255 0.162199 -0.395981
v 0.098131 0.162199 -0.388309
v 0.094050 0.162199 -0.380036
v 0.149999 0.162199 -0.422968
v 0.159204 0.162199 -0.423570
v 0.168409 0.162199 -0.422968
v 0.177456 0.162199 -0.421168
v 0.186191 0.162199 -0.418203
v 0.194465 0.162199 -0.414123
v 0.202134 0.162199 -0.408998
v 0.209070 0.162199 -0.402914
v 0.215152 0.162199 -0.395981
v 0.220277 0.162199 -0.388309
v 0.224357 0.162199 -0.380036
v 0.227322 0.162199 -0.371302
v 0.094050 0.162199 -0.326062
v 0.114838 0.163313 -0.482956
v 0.114838 0.163313 -1.386796
v 0.114838 0.163313 -1.351865
v 0.114838 0.159601 -1.351865
v 0.114838 0.159601 -0.482956
v 0.203570 0.163313 -1.351865
v 0.203570 0.159601 -1.351865
v 0.231269 0.163313 -1.386796
v 0.203570 0.163313 -0.482956
v 0.203570 0.159601 -0.482956
v 0.164750 0.159601 -1.324711
v 0.153658 0.159601 -1.324711
v 0.153658 0.159601 -0.510110
v 0.164750 0.159601 -0.510110
v 0.164750 0.155889 -0.510110
v 0.164750 0.155889 -1.324711
v 0.153658 0.155889 -0.510110
v 0.153658 0.155889 -1.324711
v 0.231269 0.163313 -1.415591
v 0.245694 0.163313 -1.415591
v 0.114838 0.170736 -1.415591
v 0.231269 0.170736 -1.415591
v 0.231269 0.170736 -1.386796
v 0.114838 0.170736 -1.386796
v 0.568162 0.155889 -1.460131
v 0.170513 0.155889 -1.460131
v 0.568162 0.155889 -1.541787
v 0.170513 0.155889 -1.541787
v 0.245694 0.170736 -1.415591
v 0.362125 0.170736 -1.415591
v 0.362125 0.170736 -1.386796
v 0.245694 0.170736 -1.386796
v 0.376552 0.163313 -1.415591
v 0.376552 0.170736 -1.386796
v 0.376552 0.170736 -1.415591
v 0.492983 0.170736 -1.386796
v 0.492983 0.170736 -1.415591
v 0.507406 0.163313 -1.415591
v 0.507406 0.170736 -1.386796
v 0.507406 0.170736 -1.415591
v 0.623837 0.170736 -1.386796
v 0.623837 0.170736 -1.415591
v 0.091085 0.162199 -0.150509
v 0.096646 0.174448 -0.140492
v 0.098256 0.174448 -0.148587
v 0.142873 0.174448 -0.193204
v 0.135057 0.174448 -0.190551
v 0.127655 0.174448 -0.186901
v 0.120792 0.174448 -0.182315
v 0.114587 0.174448 -0.176873
v 0.109145 0.174448 -0.170668
v 0.104559 0.174448 -0.163805
v 0.100909 0.174448 -0.156403
v 0.096106 0.174448 -0.132256
v 0.096646 0.174448 -0.124020
v 0.098256 0.174448 -0.115925
v 0.100909 0.174448 -0.108110
v 0.104559 0.174448 -0.100707
v 0.109145 0.174448 -0.093844
v 0.114587 0.174448 -0.087639
v 0.120792 0.174448 -0.082197
v 0.127655 0.174448 -0.077612
v 0.135057 0.174448 -0.073961
v 0.142873 0.174448 -0.071308
v 0.150968 0.174448 -0.069698
v 0.159204 0.174448 -0.069158
v 0.167440 0.174448 -0.069698
v 0.175535 0.174448 -0.071308
v 0.183350 0.174448 -0.073961
v 0.190753 0.174448 -0.077612
v 0.197615 0.174448 -0.082197
v 0.203821 0.174448 -0.087639
v 0.209263 0.174448 -0.093844
v 0.213848 0.174448 -0.100707
v 0.217499 0.174448 -0.108110
v 0.220152 0.174448 -0.115925
v 0.221762 0.174448 -0.124020
v 0.222302 0.174448 -0.132256
v 0.221762 0.174448 -0.140492
v 0.220152 0.174448 -0.148587
v 0.217499 0.174448 -0.156403
v 0.213848 0.174448 -0.163805
v 0.209263 0.174448 -0.170668
v 0.203821 0.174448 -0.176873
v 0.197615 0.174448 -0.182315
v 0.190753 0.174448 -0.186901
v 0.183350 0.174448 -0.190551
v 0.175535 0.174448 -0.193204
v 0.167440 0.174448 -0.194815
v 0.159204 0.174448 -0.195355
v 0.150968 0.174448 -0.194815
v 0.132217 0.162199 -0.197410
v 0.140952 0.162199 -0.200375
v 0.123943 0.162199 -0.193330
v 0.116273 0.162199 -0.188205
v 0.109338 0.162199 -0.182122
v 0.103255 0.162199 -0.175187
v 0.098131 0.162199 -0.167517
v 0.094050 0.162199 -0.159244
v 0.149999 0.162199 -0.202174
v 0.159204 0.162199 -0.202778
v 0.168409 0.162199 -0.202174
v 0.177456 0.162199 -0.200375
v 0.186191 0.162199 -0.197410
v 0.194465 0.162199 -0.193330
v 0.202134 0.162199 -0.188205
v 0.209070 0.162199 -0.182122
v 0.215152 0.162199 -0.175187
v 0.220277 0.162199 -0.167517
v 0.224357 0.162199 -0.159244
v 0.227322 0.162199 -0.150509
v 0.229122 0.162199 -0.141461
v 0.229725 0.162199 -0.132256
v 0.229122 0.162199 -0.123052
v 0.227322 0.162199 -0.114004
v 0.224357 0.162199 -0.105269
v 0.220277 0.162199 -0.096996
v 0.215152 0.162199 -0.089326
v 0.269701 0.163313 -0.693774
v 0.289740 0.163313 -0.634740
v 0.317314 0.163313 -0.578828
v 0.351949 0.163313 -0.526991
v 0.363346 0.163313 -0.272342
v 0.393054 0.163313 -0.480120
v 0.551983 0.163313 -0.272342
v 0.363346 0.170736 -0.272342
v 0.551983 0.170736 -0.272342
v 0.551983 0.163313 -0.168311
v 0.363346 0.163313 -0.168311
v 0.551983 0.170736 -0.168311
v 0.551983 0.163313 -0.155580
v 0.551983 0.170736 -0.155580
v 0.551983 0.170736 -0.051549
v 0.363346 0.163313 -0.155580
v 0.363346 0.170736 -0.051549
v 0.363346 0.170736 -0.155580
v 0.363346 0.170736 -0.168311
v 0.566830 0.163313 -0.168311
v 0.567119 0.163313 -0.155332
v 0.755471 0.163313 -0.168311
v 0.755181 0.163313 -0.155332
v 0.567119 0.170736 -0.155332
v 0.755181 0.170736 -0.155332
v 0.567119 0.170736 -0.051797
v 0.755181 0.170736 -0.051797
v 0.755471 0.163313 -0.272342
v 0.770317 0.163313 -0.272342
v 0.792268 0.163313 -0.344606
v 0.730061 0.163313 -0.340528
v 0.667853 0.163313 -0.344606
v 0.606708 0.163313 -0.356768
v 0.566830 0.163313 -0.272342
v 0.547674 0.163313 -0.376806
v 0.491761 0.163313 -0.404380
v 0.439924 0.163313 -0.439018
v 0.432145 0.163313 -0.445840
v 0.452140 0.159601 -0.454937
v 0.407243 0.159601 -0.494310
v 0.501794 0.159601 -0.421758
v 0.555353 0.159601 -0.395346
v 0.611900 0.159601 -0.376150
v 0.670470 0.159601 -0.364500
v 0.730061 0.159601 -0.360594
v 0.789651 0.159601 -0.364500
v 0.853414 0.163313 -0.356768
v 0.848221 0.159601 -0.376150
v 0.958955 0.163313 -0.272342
v 0.770317 0.170736 -0.272342
v 0.958955 0.170736 -0.272342
v 0.770317 0.163313 -0.168311
v 0.958955 0.163313 -0.168311
v 0.770317 0.170736 -0.168311
v 0.770317 0.163313 -0.155580
v 0.770317 0.170736 -0.051549
v 0.770317 0.170736 -0.155580
v 0.958955 0.163313 -0.155580
v 0.958955 0.170736 -0.155580
v 0.958955 0.170736 -0.051549
v 0.968360 0.163313 -0.404380
v 0.973801 0.163313 -0.272342
v 1.020197 0.163313 -0.439018
v 1.020616 0.163313 -0.359566
v 1.020884 0.163313 -0.355448
v 1.021689 0.163313 -0.351400
v 1.023018 0.163313 -0.347493
v 1.024840 0.163313 -0.343791
v 1.027134 0.163313 -0.340360
v 1.029855 0.163313 -0.337257
v 1.032958 0.163313 -0.334536
v 1.036391 0.163313 -0.332244
v 1.040091 0.163313 -0.330418
v 0.973801 0.170736 -0.272342
v 1.162439 0.170736 -0.272342
v 0.973801 0.163313 -0.168311
v 1.162439 0.170736 -0.168311
v 0.973801 0.170736 -0.168311
v 0.973801 0.163313 -0.155580
v 0.973801 0.170736 -0.051549
v 0.973801 0.170736 -0.155580
v 1.162439 0.170736 -0.155580
v 1.162439 0.170736 -0.051549
v 1.044000 0.163313 -0.329092
v 1.048046 0.163313 -0.328287
v 1.052165 0.163313 -0.328017
v 1.056282 0.163313 -0.328287
v 1.060331 0.163313 -0.329092
v 1.064240 0.163313 -0.330418
v 1.067940 0.163313 -0.332244
v 1.071370 0.163313 -0.334536
v 1.074472 0.163313 -0.337257
v 1.077193 0.163313 -0.340360
v 1.079487 0.163313 -0.343791
v 1.081313 0.163313 -0.347493
v 1.082638 0.163313 -0.351400
v 1.083444 0.163313 -0.355448
v 1.083714 0.163313 -0.359566
v 1.107655 0.163313 -0.437897
v 1.108980 0.163313 -0.433988
v 1.110806 0.163313 -0.430288
v 1.113100 0.163313 -0.426858
v 1.115820 0.163313 -0.423755
v 1.118923 0.163313 -0.421035
v 1.122353 0.163313 -0.418741
v 1.126053 0.163313 -0.416915
v 1.129962 0.163313 -0.415590
v 1.134011 0.163313 -0.414784
v 1.138127 0.163313 -0.414513
v 1.142247 0.163313 -0.414784
v 1.146293 0.163313 -0.415590
v 1.150201 0.163313 -0.416915
v 1.153902 0.163313 -0.418741
v 1.157335 0.163313 -0.421035
v 1.160438 0.163313 -0.423755
v 1.159343 0.170736 -0.429783
v 1.157038 0.170736 -0.427151
v 1.142247 0.163313 -0.477340
v 1.138127 0.163313 -0.477611
v 1.134011 0.163313 -0.477340
v 1.129962 0.163313 -0.476535
v 1.126053 0.163313 -0.475210
v 1.122353 0.163313 -0.473384
v 1.118923 0.163313 -0.471094
v 1.115820 0.163313 -0.468369
v 1.113100 0.163313 -0.465270
v 1.110806 0.163313 -0.461837
v 1.108980 0.163313 -0.458136
v 1.107655 0.163313 -0.454228
v 1.106849 0.163313 -0.450182
v 1.106578 0.163313 -0.446062
v 1.106849 0.163313 -0.441946
v 1.169405 0.163313 -0.450182
v 1.168604 0.163313 -0.454228
v 1.167275 0.163313 -0.458136
v 1.165449 0.163313 -0.461837
v 1.163159 0.163313 -0.465270
v 1.160438 0.163313 -0.468369
v 1.157335 0.163313 -0.471094
v 1.153902 0.163313 -0.473384
v 1.150201 0.163313 -0.475210
v 1.146293 0.163313 -0.476535
v 1.138127 0.170736 -0.472805
v 1.141620 0.170736 -0.472575
v 1.142808 0.163313 -0.578828
v 1.108174 0.163313 -0.526991
v 1.083444 0.163313 -0.363684
v 1.082638 0.163313 -0.367731
v 1.081313 0.163313 -0.371640
v 1.079487 0.163313 -0.375340
v 1.077193 0.163313 -0.378770
v 1.074472 0.163313 -0.381873
v 1.071370 0.163313 -0.384597
v 1.067940 0.163313 -0.386887
v 1.067068 0.163313 -0.480120
v 1.064240 0.163313 -0.388713
v 1.060331 0.163313 -0.390039
v 1.056282 0.163313 -0.390844
v 1.052165 0.163313 -0.391115
v 1.048046 0.163313 -0.390844
v 1.044000 0.163313 -0.390039
v 1.040091 0.163313 -0.388713
v 1.036391 0.163313 -0.386887
v 1.032958 0.163313 -0.384597
v 1.029855 0.163313 -0.381873
v 1.027980 0.163313 -0.445840
v 1.027134 0.163313 -0.378770
v 1.024840 0.163313 -0.375340
v 1.023018 0.163313 -0.371640
v 1.021689 0.163313 -0.367731
v 1.020884 0.163313 -0.363684
v 1.025423 0.170736 -0.359566
v 1.025649 0.170736 -0.363056
v 1.052165 0.170736 -0.386308
v 1.055654 0.170736 -0.386078
v 1.048673 0.170736 -0.386078
v 1.045243 0.170736 -0.385395
v 1.041932 0.170736 -0.384271
v 1.038792 0.170736 -0.382727
v 1.035886 0.170736 -0.380782
v 1.033255 0.170736 -0.378477
v 1.030950 0.170736 -0.375845
v 1.029005 0.170736 -0.372935
v 1.027457 0.170736 -0.369800
v 1.026332 0.170736 -0.366487
v 1.025649 0.170736 -0.356075
v 1.026332 0.170736 -0.352644
v 1.027457 0.170736 -0.349332
v 1.029005 0.170736 -0.346195
v 1.030950 0.170736 -0.343286
v 1.033255 0.170736 -0.340656
v 1.035886 0.170736 -0.338350
v 1.038792 0.170736 -0.336407
v 1.041932 0.170736 -0.334859
v 1.045243 0.170736 -0.333735
v 1.048673 0.170736 -0.333052
v 1.052165 0.170736 -0.332824
v 1.055654 0.170736 -0.333052
v 1.059084 0.170736 -0.333735
v 1.062399 0.170736 -0.334859
v 1.065535 0.170736 -0.336407
v 1.068445 0.170736 -0.338350
v 1.071073 0.170736 -0.340656
v 1.073381 0.170736 -0.343286
v 1.075323 0.170736 -0.346195
v 1.076870 0.170736 -0.349332
v 1.077995 0.170736 -0.352644
v 1.078678 0.170736 -0.356075
v 1.078908 0.170736 -0.359566
v 1.078678 0.170736 -0.363056
v 1.077995 0.170736 -0.366487
v 1.076870 0.170736 -0.369800
v 1.075323 0.170736 -0.372935
v 1.073381 0.170736 -0.375845
v 1.071073 0.170736 -0.378477
v 1.068445 0.170736 -0.380782
v 1.065535 0.170736 -0.382727
v 1.062399 0.170736 -0.384271
v 1.059084 0.170736 -0.385395
v 1.007982 0.159601 -0.454937
v 1.052878 0.159601 -0.494310
v 0.958327 0.159601 -0.421758
v 0.904768 0.159601 -0.395346
v 0.912448 0.163313 -0.376806
v 0.903428 0.163313 -0.398583
v 0.847312 0.163313 -0.379535
v 0.956575 0.163313 -0.424794
v 1.005848 0.163313 -0.457717
v 1.050403 0.163313 -0.496789
v 1.092255 0.159601 -0.539206
v 1.089471 0.163313 -0.541340
v 1.125430 0.159601 -0.588861
v 1.122397 0.163313 -0.590613
v 1.151842 0.159601 -0.642420
v 1.148605 0.163313 -0.643760
v 1.171039 0.159601 -0.698967
v 1.167654 0.163313 -0.699876
v 1.182689 0.159601 -0.757537
v 1.179215 0.163313 -0.757997
v 1.186594 0.159601 -0.817127
v 1.183090 0.163313 -0.817127
v 1.182689 0.159601 -0.876718
v 1.179215 0.163313 -0.876261
v 1.171039 0.159601 -0.935288
v 1.167654 0.163313 -0.934379
v 1.151842 0.159601 -0.991835
v 1.148605 0.163313 -0.990495
v 1.125430 0.159601 -1.045394
v 1.122397 0.163313 -1.043642
v 1.092255 0.159601 -1.095049
v 1.089471 0.163313 -1.092914
v 1.052878 0.159601 -1.139945
v 1.050403 0.163313 -1.137469
v 1.007982 0.159601 -1.179322
v 1.005848 0.163313 -1.176538
v 0.958327 0.159601 -1.212496
v 0.956575 0.163313 -1.209464
v 0.904768 0.159601 -1.238909
v 0.903428 0.163313 -1.235672
v 0.848221 0.159601 -1.258105
v 0.847312 0.163313 -1.254720
v 0.789651 0.159601 -1.269756
v 0.789195 0.163313 -1.266282
v 0.730061 0.159601 -1.273661
v 0.730061 0.163313 -1.270157
v 0.670470 0.159601 -1.269756
v 0.670930 0.163313 -1.266282
v 0.611900 0.159601 -1.258105
v 0.612810 0.163313 -1.254720
v 0.555353 0.159601 -1.238909
v 0.556693 0.163313 -1.235672
v 0.501794 0.159601 -1.212496
v 0.503546 0.163313 -1.209464
v 0.452140 0.159601 -1.179322
v 0.454274 0.163313 -1.176538
v 0.407243 0.159601 -1.139945
v 0.409723 0.163313 -1.137469
v 0.367869 0.159601 -1.095049
v 0.370649 0.163313 -1.092914
v 0.334691 0.159601 -1.045394
v 0.337726 0.163313 -1.043642
v 0.308279 0.159601 -0.991835
v 0.311517 0.163313 -0.990495
v 0.289084 0.159601 -0.935288
v 0.292469 0.163313 -0.934379
v 0.277433 0.159601 -0.876718
v 0.280908 0.163313 -0.876261
v 0.273528 0.159601 -0.817127
v 0.277032 0.163313 -0.817127
v 0.277433 0.159601 -0.757537
v 0.280908 0.163313 -0.757997
v 0.289084 0.159601 -0.698967
v 0.292469 0.163313 -0.699876
v 0.308279 0.159601 -0.642420
v 0.311517 0.163313 -0.643760
v 0.334691 0.159601 -0.588861
v 0.337726 0.163313 -0.590613
v 0.367869 0.159601 -0.539206
v 0.370649 0.163313 -0.541340
v 0.409723 0.163313 -0.496789
v 0.454274 0.163313 -0.457717
v 0.503546 0.163313 -0.424794
v 0.556693 0.163313 -0.398583
v 0.612810 0.163313 -0.379535
v 0.670930 0.163313 -0.367974
v 0.730061 0.163313 -0.364099
v 0.789195 0.163313 -0.367974
v 0.385374 0.221586 -1.016131
v 0.362348 0.221586 -0.969439
v 0.414299 0.221586 -1.059420
v 0.448625 0.221586 -1.098563
v 0.487768 0.221586 -1.132889
v 0.531057 0.221586 -1.161814
v 0.577749 0.221586 -1.184841
v 0.627047 0.221586 -1.201577
v 0.678109 0.221586 -1.211732
v 0.730061 0.221586 -1.215139
v 0.782013 0.221586 -1.211732
v 0.833074 0.221586 -1.201577
v 0.882372 0.221586 -1.184841
v 0.929065 0.221586 -1.161814
v 0.972354 0.221586 -1.132889
v 1.011497 0.221586 -1.098563
v 1.045822 0.221586 -1.059420
v 1.074747 0.221586 -1.016131
v 1.097774 0.221586 -0.969439
v 1.114510 0.221586 -0.920141
v 1.124665 0.221586 -0.869079
v 1.128073 0.221586 -0.817127
v 1.124665 0.221586 -0.765175
v 1.114510 0.221586 -0.714114
v 1.097774 0.221586 -0.664816
v 1.074747 0.221586 -0.618123
v 1.045822 0.221586 -0.574834
v 1.011497 0.221586 -0.535691
v 0.972354 0.221586 -0.501366
v 0.929065 0.221586 -0.472441
v 0.882372 0.221586 -0.449414
v 0.833074 0.221586 -0.432678
v 0.782013 0.221586 -0.422523
v 0.730061 0.221586 -0.419119
v 0.678109 0.221586 -0.422523
v 0.627047 0.221586 -0.432678
v 0.577749 0.221586 -0.449414
v 0.531057 0.221586 -0.472441
v 0.487768 0.221586 -0.501366
v 0.448625 0.221586 -0.535691
v 0.414299 0.221586 -0.574834
v 0.385374 0.221586 -0.618123
v 0.362348 0.221586 -0.664816
v 0.345613 0.221586 -0.714114
v 0.335456 0.221586 -0.765175
v 0.332051 0.221586 -0.817127
v 0.335456 0.221586 -0.869079
v 0.345613 0.221586 -0.920141
v 0.361125 0.233983 -0.915984
v 0.377186 0.233983 -0.963292
v 0.351378 0.233983 -0.866982
v 0.348110 0.233983 -0.817127
v 0.351378 0.233983 -0.767272
v 0.361125 0.233983 -0.718271
v 0.377186 0.233983 -0.670963
v 0.399282 0.233983 -0.626152
v 0.427038 0.233983 -0.584611
v 0.459982 0.233983 -0.547049
v 0.497544 0.233983 -0.514104
v 0.539085 0.233983 -0.486349
v 0.583896 0.233983 -0.464253
v 0.631205 0.233983 -0.448193
v 0.680206 0.233983 -0.438446
v 0.730061 0.233983 -0.435176
v 0.779916 0.233983 -0.438446
v 0.828917 0.233983 -0.448193
v 0.876226 0.233983 -0.464253
v 0.921036 0.233983 -0.486349
v 0.962577 0.233983 -0.514104
v 1.000139 0.233983 -0.547049
v 1.033084 0.233983 -0.584611
v 1.060840 0.233983 -0.626152
v 1.082939 0.233983 -0.670963
v 1.098995 0.233983 -0.718271
v 1.108742 0.233983 -0.767272
v 1.112012 0.233983 -0.817127
v 1.108742 0.233983 -0.866982
v 1.098995 0.233983 -0.915984
v 1.082939 0.233983 -0.963292
v 1.060840 0.233983 -1.008103
v 1.033084 0.233983 -1.049644
v 1.000139 0.233983 -1.087206
v 0.962577 0.233983 -1.120150
v 0.921036 0.233983 -1.147906
v 0.876226 0.233983 -1.170005
v 0.828917 0.233983 -1.186062
v 0.779916 0.233983 -1.195809
v 0.730061 0.233983 -1.199079
v 0.680206 0.233983 -1.195809
v 0.631205 0.233983 -1.186062
v 0.583896 0.233983 -1.170005
v 0.539085 0.233983 -1.147906
v 0.497544 0.233983 -1.120150
v 0.459982 0.233983 -1.087206
v 0.427038 0.233983 -1.049644
v 0.399282 0.233983 -1.008103
v 0.388277 0.233983 -0.958697
v 0.372725 0.233983 -0.912877
v 0.363283 0.233983 -0.865416
v 0.360118 0.233983 -0.817127
v 0.363283 0.233983 -0.768839
v 0.372725 0.233983 -0.721378
v 0.388277 0.233983 -0.675557
v 0.409682 0.233983 -0.632157
v 0.436565 0.233983 -0.591919
v 0.468471 0.233983 -0.555537
v 0.504852 0.233983 -0.523632
v 0.545090 0.233983 -0.496749
v 0.588491 0.233983 -0.475343
v 0.634311 0.233983 -0.459792
v 0.681772 0.233983 -0.450349
v 0.730061 0.233983 -0.447187
v 0.778349 0.233983 -0.450349
v 0.825810 0.233983 -0.459792
v 0.871631 0.233983 -0.475343
v 0.915031 0.233983 -0.496749
v 0.955269 0.233983 -0.523632
v 0.991651 0.233983 -0.555537
v 1.023556 0.233983 -0.591919
v 1.050439 0.233983 -0.632157
v 1.071845 0.233983 -0.675557
v 1.087397 0.233983 -0.721378
v 1.096839 0.233983 -0.768839
v 1.100005 0.233983 -0.817127
v 1.096839 0.233983 -0.865416
v 1.087397 0.233983 -0.912877
v 1.071845 0.233983 -0.958697
v 1.050439 0.233983 -1.002098
v 1.023556 0.233983 -1.042336
v 0.991651 0.233983 -1.078717
v 0.955269 0.233983 -1.110623
v 0.915031 0.233983 -1.137506
v 0.871631 0.233983 -1.158911
v 0.825810 0.233983 -1.174463
v 0.778349 0.233983 -1.183906
v 0.730061 0.233983 -1.187072
v 0.681772 0.233983 -1.183906
v 0.634311 0.233983 -1.174463
v 0.588491 0.233983 -1.158911
v 0.545090 0.233983 -1.137506
v 0.504852 0.233983 -1.110623
v 0.468471 0.233983 -1.078717
v 0.436565 0.233983 -1.042336
v 0.409682 0.233983 -1.002098
v 0.545699 0.233983 -0.817127
v 0.547277 0.233983 -0.793065
v 0.551983 0.233983 -0.769410
v 0.559733 0.233983 -0.746576
v 0.570400 0.233983 -0.724948
v 0.583799 0.233983 -0.704898
v 0.599700 0.233983 -0.686767
v 0.617831 0.233983 -0.670866
v 0.637882 0.233983 -0.657467
v 0.659510 0.233983 -0.646800
v 0.682344 0.233983 -0.639050
v 0.705998 0.233983 -0.634343
v 0.730061 0.233983 -0.632770
v 0.754123 0.233983 -0.634343
v 0.777778 0.233983 -0.639050
v 0.800612 0.233983 -0.646800
v 0.822240 0.233983 -0.657467
v 0.842294 0.233983 -0.670866
v 0.860421 0.233983 -0.686767
v 0.876322 0.233983 -0.704898
v 0.889721 0.233983 -0.724948
v 0.900389 0.233983 -0.746576
v 0.908139 0.233983 -0.769410
v 0.912845 0.233983 -0.793065
v 0.914422 0.233983 -0.817127
v 0.912845 0.233983 -0.841190
v 0.908139 0.233983 -0.864844
v 0.900389 0.233983 -0.887679
v 0.889721 0.233983 -0.909306
v 0.876322 0.233983 -0.929360
v 0.860421 0.233983 -0.947488
v 0.842294 0.233983 -0.963389
v 0.822240 0.233983 -0.976788
v 0.800612 0.233983 -0.987455
v 0.777778 0.233983 -0.995205
v 0.754123 0.233983 -0.999911
v 0.730061 0.233983 -1.001489
v 0.705998 0.233983 -0.999911
v 0.682344 0.233983 -0.995205
v 0.659510 0.233983 -0.987455
v 0.637882 0.233983 -0.976788
v 0.617831 0.233983 -0.963389
v 0.599700 0.233983 -0.947488
v 0.583799 0.233983 -0.929360
v 0.570400 0.233983 -0.909306
v 0.559733 0.233983 -0.887679
v 0.551983 0.233983 -0.864844
v 0.547277 0.233983 -0.841190
v 0.549411 0.233983 -0.817127
v 0.550959 0.233983 -0.793547
v 0.555568 0.233983 -0.770372
v 0.563163 0.233983 -0.747998
v 0.573615 0.233983 -0.726804
v 0.586743 0.233983 -0.707155
v 0.602324 0.233983 -0.689391
v 0.620088 0.233983 -0.673809
v 0.639738 0.233983 -0.660681
v 0.660931 0.233983 -0.650229
v 0.683305 0.233983 -0.642635
v 0.706481 0.233983 -0.638025
v 0.730061 0.233983 -0.636481
v 0.753641 0.233983 -0.638025
v 0.776816 0.233983 -0.642635
v 0.799190 0.233983 -0.650229
v 0.820384 0.233983 -0.660681
v 0.840033 0.233983 -0.673809
v 0.857797 0.233983 -0.689391
v 0.873379 0.233983 -0.707155
v 0.886507 0.233983 -0.726804
v 0.896959 0.233983 -0.747998
v 0.904553 0.233983 -0.770372
v 0.909163 0.233983 -0.793547
v 0.910711 0.233983 -0.817127
v 0.909163 0.233983 -0.840708
v 0.904553 0.233983 -0.863883
v 0.896959 0.233983 -0.886257
v 0.886507 0.233983 -0.907450
v 0.873379 0.233983 -0.927100
v 0.857797 0.233983 -0.944864
v 0.840033 0.233983 -0.960445
v 0.820384 0.233983 -0.973574
v 0.799190 0.233983 -0.984026
v 0.776816 0.233983 -0.991620
v 0.753641 0.233983 -0.996230
v 0.730061 0.233983 -0.997777
v 0.706481 0.233983 -0.996230
v 0.683305 0.233983 -0.991620
v 0.660931 0.233983 -0.984026
v 0.639738 0.233983 -0.973574
v 0.620088 0.233983 -0.960445
v 0.602324 0.233983 -0.944864
v 0.586743 0.233983 -0.927100
v 0.573615 0.233983 -0.907450
v 0.563163 0.233983 -0.886257
v 0.555568 0.233983 -0.863883
v 0.550959 0.233983 -0.840708
v 0.560965 0.226559 -0.817127
v 0.562413 0.226559 -0.839201
v 0.562413 0.226559 -0.795058
v 0.566729 0.226559 -0.773363
v 0.573837 0.226559 -0.752418
v 0.583621 0.226559 -0.732580
v 0.595910 0.226559 -0.714188
v 0.610494 0.226559 -0.697560
v 0.627122 0.226559 -0.682977
v 0.645513 0.226559 -0.670688
v 0.665352 0.226559 -0.660904
v 0.686297 0.226559 -0.653796
v 0.707991 0.226559 -0.649479
v 0.730061 0.226559 -0.648032
v 0.752134 0.226559 -0.649479
v 0.773825 0.226559 -0.653796
v 0.794770 0.226559 -0.660904
v 0.814609 0.226559 -0.670688
v 0.833000 0.226559 -0.682977
v 0.849628 0.226559 -0.697560
v 0.864211 0.226559 -0.714188
v 0.876500 0.226559 -0.732580
v 0.886284 0.226559 -0.752418
v 0.893392 0.226559 -0.773363
v 0.897709 0.226559 -0.795058
v 0.899156 0.226559 -0.817127
v 0.897709 0.226559 -0.839201
v 0.893392 0.226559 -0.860891
v 0.886284 0.226559 -0.881836
v 0.876500 0.226559 -0.901675
v 0.864211 0.226559 -0.920066
v 0.849628 0.226559 -0.936695
v 0.833000 0.226559 -0.951281
v 0.814609 0.226559 -0.963567
v 0.794770 0.226559 -0.973351
v 0.773825 0.226559 -0.980462
v 0.752134 0.226559 -0.984775
v 0.730061 0.226559 -0.986223
v 0.707991 0.226559 -0.984775
v 0.686297 0.226559 -0.980462
v 0.665352 0.226559 -0.973351
v 0.645513 0.226559 -0.963567
v 0.627122 0.226559 -0.951281
v 0.610494 0.226559 -0.936695
v 0.595910 0.226559 -0.920066
v 0.583621 0.226559 -0.901675
v 0.573837 0.226559 -0.881836
v 0.566729 0.226559 -0.860891
v 0.730061 0.163313 -1.293726
v 0.792268 0.163313 -1.289651
v 0.853414 0.163313 -1.277488
v 0.912448 0.163313 -1.257448
v 0.968360 0.163313 -1.229874
v 1.020197 0.163313 -1.195241
v 1.190421 0.163313 -0.940481
v 1.202584 0.163313 -0.879335
v 1.145050 0.170736 -0.471892
v 1.112298 0.170736 -0.452984
v 1.111615 0.170736 -0.449551
v 1.111385 0.170736 -0.446062
v 1.111615 0.170736 -0.442573
v 1.112298 0.170736 -0.439140
v 1.113423 0.170736 -0.435829
v 1.114967 0.170736 -0.432693
v 1.116912 0.170736 -0.429783
v 1.119216 0.170736 -0.427151
v 1.121848 0.170736 -0.424846
v 1.124758 0.170736 -0.422902
v 1.127894 0.170736 -0.421357
v 1.131205 0.170736 -0.420233
v 1.134638 0.170736 -0.419550
v 1.138127 0.170736 -0.419320
v 1.141620 0.170736 -0.419550
v 1.145050 0.170736 -0.420233
v 1.148360 0.170736 -0.421357
v 1.151500 0.170736 -0.422902
v 1.154407 0.170736 -0.424846
v 1.161288 0.170736 -0.432693
v 1.162836 0.170736 -0.435829
v 1.163960 0.170736 -0.439140
v 1.164640 0.170736 -0.442573
v 1.164870 0.170736 -0.446062
v 1.164640 0.170736 -0.449551
v 1.163960 0.170736 -0.452984
v 1.162836 0.170736 -0.456295
v 1.161288 0.170736 -0.459432
v 1.159343 0.170736 -0.462342
v 1.157038 0.170736 -0.464973
v 1.154407 0.170736 -0.467278
v 1.151500 0.170736 -0.469223
v 1.148360 0.170736 -0.470771
v 1.134638 0.170736 -0.472575
v 1.131205 0.170736 -0.471892
v 1.127894 0.170736 -0.470771
v 1.124758 0.170736 -0.469223
v 1.121848 0.170736 -0.467278
v 1.119216 0.170736 -0.464973
v 1.116912 0.170736 -0.462342
v 1.114967 0.170736 -0.459432
v 1.113423 0.170736 -0.456295
v 1.207201 0.152178 -1.235409
v 1.207201 0.152178 -1.324314
v 1.208523 0.152178 -1.228761
v 1.212286 0.152178 -1.223127
v 1.217921 0.152178 -1.219363
v 1.224564 0.152178 -1.218042
v 1.231212 0.152178 -1.219363
v 1.236843 0.152178 -1.223127
v 1.240606 0.152178 -1.228761
v 1.241931 0.152178 -1.235409
v 1.241931 0.152178 -1.324314
v 1.240606 0.152178 -1.330958
v 1.236843 0.152178 -1.336592
v 1.231212 0.152178 -1.340356
v 1.224564 0.152178 -1.341677
v 1.217921 0.152178 -1.340356
v 1.212286 0.152178 -1.336592
v 1.208523 0.152178 -1.330958
v 1.053119 0.163313 -1.386796
v 1.058687 0.163313 -1.386796
v 0.994668 0.163313 -1.386796
v 0.905937 0.163313 -1.386796
v 0.894803 0.163313 -1.386796
v 0.889235 0.163313 -1.386796
v 0.830784 0.163313 -1.386796
v 0.742053 0.163313 -1.386796
v 0.730918 0.163313 -1.386796
v 0.725351 0.163313 -1.386796
v 0.742053 0.170736 -1.386796
v 0.742053 0.170736 -1.415591
v 0.830784 0.170736 -1.386796
v 0.830784 0.170736 -1.415591
v 0.905937 0.170736 -1.386796
v 0.905937 0.170736 -1.415591
v 0.994668 0.170736 -1.386796
v 0.994668 0.170736 -1.415591
v 0.958955 0.170736 -0.168311
v 0.566830 0.170736 -0.168311
v 0.566830 0.170736 -0.272342
v 0.755471 0.170736 -0.272342
v 0.755471 0.170736 -0.168311
v 1.086350 0.163313 -1.549173
v 1.151653 0.163313 -1.541787
v 1.142025 0.163313 -1.549173
v 1.128600 0.163313 -1.554737
v 1.114187 0.163313 -1.556633
v 1.099779 0.163313 -1.554737
v 1.162405 0.163313 -1.473121
v 1.167965 0.163313 -1.515367
v 1.162405 0.163313 -1.528796
v 1.153557 0.163313 -1.540325
v 1.074821 0.163313 -1.540325
v 1.065973 0.163313 -1.528796
v 1.060413 0.163313 -1.515367
v 1.058512 0.163313 -1.500959
v 1.060413 0.163313 -1.486546
v 1.065973 0.163313 -1.473121
v 1.074821 0.163313 -1.461589
v 1.086350 0.163313 -1.452741
v 1.099779 0.163313 -1.447181
v 1.114187 0.163313 -1.445284
v 1.128600 0.163313 -1.447181
v 1.142025 0.163313 -1.452741
v 1.153557 0.163313 -1.461589
v 1.167965 0.181871 -1.486546
v 1.162405 0.181871 -1.473121
v 1.169862 0.181871 -1.500959
v 1.167965 0.181871 -1.515367
v 1.086350 0.181871 -1.549173
v 1.099779 0.181871 -1.554737
v 1.074821 0.181871 -1.540325
v 1.065973 0.181871 -1.528796
v 1.060413 0.181871 -1.515367
v 1.058512 0.181871 -1.500959
v 1.060413 0.181871 -1.486546
v 1.065973 0.181871 -1.473121
v 1.074821 0.181871 -1.461589
v 1.086350 0.181871 -1.452741
v 1.099779 0.181871 -1.447181
v 1.114187 0.181871 -1.445284
v 1.128600 0.181871 -1.447181
v 1.142025 0.181871 -1.452741
v 1.153557 0.181871 -1.461589
v 1.143119 0.256104 -1.484256
v 1.137808 0.256104 -1.477338
v 1.112903 0.256104 -1.498728
v 1.112933 0.256104 -1.490139
v 1.101516 0.256104 -1.470360
v 1.105543 0.256104 -1.468690
v 1.114187 0.256104 -1.467554
v 1.122835 0.256104 -1.468690
v 1.130890 0.256104 -1.472026
v 1.146456 0.256104 -1.492311
v 1.147592 0.256104 -1.500959
v 1.146456 0.256104 -1.509603
v 1.143119 0.256104 -1.517661
v 1.137808 0.256104 -1.524580
v 1.130890 0.256104 -1.529887
v 1.122835 0.256104 -1.533224
v 1.114187 0.256104 -1.534364
v 1.105543 0.256104 -1.533224
v 1.097485 0.256104 -1.529887
v 1.090570 0.256104 -1.524580
v 1.085259 0.256104 -1.517661
v 1.081922 0.256104 -1.509603
v 1.080782 0.256104 -1.500959
v 1.081922 0.256104 -1.492311
v 1.085259 0.256104 -1.484256
v 1.090570 0.256104 -1.477338
v 1.094029 0.256104 -1.474684
v 1.105446 0.256104 -1.494460
v 1.112933 0.257960 -1.490139
v 1.105446 0.257960 -1.494460
v 1.101516 0.257960 -1.470360
v 1.094029 0.257960 -1.474684
v 1.097485 0.257960 -1.472026
v 1.097485 0.256104 -1.472026
v 1.114187 0.181871 -1.556633
v 1.128600 0.181871 -1.554737
v 1.142025 0.181871 -1.549173
v 1.153557 0.181871 -1.540325
v 1.162405 0.181871 -1.528796
v 1.069822 0.170736 -1.415591
v 1.158556 0.170736 -1.415591
v 1.069822 0.170736 -1.386796
v 1.158556 0.170736 -1.386796
v 1.080782 0.239603 -2.090874
v 0.203918 0.239603 -2.090874
v 0.192783 0.239603 -2.090874
v 0.125973 0.239603 -2.090874
v 0.125973 0.193369 -1.813484
v 0.129684 0.182229 -1.724070
v 0.129684 0.196420 -1.809212
v 0.192783 0.177958 -1.721019
v 0.189071 0.182229 -1.724070
v 0.192783 0.193369 -1.813484
v 0.189071 0.196420 -1.809212
v 0.203918 0.177958 -1.721019
v 1.080782 0.177958 -1.721019
v 1.065936 0.165754 -1.738104
v 1.065936 0.222517 -2.078670
v 0.218764 0.165754 -1.738104
v 0.218764 0.222517 -2.078670
v 0.192783 0.231897 -2.044641
v 0.192783 0.224192 -1.998409
v 0.192783 0.216486 -1.952177
v 0.192783 0.208780 -1.905944
v 0.189071 0.197641 -1.816535
v 0.189071 0.211831 -1.901676
v 0.129684 0.197641 -1.816535
v 0.129684 0.211831 -1.901676
v 0.125973 0.208780 -1.905944
v 0.189071 0.213052 -1.908996
v 0.129684 0.213052 -1.908996
v 0.189071 0.219537 -1.947905
v 0.125973 0.216486 -1.952177
v 0.129684 0.219537 -1.947905
v 0.125973 0.224192 -1.998409
v 0.129684 0.220757 -1.955228
v 0.129684 0.227242 -1.994137
v 0.189071 0.220757 -1.955228
v 0.189071 0.227242 -1.994137
v 0.189071 0.228463 -2.001460
v 0.129684 0.228463 -2.001460
v 0.189071 0.234948 -2.040369
v 0.125973 0.231897 -2.044641
v 0.129684 0.234948 -2.040369
v 0.129684 0.236169 -2.047693
v 0.129684 0.242654 -2.086602
v 0.189071 0.236169 -2.047693
v 0.189071 0.242654 -2.086602
v 1.213433 0.177333 -1.261713
v 1.216878 0.184469 -1.257593
v 1.217557 0.186175 -1.260547
v 1.214372 0.179698 -1.265811
v 1.214372 0.174968 -1.257619
v 1.217557 0.182763 -1.254639
v 1.217052 0.172963 -1.254145
v 1.219487 0.181317 -1.252133
v 1.222382 0.180351 -1.250459
v 1.221061 0.171624 -1.251825
v 1.223113 0.183612 -1.250615
v 1.220838 0.184371 -1.251933
v 1.225793 0.180011 -1.249873
v 1.225793 0.183346 -1.250155
v 1.225793 0.171154 -1.251009
v 1.221061 0.163313 -1.256624
v 1.225793 0.163313 -1.255537
v 1.217052 0.163313 -1.259716
v 1.214372 0.163313 -1.264348
v 1.213433 0.163313 -1.269808
v 1.214372 0.163313 -1.275272
v 1.217052 0.181703 -1.269281
v 1.217052 0.163313 -1.279900
v 1.221061 0.183043 -1.271601
v 1.221061 0.163313 -1.282992
v 1.225793 0.183513 -1.272417
v 1.225793 0.163313 -1.284079
v 1.230522 0.183043 -1.271601
v 1.230522 0.163313 -1.282992
v 1.234530 0.181703 -1.269281
v 1.234530 0.163313 -1.279900
v 1.237210 0.179698 -1.265811
v 1.237210 0.163313 -1.275272
v 1.238153 0.177333 -1.261713
v 1.238153 0.163313 -1.269808
v 1.237210 0.174968 -1.257619
v 1.237210 0.163313 -1.264348
v 1.234530 0.172963 -1.254145
v 1.234530 0.163313 -1.259716
v 1.230522 0.171624 -1.251825
v 1.230522 0.163313 -1.256624
v 1.230522 0.155889 -1.260908
v 1.225793 0.155889 -1.259824
v 1.234530 0.155889 -1.264003
v 1.237210 0.155889 -1.268631
v 1.238153 0.155889 -1.274095
v 1.237210 0.155889 -1.279555
v 1.234530 0.155889 -1.284187
v 1.230522 0.155889 -1.287279
v 1.225793 0.155889 -1.288366
v 1.221061 0.155889 -1.287279
v 1.217052 0.155889 -1.284187
v 1.214372 0.155889 -1.279555
v 1.213433 0.155889 -1.274095
v 1.214372 0.155889 -1.268631
v 1.217052 0.155889 -1.264003
v 1.221061 0.155889 -1.260908
v 1.229204 0.180351 -1.250459
v 1.232095 0.181317 -1.252133
v 1.234029 0.182763 -1.254639
v 1.234708 0.184469 -1.257593
v 1.234029 0.186175 -1.260547
v 1.232095 0.187621 -1.263053
v 1.229204 0.188588 -1.264727
v 1.225793 0.188927 -1.265313
v 1.222382 0.188588 -1.264727
v 1.219487 0.187621 -1.263053
v 1.219320 0.188188 -1.258543
v 1.220838 0.189324 -1.260510
v 1.218789 0.186848 -1.256220
v 1.219320 0.185508 -1.253900
v 1.223113 0.190083 -1.261824
v 1.228473 0.183612 -1.250615
v 1.230744 0.184371 -1.251933
v 1.232262 0.185508 -1.253900
v 1.232797 0.186848 -1.256220
v 1.232262 0.188188 -1.258543
v 1.230744 0.189324 -1.260510
v 1.228473 0.190083 -1.261824
v 1.225793 0.190350 -1.262285
v 0.747053 0.163313 -1.540325
v 0.738204 0.163313 -1.528796
v 0.738204 0.181871 -1.528796
v 0.747053 0.181871 -1.540325
v 0.823884 0.163313 -1.541787
v 0.748953 0.163313 -1.541787
v 0.732640 0.163313 -1.515367
v 0.730744 0.163313 -1.500959
v 0.732640 0.163313 -1.486546
v 0.738204 0.163313 -1.473121
v 0.747053 0.163313 -1.461589
v 0.758581 0.163313 -1.452741
v 0.772010 0.163313 -1.447181
v 0.786418 0.163313 -1.445284
v 0.800827 0.163313 -1.447181
v 0.814256 0.163313 -1.452741
v 0.825788 0.163313 -1.461589
v 0.834637 0.163313 -1.473121
v 0.840197 0.163313 -1.486546
v 0.842093 0.163313 -1.500959
v 0.840197 0.163313 -1.515367
v 0.834637 0.163313 -1.528796
v 0.825788 0.163313 -1.540325
v 0.814256 0.163313 -1.549173
v 0.800827 0.163313 -1.554737
v 0.786418 0.163313 -1.556633
v 0.772010 0.163313 -1.554737
v 0.758581 0.163313 -1.549173
v 0.814256 0.181871 -1.549173
v 0.825788 0.181871 -1.540325
v 0.800827 0.181871 -1.554737
v 0.786418 0.181871 -1.556633
v 0.772010 0.181871 -1.554737
v 0.758581 0.181871 -1.549173
v 0.762798 0.256104 -1.524580
v 0.769716 0.256104 -1.529887
v 0.757490 0.256104 -1.517661
v 0.732640 0.181871 -1.515367
v 0.754153 0.256104 -1.509603
v 0.730744 0.181871 -1.500959
v 0.732640 0.181871 -1.486546
v 0.738204 0.181871 -1.473121
v 0.747053 0.181871 -1.461589
v 0.758581 0.181871 -1.452741
v 0.772010 0.181871 -1.447181
v 0.786418 0.181871 -1.445284
v 0.800827 0.181871 -1.447181
v 0.814256 0.181871 -1.452741
v 0.825788 0.181871 -1.461589
v 0.834637 0.181871 -1.473121
v 0.840197 0.181871 -1.486546
v 0.842093 0.181871 -1.500959
v 0.840197 0.181871 -1.515367
v 0.834637 0.181871 -1.528796
v 0.810039 0.256104 -1.524580
v 0.815347 0.256104 -1.517661
v 0.803121 0.256104 -1.529887
v 0.795063 0.256104 -1.533224
v 0.786418 0.256104 -1.534364
v 0.777774 0.256104 -1.533224
v 0.785131 0.256104 -1.498728
v 0.785164 0.256104 -1.490139
v 0.773743 0.256104 -1.470360
v 0.777774 0.256104 -1.468690
v 0.786418 0.256104 -1.467554
v 0.795063 0.256104 -1.468690
v 0.803121 0.256104 -1.472026
v 0.810039 0.256104 -1.477338
v 0.815347 0.256104 -1.484256
v 0.818684 0.256104 -1.492311
v 0.819823 0.256104 -1.500959
v 0.818684 0.256104 -1.509603
v 0.753014 0.256104 -1.500959
v 0.754153 0.256104 -1.492311
v 0.757490 0.256104 -1.484256
v 0.762798 0.256104 -1.477338
v 0.766257 0.256104 -1.474684
v 0.777678 0.256104 -1.494460
v 0.785164 0.257960 -1.490139
v 0.777678 0.257960 -1.494460
v 0.773743 0.257960 -1.470360
v 0.766257 0.257960 -1.474684
v 0.769716 0.257960 -1.472026
v 0.769716 0.256104 -1.472026
v 0.935894 0.181871 -1.554737
v 0.941658 0.256104 -1.533224
v 0.950303 0.256104 -1.534364
v 0.950303 0.181871 -1.556633
v 0.922466 0.181871 -1.549173
v 0.933600 0.256104 -1.529887
v 0.935894 0.163313 -1.554737
v 0.922466 0.163313 -1.549173
v 0.912837 0.163313 -1.541787
v 0.987768 0.163313 -1.541787
v 0.978140 0.163313 -1.549173
v 0.964715 0.163313 -1.554737
v 0.950303 0.163313 -1.556633
v 0.910937 0.163313 -1.540325
v 0.902088 0.163313 -1.528796
v 0.896525 0.163313 -1.515367
v 0.894628 0.163313 -1.500959
v 0.896525 0.163313 -1.486546
v 0.902088 0.163313 -1.473121
v 0.910937 0.163313 -1.461589
v 0.922466 0.163313 -1.452741
v 0.935894 0.163313 -1.447181
v 0.950303 0.163313 -1.445284
v 0.964715 0.163313 -1.447181
v 0.978140 0.163313 -1.452741
v 0.989672 0.163313 -1.461589
v 0.998521 0.163313 -1.473121
v 1.004081 0.163313 -1.486546
v 1.005978 0.163313 -1.500959
v 1.004081 0.163313 -1.515367
v 0.998521 0.163313 -1.528796
v 0.989672 0.163313 -1.540325
v 0.910937 0.181871 -1.540325
v 0.902088 0.181871 -1.528796
v 0.896525 0.181871 -1.515367
v 0.894628 0.181871 -1.500959
v 0.896525 0.181871 -1.486546
v 0.902088 0.181871 -1.473121
v 0.910937 0.181871 -1.461589
v 0.922466 0.181871 -1.452741
v 0.935894 0.181871 -1.447181
v 0.950303 0.181871 -1.445284
v 0.964715 0.181871 -1.447181
v 0.978140 0.181871 -1.452741
v 0.989672 0.181871 -1.461589
v 0.998521 0.181871 -1.473121
v 1.004081 0.181871 -1.486546
v 1.005978 0.181871 -1.500959
v 1.004081 0.181871 -1.515367
v 0.998521 0.181871 -1.528796
v 0.989672 0.181871 -1.540325
v 0.978140 0.181871 -1.549173
v 0.964715 0.181871 -1.554737
v 0.958951 0.256104 -1.533224
v 0.949019 0.256104 -1.498728
v 0.949048 0.256104 -1.490139
v 0.937631 0.256104 -1.470360
v 0.941658 0.256104 -1.468690
v 0.950303 0.256104 -1.467554
v 0.958951 0.256104 -1.468690
v 0.967005 0.256104 -1.472026
v 0.973924 0.256104 -1.477338
v 0.979235 0.256104 -1.484256
v 0.982572 0.256104 -1.492311
v 0.983708 0.256104 -1.500959
v 0.982572 0.256104 -1.509603
v 0.979235 0.256104 -1.517661
v 0.973924 0.256104 -1.524580
v 0.967005 0.256104 -1.529887
v 0.926682 0.256104 -1.524580
v 0.921374 0.256104 -1.517661
v 0.918037 0.256104 -1.509603
v 0.916898 0.256104 -1.500959
v 0.918037 0.256104 -1.492311
v 0.921374 0.256104 -1.484256
v 0.926682 0.256104 -1.477338
v 0.930141 0.256104 -1.474684
v 0.941562 0.256104 -1.494460
v 0.949048 0.257960 -1.490139
v 0.941562 0.257960 -1.494460
v 0.937631 0.257960 -1.470360
v 0.930141 0.257960 -1.474684
v 0.933600 0.257960 -1.472026
v 0.933600 0.256104 -1.472026
v 0.375419 0.216895 -1.014055
v 0.335443 0.168004 -1.037137
v 0.315288 0.168004 -0.996267
v 0.357935 0.216895 -0.978601
v 0.404158 0.216895 -1.058661
v 0.367535 0.168004 -1.086763
v 0.342218 0.168004 -1.048872
v 0.382195 0.216895 -1.025791
v 0.438472 0.216895 -1.099134
v 0.405833 0.168004 -1.131776
v 0.375785 0.168004 -1.097514
v 0.412408 0.216895 -1.069412
v 0.477776 0.216895 -1.134780
v 0.449674 0.168004 -1.171402
v 0.415415 0.168004 -1.141358
v 0.448054 0.216895 -1.108717
v 0.521397 0.216895 -1.164993
v 0.498316 0.168004 -1.204972
v 0.460425 0.168003 -1.179651
v 0.488527 0.216895 -1.143030
v 0.568587 0.216895 -1.189254
v 0.550921 0.168003 -1.231901
v 0.510052 0.168004 -1.211748
v 0.533133 0.216895 -1.171769
v 0.618540 0.216895 -1.207148
v 0.606595 0.168004 -1.251735
v 0.563441 0.168004 -1.237087
v 0.581107 0.216895 -1.194440
v 0.670401 0.216895 -1.218366
v 0.664379 0.168004 -1.264133
v 0.619684 0.168004 -1.255242
v 0.631630 0.216895 -1.210655
v 0.723285 0.216895 -1.222722
v 0.723285 0.168004 -1.268882
v 0.677814 0.168004 -1.265902
v 0.683837 0.216895 -1.220135
v 0.776285 0.216895 -1.220135
v 0.782311 0.168004 -1.265902
v 0.736837 0.168004 -1.268882
v 0.736837 0.216895 -1.222722
v 0.828492 0.216895 -1.210655
v 0.840437 0.168004 -1.255242
v 0.795746 0.168004 -1.264133
v 0.789720 0.216895 -1.218366
v 0.879014 0.216895 -1.194440
v 0.896680 0.168004 -1.237087
v 0.853527 0.168004 -1.251735
v 0.841581 0.216895 -1.207148
v 0.926988 0.216895 -1.171769
v 0.950070 0.168004 -1.211748
v 0.909200 0.168003 -1.231901
v 0.891534 0.216895 -1.189254
v 0.971595 0.216895 -1.143030
v 0.999696 0.168003 -1.179651
v 0.961806 0.168004 -1.204972
v 0.938724 0.216895 -1.164993
v 1.012068 0.216895 -1.108716
v 1.044709 0.168004 -1.141358
v 1.010447 0.168004 -1.171402
v 0.982346 0.216895 -1.134780
v 1.047714 0.216895 -1.069412
v 1.084335 0.168004 -1.097514
v 1.054292 0.168004 -1.131776
v 1.021650 0.216895 -1.099134
v 1.077926 0.216895 -1.025791
v 1.117905 0.168004 -1.048872
v 1.092585 0.168003 -1.086763
v 1.055963 0.216895 -1.058661
v 1.102187 0.216895 -0.978601
v 1.144834 0.168004 -0.996267
v 1.124681 0.168004 -1.037137
v 1.084702 0.216895 -1.014055
v 1.120081 0.216895 -0.928648
v 1.164668 0.168004 -0.940594
v 1.150020 0.168004 -0.983747
v 1.107373 0.216895 -0.966081
v 1.131299 0.216895 -0.876787
v 1.177067 0.168004 -0.882813
v 1.168176 0.168004 -0.927504
v 1.123588 0.216895 -0.915558
v 1.135655 0.216895 -0.823903
v 1.181815 0.168004 -0.823903
v 1.178836 0.168004 -0.869377
v 1.133068 0.216895 -0.863351
v 1.133068 0.216895 -0.770904
v 1.178836 0.168004 -0.764881
v 1.181815 0.168004 -0.810352
v 1.135655 0.216895 -0.810352
v 1.123588 0.216895 -0.718697
v 1.168176 0.168004 -0.706751
v 1.177067 0.168004 -0.751445
v 1.131299 0.216895 -0.757468
v 1.107373 0.216895 -0.668174
v 1.150020 0.168004 -0.650508
v 1.164668 0.168004 -0.693661
v 1.120081 0.216895 -0.705607
v 1.084702 0.216895 -0.620200
v 1.124681 0.168004 -0.597118
v 1.144834 0.168004 -0.637988
v 1.102187 0.216895 -0.655654
v 1.055963 0.216895 -0.575594
v 1.092585 0.168004 -0.547492
v 1.117905 0.168004 -0.585382
v 1.077926 0.216895 -0.608464
v 1.021650 0.216895 -0.535121
v 1.054292 0.168004 -0.502482
v 1.084335 0.168004 -0.536741
v 1.047714 0.216895 -0.564842
v 0.982346 0.216895 -0.499475
v 1.010447 0.168004 -0.462853
v 1.044709 0.168004 -0.492900
v 1.012068 0.216895 -0.525538
v 0.938724 0.216895 -0.469262
v 0.961806 0.168004 -0.429286
v 0.999696 0.168004 -0.454604
v 0.971594 0.216895 -0.491225
v 0.891534 0.216895 -0.445001
v 0.909200 0.168004 -0.402354
v 0.950070 0.168004 -0.422511
v 0.926988 0.216895 -0.462486
v 0.841581 0.216895 -0.427107
v 0.853527 0.168004 -0.382520
v 0.896680 0.168004 -0.397168
v 0.879014 0.216895 -0.439815
v 0.789720 0.216895 -0.415889
v 0.795746 0.168004 -0.370123
v 0.840437 0.168004 -0.379012
v 0.828492 0.216895 -0.423600
v 0.736837 0.216895 -0.411536
v 0.736837 0.168004 -0.365374
v 0.782310 0.168004 -0.368354
v 0.776285 0.216895 -0.414120
v 0.683837 0.216895 -0.414120
v 0.677814 0.168004 -0.368354
v 0.723285 0.168004 -0.365374
v 0.723285 0.216895 -0.411536
v 0.631630 0.216895 -0.423600
v 0.619684 0.168004 -0.379013
v 0.664379 0.168004 -0.370123
v 0.670401 0.216895 -0.415889
v 0.581107 0.216895 -0.439815
v 0.563441 0.168004 -0.397168
v 0.606595 0.168004 -0.382520
v 0.618540 0.216895 -0.427107
v 0.533133 0.216895 -0.462486
v 0.510051 0.168004 -0.422511
v 0.550921 0.168004 -0.402354
v 0.568587 0.216895 -0.445001
v 0.488527 0.216895 -0.491225
v 0.460426 0.168004 -0.454604
v 0.498316 0.168004 -0.429286
v 0.521397 0.216895 -0.469262
v 0.448054 0.216895 -0.525538
v 0.415415 0.168004 -0.492900
v 0.449674 0.168004 -0.462853
v 0.477776 0.216895 -0.499475
v 0.412408 0.216895 -0.564843
v 0.375785 0.168004 -0.536741
v 0.405833 0.168004 -0.502482
v 0.438471 0.216895 -0.535120
v 0.382195 0.216895 -0.608464
v 0.342218 0.168004 -0.585382
v 0.367535 0.168004 -0.547492
v 0.404158 0.216895 -0.575594
v 0.357935 0.216895 -0.655654
v 0.315288 0.168004 -0.637988
v 0.335443 0.168004 -0.597118
v 0.375419 0.216895 -0.620200
v 0.340042 0.216895 -0.705607
v 0.295454 0.168004 -0.693661
v 0.310102 0.168004 -0.650508
v 0.352749 0.216895 -0.668174
v 0.328822 0.216895 -0.757468
v 0.283056 0.168004 -0.751445
v 0.291947 0.168004 -0.706751
v 0.336535 0.216895 -0.718697
v 0.324468 0.216895 -0.810352
v 0.278307 0.168004 -0.810352
v 0.281287 0.168004 -0.764881
v 0.327053 0.216895 -0.770904
v 0.327053 0.216895 -0.863351
v 0.281287 0.168004 -0.869377
v 0.278307 0.168004 -0.823903
v 0.324468 0.216895 -0.823903
v 0.336534 0.216895 -0.915558
v 0.291946 0.168004 -0.927504
v 0.283056 0.168004 -0.882813
v 0.328822 0.216895 -0.876787
v 0.352749 0.216895 -0.966081
v 0.310102 0.168004 -0.983747
v 0.295454 0.168004 -0.940594
v 0.340042 0.216895 -0.928648
vn -0.0000 1.0000 -0.0000
vn -0.0000 -0.0000 -1.0000
vn 1.0000 -0.0000 -0.0000
vn -0.0000 -0.0000 1.0000
vn -1.0000 -0.0000 -0.0000
vn -0.0000 0.5745 -0.8185
vn -0.0000 0.5745 0.8185
vn -0.0000 0.1053 0.9944
vn -0.0000 0.0646 0.9979
vn -0.0000 0.1860 0.9825
vn -0.0000 0.2656 0.9641
vn -0.0000 0.1861 0.9825
vn -0.0000 0.3433 0.9392
vn -0.0000 0.4188 0.9081
vn -0.0000 0.3434 0.9392
vn -0.0000 0.4915 0.8709
vn -0.0000 0.5608 0.8279
vn -0.0000 0.6265 0.7794
vn -0.0000 0.6880 0.7257
vn -0.0000 0.7449 0.6672
vn -0.0000 0.7716 0.6361
vn -0.0000 0.7449 0.6671
vn -0.0000 0.4187 0.9081
vn -0.0000 -1.0000 -0.0000
vn -0.0000 0.4187 -0.9081
vn -0.0000 0.7716 -0.6361
vn -0.0000 0.7449 -0.6672
vn -0.0000 0.6880 -0.7257
vn -0.0000 0.6265 -0.7794
vn -0.0000 0.5609 -0.8279
vn -0.0000 0.5608 -0.8279
vn -0.0000 0.4915 -0.8709
vn -0.0000 0.4188 -0.9081
vn -0.0000 0.3433 -0.9392
vn -0.0000 0.2656 -0.9641
vn -0.0000 0.1861 -0.9825
vn -0.0000 0.1860 -0.9825
vn -0.0000 0.1053 -0.9944
vn -0.0000 0.0646 -0.9979
vn -0.7626 0.6469 -0.0000
vn 0.7626 0.6469 -0.0000
vn 0.9919 0.1270 -0.0000
vn 0.9969 0.0780 -0.0000
vn 0.9748 0.2229 -0.0000
vn 0.9488 0.3158 -0.0000
vn 0.9748 0.2233 -0.0000
vn 0.9147 0.4041 -0.0000
vn 0.9487 0.3162 -0.0000
vn 0.8735 0.4869 -0.0000
vn 0.9145 0.4045 -0.0000
vn 0.8261 0.5635 -0.0000
vn 0.7737 0.6336 -0.0000
vn 0.7172 0.6969 -0.0000
vn 0.6575 0.7535 -0.0000
vn 0.7171 0.6969 -0.0000
vn 0.7171 0.6969 -0.0001
vn 0.5953 0.8035 -0.0000
vn 0.5635 0.8261 -0.0000
vn -0.8735 0.4868 -0.0000
vn -0.5635 0.8261 -0.0000
vn -0.5953 0.8035 -0.0000
vn -0.6574 0.7535 -0.0000
vn -0.6575 0.7535 -0.0000
vn -0.7172 0.6969 -0.0000
vn -0.7172 0.6969 0.0001
vn -0.7737 0.6336 -0.0000
vn -0.8261 0.5635 -0.0000
vn -0.8735 0.4869 -0.0000
vn -0.9146 0.4045 -0.0000
vn -0.9147 0.4041 -0.0000
vn -0.9487 0.3162 -0.0000
vn -0.9488 0.3158 -0.0000
vn -0.9747 0.2233 -0.0000
vn -0.9749 0.2229 -0.0000
vn -0.9919 0.1270 -0.0000
vn -0.9969 0.0780 -0.0000
vn -0.0000 0.0001 1.0000
vn -0.0000 0.5744 0.8185
vn -0.0000 0.1052 0.9944
vn -0.0000 0.0645 0.9979
vn -0.0000 0.5609 0.8279
vn -0.0000 0.7715 0.6362
vn -0.0000 0.7715 -0.6362
vn -0.0000 0.7449 -0.6671
vn -0.0000 0.2655 -0.9641
vn -0.0000 0.7713 0.6365
vn -0.0000 0.7713 -0.6365
vn -0.0000 0.7450 -0.6671
vn -0.0000 0.4914 -0.8709
vn -0.0000 0.3434 -0.9392
vn -0.0000 0.1052 -0.9944
vn -0.0000 0.0645 -0.9979
vn 0.0002 1.0000 -0.0000
vn -0.0000 0.0001 -1.0000
vn -0.0000 -0.0001 1.0000
vn -0.0001 -0.0000 -1.0000
vn 0.0001 -0.0000 1.0000
vn -0.0000 -0.0001 -1.0000
vn -1.0000 -0.0000 -0.0004
vn -0.9661 -0.0000 -0.2583
vn 0.9658 -0.0000 0.2593
vn 0.8663 -0.0000 0.4996
vn 0.8663 0.0001 0.4996
vn -0.0000 -0.0000 -0.0000
vn -0.9658 -0.0000 -0.2593
vn -0.8663 -0.0000 -0.4996
vn -0.9661 -0.0000 0.2583
vn -1.0000 -0.0000 0.0004
vn -1.0000 0.0001 0.0004
vn -0.8663 -0.0000 0.4996
vn -0.9658 -0.0000 0.2592
vn -0.7075 -0.0000 0.7068
vn -0.8658 -0.0000 0.5004
vn -0.5004 -0.0000 0.8658
vn -0.7067 -0.0000 0.7075
vn -0.7067 0.0001 0.7075
vn -0.2593 -0.0000 0.9658
vn -0.4996 -0.0000 0.8663
vn 0.9114 0.4025 0.0854
vn 0.8881 0.2133 0.4071
vn 0.9032 0.4199 0.0884
vn -0.9237 -0.0000 -0.3831
vn -0.7074 -0.0000 -0.7068
vn -1.0000 -0.0000 -0.0005
vn -0.9240 -0.0000 -0.3823
vn -0.9241 -0.0000 0.3822
vn -0.9237 -0.0000 0.3831
vn -0.3831 -0.0000 0.9237
vn -0.7068 -0.0000 0.7075
vn -0.1951 -0.0000 0.9808
vn -0.3823 -0.0000 0.9240
vn 0.1952 0.0001 0.9808
vn 0.3802 0.0752 0.9218
vn 0.3810 0.0757 0.9215
vn 0.6744 0.2763 0.6847
vn 0.3810 0.0756 0.9215
vn 0.7841 0.3126 0.5362
vn 0.5885 0.0846 0.8041
vn 0.7820 0.3466 0.5179
vn -0.7068 -0.0000 -0.7074
vn -0.3831 -0.0000 -0.9237
vn -0.9251 0.2874 -0.2484
vn -0.8297 0.2873 -0.4786
vn -0.9251 0.2873 -0.2484
vn -0.8641 -0.0000 0.5033
vn -0.0000 0.9701 0.2425
vn -0.1302 -0.0000 -0.9915
vn -0.0004 -0.0000 -1.0000
vn -0.1248 0.2851 -0.9503
vn -0.0005 0.2874 -0.9578
vn -0.4785 0.2874 -0.8297
vn -0.2484 0.2873 -0.9251
vn -0.4786 0.2873 -0.8297
vn -0.6769 0.2874 -0.6776
vn -0.4793 0.2874 -0.8293
vn -0.6776 0.2873 -0.6769
vn -0.8293 0.2873 -0.4793
vn -0.8658 -0.0000 -0.5004
vn -0.7075 -0.0000 -0.7068
vn -0.7075 0.0001 -0.7068
vn -0.5004 -0.0000 -0.8658
vn -0.4996 -0.0000 -0.8663
vn -0.2593 -0.0000 -0.9658
vn -0.2584 -0.0000 -0.9661
vn -0.0005 -0.0000 -1.0000
vn -0.0005 0.0001 -1.0000
vn 0.0005 -0.0000 -1.0000
vn 0.2584 -0.0000 -0.9661
vn 0.2583 -0.0000 -0.9661
vn 0.1253 0.2851 -0.9503
vn 0.2475 0.2874 -0.9253
vn 0.1302 -0.0000 -0.9915
vn 0.8641 -0.0000 0.5033
vn 0.2483 0.2873 -0.9251
vn 0.4785 0.2873 -0.8297
vn 0.2484 0.2873 -0.9251
vn 0.4793 0.2873 -0.8293
vn 0.6769 0.2873 -0.6776
vn 0.8293 0.2874 -0.4793
vn 0.6776 0.2873 -0.6769
vn 0.8293 0.2873 -0.4793
vn 0.9251 0.2874 -0.2483
vn 0.8297 0.2873 -0.4785
vn 0.9253 0.2873 -0.2475
vn 0.9578 0.2873 -0.0004
vn 0.9661 -0.0000 -0.2583
vn 1.0000 -0.0000 -0.0005
vn 0.8663 -0.0000 -0.4996
vn 0.9658 -0.0000 -0.2592
vn 0.9658 0.0001 -0.2592
vn 0.7075 -0.0000 -0.7068
vn 0.8658 -0.0000 -0.5004
vn 0.5004 -0.0000 -0.8658
vn 0.7068 -0.0000 -0.7075
vn 0.7068 0.0001 -0.7075
vn 0.2593 -0.0000 -0.9658
vn 0.4996 -0.0000 -0.8663
vn 0.4996 0.0001 -0.8663
vn 1.0000 -0.0000 0.0005
vn 0.9660 -0.0000 0.2584
vn 0.7074 -0.0000 -0.7068
vn 0.8658 0.0001 -0.5004
vn 0.7068 -0.0000 -0.7074
vn -0.9660 -0.0000 0.2584
vn -0.9660 -0.0000 -0.2584
vn -0.9658 0.0001 0.2592
vn -0.6776 0.2874 -0.6770
vn -0.8293 0.2874 -0.4793
vn -0.2483 0.2873 -0.9251
vn -0.4785 0.2873 -0.8297
vn -0.6770 0.2874 -0.6776
vn -0.7074 -0.0000 0.7068
vn -0.8658 0.0001 0.5004
vn -0.2583 -0.0000 -0.9661
vn -0.2592 -0.0000 0.9658
vn -0.0005 -0.0000 1.0000
vn -0.2584 -0.0000 0.9660
vn 0.1257 0.2851 -0.9502
vn 0.6770 0.2873 -0.6776
vn 0.6776 0.2873 -0.6770
vn 0.9251 0.2873 -0.2483
vn 0.9253 0.2874 -0.2475
vn 1.0000 0.0001 -0.0005
vn 0.2584 -0.0000 0.9660
vn 0.0005 -0.0000 1.0000
vn 0.4996 -0.0000 0.8663
vn 0.2593 -0.0000 0.9658
vn 0.2593 0.0001 0.9658
vn 0.7068 -0.0000 0.7074
vn 0.5004 -0.0000 0.8658
vn 0.8658 -0.0000 0.5004
vn 0.7074 -0.0000 0.7068
vn 0.9660 -0.0000 -0.2584
vn 1.0000 -0.0000 -0.0004
vn -0.8297 0.2874 -0.4785
vn -0.1252 0.2851 -0.9503
vn -0.2483 0.2874 -0.9251
vn -0.4793 0.2873 -0.8293
vn -0.6770 0.2873 -0.6776
vn -0.6776 0.2874 -0.6769
vn -0.8293 0.2874 -0.4792
vn -0.0004 0.0001 -1.0000
vn 0.0004 -0.0000 -1.0000
vn 0.1249 0.2851 -0.9503
vn 0.2475 0.2873 -0.9253
vn 0.2484 0.2874 -0.9251
vn 0.4786 0.2874 -0.8297
vn 0.4793 0.2874 -0.8293
vn 0.8293 0.2874 -0.4792
vn 0.9251 0.2873 -0.2484
vn 0.8297 0.2874 -0.4785
vn 0.9578 0.2873 -0.0005
vn 0.9253 0.2874 0.2475
vn 0.9578 0.2873 0.0005
vn 0.9253 0.2873 0.2475
vn 0.9251 0.2874 0.2484
vn 0.8297 0.2874 0.4785
vn 0.8297 0.2874 0.4786
vn 0.8293 0.2873 0.4793
vn 0.6776 0.2873 0.6770
vn 0.6776 0.2874 0.6770
vn 0.6770 0.2873 0.6776
vn 0.4793 0.2873 0.8293
vn 0.4785 0.2874 0.8297
vn 0.2483 0.2873 0.9251
vn 0.4785 0.2873 0.8297
vn 0.2475 0.2874 0.9253
vn 0.0004 0.2873 0.9578
vn -0.0004 0.2874 0.9578
vn -0.2475 0.2873 0.9253
vn -0.0004 0.2873 0.9578
vn -0.2483 0.2874 0.9251
vn -0.4785 0.2874 0.8297
vn -0.4793 0.2874 0.8293
vn -0.6770 0.2874 0.6776
vn -0.6770 0.2873 0.6776
vn -0.6776 0.2873 0.6770
vn -0.8293 0.2873 0.4793
vn -0.8297 0.2873 0.4786
vn -0.9251 0.2873 0.2483
vn -0.9251 0.2873 0.2484
vn -0.9253 0.2874 0.2475
vn -0.9578 0.2873 0.0005
vn -0.9578 0.2874 0.0005
vn -0.9578 0.2874 -0.0005
vn -0.9253 0.2873 -0.2475
vn -0.0004 -0.0000 1.0000
vn 0.0004 -0.0000 1.0000
vn 0.0004 0.0001 1.0000
vn 0.7075 -0.0000 0.7068
vn 0.7075 0.0001 0.7068
vn -0.9251 0.2873 -0.2483
vn -0.1311 -0.0000 -0.9914
vn -0.1256 0.2851 -0.9502
vn -0.2584 -0.0000 -0.9660
vn 0.2584 -0.0000 -0.9660
vn 0.2584 0.0001 -0.9660
vn 0.1254 0.2851 -0.9503
vn 0.1306 -0.0000 -0.9914
vn 0.2483 0.2874 -0.9251
vn 0.4785 0.2874 -0.8297
vn 0.9578 0.2874 0.0005
vn 0.9251 0.2873 0.2483
vn 0.8293 0.2874 0.4793
vn 0.6776 0.2873 0.6769
vn 0.6770 0.2874 0.6776
vn 0.4786 0.2874 0.8297
vn 0.2484 0.2874 0.9251
vn 0.2474 0.2873 0.9253
vn -0.0005 0.2874 0.9578
vn -0.2475 0.2874 0.9253
vn -0.2474 0.2874 0.9253
vn -0.2484 0.2874 0.9251
vn -0.4786 0.2873 0.8297
vn -0.4786 0.2874 0.8297
vn -0.6769 0.2873 0.6776
vn -0.4793 0.2873 0.8293
vn -0.6776 0.2873 0.6769
vn -0.8293 0.2874 0.4793
vn -0.6776 0.2874 0.6769
vn -0.8297 0.2873 0.4785
vn -0.9578 0.2874 -0.0004
vn -0.9578 0.2873 -0.0004
vn 0.9578 0.2874 -0.0004
vn 0.6770 0.2874 -0.6776
vn -0.1253 0.2851 -0.9503
vn -0.6776 0.2873 -0.6770
vn -0.8297 0.2873 -0.4785
vn -0.9578 0.2873 -0.0005
vn -0.2483 0.2873 0.9251
vn 0.0005 0.2874 0.9578
vn 0.8297 0.2873 0.4785
vn 0.9251 0.2873 0.2484
vn 0.9660 0.0001 0.2584
vn 1.0000 -0.0001 0.0005
vn 0.9251 0.2874 0.2483
vn 0.6776 0.2874 0.6769
vn 0.4793 0.2874 0.8293
vn -0.8297 0.2874 0.4785
vn -0.9251 0.2874 0.2483
vn -0.9253 0.2873 0.2475
vn 0.4996 -0.0000 0.8662
vn 0.7068 -0.0000 0.7075
vn 0.6769 0.2873 0.6776
vn 0.6769 0.2874 0.6776
vn -0.8297 0.2874 0.4786
vn -0.9578 0.2873 0.0004
vn 0.3555 0.1047 -0.9288
vn 0.2614 0.1034 -0.9597
vn 0.6244 0.2268 -0.7474
vn 0.4585 0.2694 -0.8469
vn 0.4579 0.2634 -0.8491
vn 0.8156 0.2993 -0.4952
vn 0.6624 0.3745 -0.6488
vn 0.6573 0.3678 -0.6578
vn 0.8631 0.4213 -0.2783
vn 0.9519 0.3061 -0.0149
vn 0.8582 0.4362 -0.2704
vn -0.3822 -0.0000 -0.9241
vn -0.1956 -0.0000 -0.9807
vn -0.0001 1.0000 -0.0000
vn 0.0080 0.0641 -0.9979
vn -0.3318 -0.1915 0.9237
vn -0.6121 -0.3533 0.7075
vn -0.0004 -0.0003 1.0000
vn -0.3311 -0.1912 0.9240
vn 0.0004 -0.0003 1.0000
vn 0.1687 0.0974 0.9808
vn 0.0005 -0.0003 1.0000
vn 0.0001 1.0000 -0.0000
vn -0.6127 -0.3537 0.7067
vn -0.8000 -0.4619 0.3830
vn -0.6127 -0.3537 0.7068
vn -0.6130 -0.3532 0.7068
vn -0.6129 -0.3531 0.7068
vn -0.7204 -0.4152 0.5556
vn 0.1114 0.8888 -0.4446
vn -0.6121 -0.3534 0.7075
vn -0.3310 -0.1911 0.9241
vn 0.1692 0.0977 0.9807
vn 0.3310 0.1910 0.9241
vn 0.3309 0.1912 0.9241
vn 0.3318 0.1916 0.9237
vn 0.6121 0.3534 0.7074
vn 0.3318 0.1915 0.9237
vn 0.6127 0.3538 0.7067
vn 0.7999 0.4619 0.3831
vn 0.6126 0.3537 0.7068
vn 0.8003 0.4620 0.3822
vn 0.8661 0.4999 0.0005
vn 0.8003 0.4620 0.3823
vn 0.8661 0.4999 -0.0005
vn 0.8003 0.4620 -0.3823
vn 0.8002 0.4620 -0.3823
vn 0.8000 0.4618 -0.3831
vn 0.6127 0.3537 -0.7068
vn 0.6127 0.3538 -0.7068
vn 0.6121 0.3534 -0.7074
vn 0.3318 0.1916 -0.9237
vn 0.3318 0.1915 -0.9237
vn 0.3310 0.1912 -0.9241
vn 0.0003 0.0003 -1.0000
vn -0.0004 -0.0003 -1.0000
vn -0.3310 -0.1911 -0.9241
vn -0.3310 -0.1912 -0.9241
vn -0.3318 -0.1916 -0.9237
vn -0.6121 -0.3534 -0.7074
vn -0.6121 -0.3535 -0.7074
vn -0.6127 -0.3537 -0.7067
vn -0.8000 -0.4619 -0.3830
vn -0.8000 -0.4618 -0.3831
vn -0.8002 -0.4620 -0.3823
vn -0.8660 -0.5000 -0.0005
vn -0.8661 -0.4999 -0.0005
vn -0.8660 -0.5000 0.0005
vn -0.8002 -0.4620 0.3823
vn -0.9312 -0.0923 0.3526
vn -0.9919 -0.1273 0.0004
vn -0.7581 0.0076 0.6521
vn -0.9309 -0.0921 0.3535
vn -0.9309 -0.0922 0.3535
vn -0.4990 0.1572 0.8522
vn -0.7575 0.0080 0.6528
vn -0.1933 0.3337 0.9227
vn -0.4983 0.1576 0.8526
vn 0.1126 0.5104 0.8526
vn -0.1924 0.3343 0.9226
vn 0.3718 0.6600 0.6527
vn 0.1133 0.5108 0.8522
vn 0.3725 0.6603 0.6521
vn 0.5453 0.7601 0.3535
vn 0.3724 0.6604 0.6521
vn 0.5456 0.7602 0.3527
vn 0.6063 0.7953 0.0005
vn 0.6062 0.7953 -0.0005
vn 0.5456 0.7603 -0.3527
vn 0.5452 0.7601 -0.3535
vn 0.3725 0.6603 -0.6521
vn 0.1134 0.5108 -0.8522
vn 0.3719 0.6600 -0.6527
vn -0.1925 0.3341 -0.9226
vn 0.1125 0.5103 -0.8526
vn 0.1125 0.5102 -0.8526
vn -0.4982 0.1578 -0.8526
vn -0.1932 0.3338 -0.9226
vn -0.7576 0.0079 -0.6527
vn -0.4990 0.1572 -0.8522
vn -0.7581 0.0076 -0.6521
vn -0.9309 -0.0921 -0.3535
vn -0.9422 0.1157 -0.3145
vn -0.7885 0.2044 -0.5801
vn -0.9425 0.1154 -0.3137
vn -0.9964 0.0842 -0.0004
vn -0.9312 -0.0923 -0.3526
vn -0.9919 -0.1273 -0.0004
vn -0.9425 0.1154 0.3137
vn -0.9964 0.0842 0.0005
vn -0.7885 0.2043 0.5802
vn -0.9422 0.1156 0.3146
vn -0.7879 0.2045 0.5809
vn -0.5579 0.3373 0.7583
vn -0.2861 0.4944 0.8208
vn -0.5574 0.3377 0.7585
vn -0.0140 0.6514 0.7586
vn -0.2852 0.4948 0.8209
vn -0.0132 0.6519 0.7582
vn 0.2167 0.7847 0.5808
vn 0.2173 0.7851 0.5800
vn 0.3709 0.8738 0.3145
vn 0.4252 0.9051 0.0004
vn 0.3713 0.8739 0.3137
vn 0.4252 0.9051 -0.0004
vn 0.3712 0.8740 -0.3137
vn 0.3710 0.8738 -0.3145
vn 0.2173 0.7850 -0.5801
vn 0.3709 0.8738 -0.3145
vn -0.0132 0.6519 -0.7582
vn 0.2168 0.7847 -0.5807
vn 0.2169 0.7847 -0.5807
vn -0.2852 0.4949 -0.8208
vn -0.0139 0.6515 -0.7585
vn -0.0140 0.6515 -0.7585
vn -0.2860 0.4946 -0.8208
vn -0.5572 0.3379 -0.7585
vn -0.2859 0.4945 -0.8208
vn -0.5580 0.3375 -0.7581
vn -0.7880 0.2047 -0.5807
vn -0.5580 0.3374 -0.7581
vn -0.5000 0.8660 -0.0000
vn -1.0000 -0.0000 0.0005
vn -0.1950 -0.0000 0.9808
vn 0.3823 -0.0000 0.9240
vn 0.1951 -0.0000 0.9808
vn 0.3831 -0.0000 0.9237
vn 0.9237 -0.0000 0.3831
vn 0.9241 -0.0000 0.3822
vn 0.9240 -0.0000 -0.3823
vn -0.9251 0.2874 -0.2483
vn -0.8297 0.2874 -0.4786
vn -0.8641 -0.0000 0.5034
vn -0.4996 -0.0000 -0.8662
vn 0.1303 -0.0000 -0.9915
vn 0.8643 -0.0000 0.5030
vn 0.4786 0.2873 -0.8297
vn 0.9658 -0.0000 -0.2593
vn 0.9658 0.0001 -0.2593
vn 1.0000 -0.0000 0.0004
vn 0.9661 -0.0000 0.2583
vn -0.8663 0.0001 -0.4996
vn -1.0000 0.0001 0.0005
vn -0.9658 -0.0000 0.2593
vn -0.7068 -0.0000 0.7074
vn 0.0005 0.0001 1.0000
vn 0.5004 0.0001 0.8658
vn 0.9658 -0.0000 0.2592
vn 0.9661 -0.0000 0.2584
vn 1.0000 -0.0001 0.0004
vn -0.9658 0.0001 0.2593
vn 0.7074 0.0001 0.7068
vn 0.2475 0.2873 0.9253
vn 0.9253 0.2873 -0.2474
vn 0.9578 0.2874 -0.0005
vn -0.1251 0.2851 -0.9503
vn -0.2484 0.2874 -0.9251
vn 0.1248 0.2851 -0.9503
vn -0.9253 0.2874 -0.2474
vn -0.1305 -0.0000 -0.9914
vn -0.7074 0.0001 -0.7068
vn 0.1307 -0.0000 -0.9914
vn 0.9251 0.2874 -0.2484
vn 0.0004 0.2874 0.9578
vn -0.4785 0.2873 0.8297
vn -0.2484 0.2873 0.9251
vn -0.6776 0.2874 0.6770
vn 0.9578 0.2873 0.0004
vn -0.9253 0.2873 -0.2474
vn 0.2483 0.2874 0.9251
vn -0.6769 0.2874 0.6776
vn 0.1956 -0.0000 -0.9807
vn 0.3822 -0.0000 -0.9241
vn -0.1955 -0.0000 -0.9807
vn -0.7075 -0.0000 -0.7067
vn 0.9237 -0.0000 -0.3831
vn 0.3831 -0.0000 -0.9237
vn 0.9240 -0.0000 0.3823
vn 0.9241 -0.0000 -0.3822
vn 0.7075 -0.0000 -0.7067
vn -0.7068 0.0001 0.7074
vn -0.9241 -0.0000 -0.3822
vn -0.0004 0.2873 -0.9578
vn -0.0004 0.2874 -0.9578
vn -0.6769 0.2873 -0.6776
vn 0.6776 0.2874 -0.6769
vn 0.6776 0.2874 -0.6770
vn 0.2584 -0.0000 0.9661
vn 0.2592 -0.0000 0.9658
vn 0.2474 0.2873 -0.9253
vn 0.8293 0.2873 -0.4792
vn -0.0005 0.2873 0.9578
vn -0.9251 0.2874 0.2484
vn -0.9253 0.2873 0.2474
vn -0.1305 -0.0000 -0.9915
vn -0.2592 -0.0000 -0.9658
vn 0.1248 0.2850 -0.9504
vn 0.0005 0.2873 0.9578
vn -0.4792 0.2873 0.8293
vn -0.9253 0.2874 0.2474
vn -0.9253 0.2874 -0.2475
vn -0.9578 0.2874 0.0004
vn 0.8293 0.2873 0.4792
vn -0.9658 -0.0000 -0.2592
vn -0.2584 -0.0000 0.9661
vn -0.7068 -0.0000 -0.7075
vn -0.5004 0.0001 -0.8658
vn -0.8643 -0.0000 0.5030
vn -0.1303 -0.0000 -0.9915
vn -0.0005 0.2873 -0.9578
vn 0.1251 0.2851 -0.9503
vn 0.2474 0.2874 -0.9253
vn 0.1305 -0.0000 -0.9914
vn 0.8641 -0.0000 0.5034
vn 0.9661 -0.0000 -0.2584
vn 0.9661 0.0001 0.2583
vn 0.9578 0.2874 0.0004
vn 0.1950 -0.0000 0.9808
vn 0.9241 -0.0000 -0.3823
vn 0.1955 -0.0000 -0.9807
vn -0.1249 0.2851 -0.9503
vn -0.4786 0.2874 -0.8297
vn 0.6769 0.2874 -0.6776
vn 0.4996 -0.0000 -0.8662
vn -0.1307 -0.0000 -0.9914
vn -0.1257 0.2851 -0.9502
vn 0.1305 -0.0000 -0.9915
vn 0.9253 0.2874 -0.2474
vn 0.9253 0.2873 0.2474
vn 0.4792 0.2874 0.8293
vn 0.8297 0.2874 -0.4786
vn 0.5456 0.7603 0.3527
vn 0.6062 0.7953 0.0005
vn 0.5455 0.7603 0.3527
vn 0.8660 0.5000 0.0005
vn 0.8000 0.4619 0.3831
vn 0.6120 0.3535 0.7074
vn 0.3317 0.1915 0.9237
vn 0.0005 0.0002 1.0000
vn 0.3311 0.1911 0.9240
vn 0.0005 0.0003 1.0000
vn -0.3311 -0.1911 0.9241
vn -0.0004 -0.0002 1.0000
vn -0.6120 -0.3534 0.7075
vn -0.8000 -0.4618 0.3831
vn -0.6126 -0.3538 0.7068
vn -0.7999 -0.4618 0.3831
vn -0.8660 -0.5001 0.0004
vn -0.8003 -0.4620 0.3822
vn -0.8660 -0.5000 0.0004
vn -0.8003 -0.4620 -0.3822
vn -0.8660 -0.5000 -0.0004
vn -0.6127 -0.3537 -0.7068
vn -0.7999 -0.4620 -0.3831
vn -0.3318 -0.1915 -0.9237
vn -0.0004 -0.0002 -1.0000
vn 0.3310 0.1911 -0.9241
vn 0.0004 0.0002 -1.0000
vn 0.6126 0.3537 -0.7068
vn 0.8660 0.5000 -0.0005
vn 0.6063 0.7953 -0.0005
vn 0.3724 0.6604 -0.6521
vn 0.1133 0.5107 -0.8522
vn 0.1134 0.5107 -0.8522
vn -0.1925 0.3342 -0.9226
vn -0.1932 0.3339 -0.9226
vn -0.7576 0.0080 -0.6527
vn -0.9309 -0.0922 -0.3536
vn -0.9309 -0.0922 -0.3535
vn -0.9421 0.1157 -0.3147
vn -0.7884 0.2044 -0.5802
vn -0.9964 0.0843 -0.0004
vn -0.9312 -0.0923 -0.3527
vn -0.9919 -0.1273 -0.0006
vn -0.4989 0.1572 0.8523
vn -0.1933 0.3337 0.9226
vn 0.1126 0.5104 0.8525
vn 0.3719 0.6600 0.6527
vn 0.1133 0.5107 0.8523
vn 0.1133 0.5107 0.8522
vn 0.3725 0.6604 0.6521
vn 0.5452 0.7601 0.3535
vn 0.3710 0.8738 0.3146
vn 0.2173 0.7850 0.5801
vn 0.2173 0.7851 0.5801
vn 0.3713 0.8739 -0.3137
vn 0.4253 0.9051 -0.0005
vn 0.4253 0.9050 -0.0005
vn 0.3710 0.8738 -0.3146
vn -0.0131 0.6519 -0.7582
vn 0.2168 0.7847 -0.5808
vn -0.2853 0.4948 -0.8209
vn -0.0140 0.6514 -0.7586
vn -0.2859 0.4946 -0.8208
vn -0.5572 0.3380 -0.7585
vn -0.5580 0.3374 -0.7582
vn -0.7880 0.2046 -0.5807
vn -0.4999 0.8661 0.0001
vn -0.9425 0.1155 0.3138
vn -0.9964 0.0843 0.0006
vn -0.7885 0.2043 0.5800
vn -0.9422 0.1156 0.3145
vn -0.7880 0.2045 0.5807
vn -0.5580 0.3373 0.7582
vn -0.7880 0.2045 0.5808
vn -0.5574 0.3378 0.7584
vn -0.5574 0.3378 0.7585
vn -0.2852 0.4949 0.8208
vn -0.0139 0.6516 0.7585
vn 0.2167 0.7846 0.5809
vn -0.0132 0.6518 0.7583
vn -0.5581 0.3374 -0.7581
vn -0.4990 0.1573 -0.8522
vn -0.7581 0.0076 -0.6520
vn -0.9309 -0.0921 -0.3534
vn -0.9422 0.1157 -0.3146
vn -0.9425 0.1154 -0.3136
vn -0.9964 0.0843 -0.0003
vn 0.0003 0.0002 -1.0000
vn 0.8661 0.4999 -0.0004
vn 0.8003 0.4620 -0.3822
vn 0.8660 0.5000 0.0004
vn 0.6127 0.3537 0.7068
vn 0.8000 0.4618 0.3831
vn 0.6127 0.3537 0.7067
vn 0.0004 0.0002 1.0000
vn 0.3310 0.1912 0.9241
vn -0.8003 -0.4620 0.3823
vn -0.9312 -0.0923 0.3527
vn -0.9919 -0.1273 0.0005
vn -0.7582 0.0076 0.6520
vn -0.9309 -0.0921 0.3534
vn -0.4982 0.1576 0.8526
vn 0.1126 0.5103 0.8526
vn -0.1924 0.3342 0.9226
vn 0.3719 0.6600 0.6528
vn 0.5452 0.7601 0.3534
vn 0.3725 0.6604 0.6520
vn 0.6063 0.7953 0.0004
vn 0.6062 0.7953 -0.0004
vn 0.5456 0.7603 -0.3526
vn 0.5453 0.7601 -0.3535
vn -0.1925 0.3341 -0.9227
vn -0.4982 0.1577 -0.8526
vn 0.2173 0.7850 -0.5802
vn 0.3710 0.8737 -0.3147
vn -0.0131 0.6520 -0.7581
vn 0.4253 0.9051 0.0005
vn -0.0133 0.6518 0.7583
vn -0.5573 0.3379 0.7584
vn -0.7879 0.2046 0.5808
vn -0.5579 0.3373 0.7582
vn -0.7885 0.2043 0.5801
vn -0.9425 0.1154 0.3138
vn -0.3311 -0.1911 0.9240
vn -0.0005 -0.0002 1.0000
vn -0.3317 -0.1916 0.9237
vn -0.6127 -0.3536 0.7067
vn -0.8660 -0.5001 -0.0005
vn 0.0004 0.0003 -1.0000
vn 0.6121 0.3534 -0.7075
vn 0.8000 0.4619 -0.3830
vn 0.6127 0.3537 -0.7067
vn 0.6127 0.3538 -0.7067
vn 0.8000 0.4618 0.3830
vn 0.6120 0.3534 0.7075
vn 0.3311 0.1911 0.9241
vn 0.3725 0.6603 0.6522
vn 0.5453 0.7600 0.3536
vn 0.5456 0.7602 -0.3527
vn 0.5452 0.7601 -0.3536
vn 0.3724 0.6603 -0.6522
vn 0.3724 0.6603 -0.6521
vn -0.7582 0.0076 -0.6520
vn -0.7885 0.2042 -0.5802
vn -0.9421 0.1155 -0.3147
vn -0.7884 0.2043 -0.5802
vn -0.4989 0.1573 0.8523
vn -0.0133 0.6518 0.7582
vn 0.2172 0.7851 0.5800
vn 0.4253 0.9051 -0.0004
vn 0.3709 0.8738 -0.3146
vn -0.9964 0.0843 0.0005
vn -0.5581 0.3374 0.7581
vn -0.7880 0.2047 0.5807
vn -0.7880 0.2046 0.5807
vn -0.0000 0.2655 0.9641
vn -0.0000 0.4189 0.9080
vn -0.0000 0.4190 0.9080
vn -0.0000 0.9864 0.1644
vn 0.2849 0.9578 0.0375
vn 0.2873 0.9578 -0.0000
vn 0.2849 0.9578 -0.0375
vn 0.2776 0.9578 -0.0744
vn 0.2655 0.9578 -0.1100
vn 0.2488 0.9578 -0.1437
vn 0.2280 0.9578 -0.1749
vn 0.2032 0.9578 -0.2032
vn 0.1749 0.9578 -0.2280
vn 0.1437 0.9578 -0.2489
vn 0.1437 0.9578 -0.2488
vn 0.1100 0.9578 -0.2655
vn 0.0744 0.9578 -0.2775
vn 0.0375 0.9578 -0.2849
vn 0.0744 0.9578 -0.2776
vn -0.0000 0.9578 -0.2873
vn -0.0375 0.9578 -0.2849
vn -0.0744 0.9578 -0.2776
vn -0.0744 0.9578 -0.2775
vn -0.1100 0.9578 -0.2655
vn -0.1099 0.9578 -0.2655
vn -0.1437 0.9578 -0.2488
vn -0.1437 0.9578 -0.2489
vn -0.1749 0.9578 -0.2280
vn -0.2032 0.9578 -0.2032
vn 0.2488 0.9578 -0.1436
vn -0.2280 0.9578 -0.1749
vn -0.2488 0.9578 -0.1437
vn -0.2279 0.9578 -0.1749
vn -0.2655 0.9578 -0.1100
vn -0.2489 0.9578 -0.1437
vn -0.2776 0.9578 -0.0743
vn -0.2776 0.9578 -0.0744
vn -0.2849 0.9578 -0.0375
vn -0.2873 0.9578 -0.0000
vn -0.2849 0.9578 0.0375
vn -0.2874 0.9578 -0.0000
vn 0.2776 0.9578 0.0744
vn -0.8260 0.5183 -0.2214
vn -0.8479 0.5183 -0.1117
vn -0.3272 0.5183 -0.7901
vn -0.2214 0.5183 -0.8260
vn -0.2214 0.5183 -0.8261
vn -0.4276 0.5183 -0.7406
vn -0.3273 0.5183 -0.7901
vn -0.5206 0.5183 -0.6785
vn -0.6047 0.5183 -0.6047
vn -0.6784 0.5183 -0.5206
vn -0.6785 0.5183 -0.5206
vn 0.2032 0.9578 0.2032
vn 0.2280 0.9578 0.1749
vn 0.2488 0.9578 0.1437
vn 0.2655 0.9578 0.1100
vn 0.2775 0.9578 0.0744
vn 0.2655 0.9578 0.1099
vn -0.7901 0.5183 -0.3272
vn -0.7901 0.5183 -0.3273
vn -0.7407 0.5183 -0.4275
vn -0.7406 0.5183 -0.4276
vn -0.7406 0.5183 -0.4277
vn 0.1750 0.9578 0.2280
vn 0.1749 0.9578 0.2280
vn 0.1437 0.9578 0.2488
vn 0.1100 0.9578 0.2655
vn 0.1437 0.9578 0.2489
vn 0.1099 0.9578 0.2655
vn 0.0744 0.9578 0.2776
vn 0.0375 0.9578 0.2849
vn 0.0743 0.9578 0.2776
vn 0.0376 0.9578 0.2849
vn -0.2213 0.5183 -0.8260
vn -0.1116 0.5183 -0.8479
vn -0.0001 0.5183 -0.8552
vn 0.0001 0.5183 -0.8552
vn 0.1116 0.5183 -0.8479
vn 0.2213 0.5183 -0.8261
vn 0.2214 0.5183 -0.8260
vn 0.3272 0.5183 -0.7901
vn 0.3273 0.5183 -0.7901
vn 0.4276 0.5183 -0.7406
vn 0.5206 0.5183 -0.6785
vn 0.6047 0.5183 -0.6047
vn 0.6785 0.5183 -0.5206
vn 0.6785 0.5183 -0.5207
vn 0.7406 0.5183 -0.4276
vn 0.7901 0.5183 -0.3272
vn 0.7406 0.5183 -0.4275
vn 0.8261 0.5183 -0.2213
vn 0.8479 0.5183 -0.1117
vn 0.8261 0.5183 -0.2214
vn 0.8479 0.5183 -0.1116
vn 0.8552 0.5183 -0.0000
vn 0.8479 0.5183 0.1116
vn 0.8261 0.5183 0.2213
vn 0.7901 0.5183 0.3272
vn 0.7407 0.5183 0.4275
vn 0.7901 0.5183 0.3273
vn 0.7406 0.5183 0.4276
vn 0.6785 0.5183 0.5206
vn 0.6047 0.5183 0.6047
vn 0.6047 0.5183 0.6048
vn 0.5206 0.5183 0.6785
vn 0.4276 0.5183 0.7406
vn 0.3273 0.5183 0.7901
vn 0.2214 0.5183 0.8260
vn 0.2213 0.5183 0.8261
vn 0.1116 0.5183 0.8479
vn -0.0000 0.5183 0.8552
vn -0.1116 0.5183 0.8479
vn -0.2213 0.5183 0.8260
vn -0.2214 0.5183 0.8261
vn -0.3272 0.5183 0.7901
vn -0.3273 0.5183 0.7901
vn -0.4276 0.5183 0.7406
vn -0.5206 0.5183 0.6785
vn -0.5207 0.5183 0.6784
vn -0.6047 0.5183 0.6047
vn -0.6784 0.5183 0.5207
vn -0.6785 0.5183 0.5206
vn -0.7406 0.5183 0.4277
vn -0.7407 0.5183 0.4275
vn -0.7901 0.5183 0.3273
vn -0.8260 0.5183 0.2214
vn -0.8479 0.5183 0.1117
vn -0.8479 0.5183 0.1116
vn -0.8552 0.5183 -0.0000
vn -0.8479 0.5183 -0.1116
vn 0.2655 0.9578 -0.1099
vn -0.2775 0.9578 0.0744
vn -0.2776 0.9578 0.0744
vn -0.2655 0.9578 0.1099
vn -0.2655 0.9578 0.1100
vn -0.2488 0.9578 0.1437
vn -0.2280 0.9578 0.1749
vn -0.2032 0.9578 0.2032
vn -0.1749 0.9578 0.2280
vn -0.1437 0.9578 0.2488
vn -0.1749 0.9578 0.2279
vn -0.1100 0.9578 0.2655
vn -0.1099 0.9578 0.2655
vn -0.0744 0.9578 0.2775
vn -0.0375 0.9578 0.2849
vn -0.0743 0.9578 0.2776
vn -0.0000 0.9578 0.2873
vn -0.0000 0.9578 0.2874
vn -0.0006 1.0000 -0.0000
vn -0.1322 0.9912 -0.0000
vn 0.1322 0.9912 -0.0000
vn -0.2213 0.5183 -0.8261
vn -0.1117 0.5183 -0.8479
vn -0.0000 0.5183 -0.8552
vn 0.1117 0.5183 -0.8479
vn 0.5205 0.5183 -0.6785
vn 0.6784 0.5183 -0.5207
vn 0.7406 0.5183 -0.4277
vn 0.7901 0.5183 -0.3273
vn 0.8260 0.5183 -0.2214
vn -0.2489 0.9578 0.1437
vn -0.2279 0.9578 0.1749
vn -0.1437 0.9578 0.2489
vn -0.0744 0.9578 0.2776
vn -0.2775 0.9578 -0.0744
vn 0.7406 0.5183 0.4275
vn -0.2655 0.9578 -0.1099
vn 0.6048 0.5183 0.6047
vn 0.5205 0.5183 0.6785
vn 0.3272 0.5183 0.7901
vn 0.2214 0.5183 0.8261
vn -0.2213 0.5183 0.8261
vn -0.5206 0.5183 0.6784
vn -0.7406 0.5183 0.4276
vn -0.7406 0.5183 0.4275
vn -0.8479 0.5183 -0.1115
vn 0.1286 0.9833 -0.1286
vn 0.1202 0.9832 -0.1370
vn 0.1107 0.9833 -0.1443
vn 0.0909 0.9833 -0.1575
vn 0.0910 0.9833 -0.1575
vn 0.0696 0.9833 -0.1680
vn 0.0696 0.9833 -0.1681
vn 0.0471 0.9833 -0.1757
vn 0.0237 0.9833 -0.1803
vn 0.0238 0.9833 -0.1803
vn -0.0000 0.9833 -0.1819
vn -0.0238 0.9833 -0.1803
vn -0.0237 0.9833 -0.1803
vn -0.0471 0.9833 -0.1757
vn 0.0007 1.0000 -0.0000
vn 0.5936 0.5436 0.5934
vn 0.6659 0.5436 0.5110
vn 0.1095 0.5435 -0.8322
vn -0.0000 0.5435 -0.8394
vn -0.8394 0.5436 -0.0000
vn -0.8322 0.5436 -0.1094
vn 0.1095 0.5435 -0.8323
vn -0.1095 0.5436 -0.8322
vn -0.0000 0.5436 -0.8394
vn -0.2172 0.5435 -0.8108
vn -0.1096 0.5435 -0.8322
vn -0.2173 0.5435 -0.8108
vn -0.3212 0.5435 -0.7756
vn -0.3212 0.5435 -0.7755
vn -0.4196 0.5435 -0.7270
vn -0.4197 0.5435 -0.7270
vn -0.5109 0.5435 -0.6660
vn -0.5111 0.5436 -0.6659
vn -0.5935 0.5435 -0.5935
vn -0.5111 0.5435 -0.6659
vn -0.6659 0.5436 -0.5110
vn -0.6659 0.5435 -0.5110
vn -0.7269 0.5435 -0.4198
vn -0.7755 0.5435 -0.3213
vn -0.7269 0.5435 -0.4197
vn -0.7755 0.5435 -0.3212
vn -0.8108 0.5435 -0.2173
vn -0.8108 0.5435 -0.2171
vn -0.8322 0.5435 -0.1094
vn -0.8108 0.5436 -0.2171
vn -0.8394 0.5436 0.0003
vn -0.8322 0.5435 0.1097
vn -0.8394 0.5435 0.0003
vn -0.8108 0.5435 0.2172
vn -0.8322 0.5435 0.1096
vn -0.7755 0.5435 0.3212
vn -0.8108 0.5436 0.2173
vn -0.8108 0.5435 0.2173
vn -0.7755 0.5436 0.3212
vn -0.7270 0.5436 0.4196
vn -0.6660 0.5436 0.5109
vn -0.7269 0.5436 0.4196
vn -0.5935 0.5435 0.5935
vn -0.6659 0.5435 0.5111
vn -0.5110 0.5435 0.6659
vn -0.4197 0.5436 0.7269
vn -0.3212 0.5436 0.7755
vn -0.2173 0.5435 0.8108
vn -0.3212 0.5435 0.7755
vn -0.2172 0.5436 0.8107
vn -0.1096 0.5436 0.8322
vn -0.0000 0.5436 0.8394
vn -0.1095 0.5436 0.8322
vn 0.0001 0.5435 0.8394
vn 0.1095 0.5435 0.8322
vn 0.1096 0.5435 0.8322
vn 0.2172 0.5435 0.8108
vn 0.2173 0.5435 0.8108
vn 0.3211 0.5435 0.7755
vn 0.3212 0.5435 0.7755
vn 0.4197 0.5435 0.7269
vn 0.5109 0.5435 0.6660
vn 0.5935 0.5435 0.5936
vn 0.5110 0.5435 0.6659
vn 0.5936 0.5436 0.5935
vn 0.7269 0.5435 0.4198
vn 0.6659 0.5435 0.5110
vn 0.7270 0.5435 0.4196
vn 0.7755 0.5435 0.3212
vn 0.7270 0.5436 0.4196
vn 0.8108 0.5435 0.2172
vn 0.7755 0.5436 0.3211
vn 0.7755 0.5435 0.3211
vn 0.8108 0.5435 0.2173
vn 0.8322 0.5435 0.1096
vn 0.8394 0.5435 0.0001
vn 0.8322 0.5435 -0.1096
vn 0.8394 0.5435 -0.0000
vn 0.8108 0.5435 -0.2172
vn 0.8322 0.5435 -0.1095
vn 0.8107 0.5435 -0.2174
vn 0.7755 0.5435 -0.3213
vn 0.7269 0.5435 -0.4197
vn 0.7269 0.5436 -0.4197
vn 0.6659 0.5436 -0.5109
vn 0.5936 0.5436 -0.5935
vn 0.5935 0.5435 -0.5936
vn 0.5110 0.5435 -0.6659
vn 0.4197 0.5435 -0.7269
vn 0.3212 0.5435 -0.7755
vn 0.4197 0.5435 -0.7270
vn 0.2173 0.5436 -0.8108
vn 0.3212 0.5436 -0.7755
vn 0.1096 0.5436 -0.8322
vn 0.2172 0.5436 -0.8108
vn -0.1202 0.9833 -0.1370
vn -0.1286 0.9833 -0.1286
vn -0.0910 0.9833 -0.1575
vn -0.1107 0.9833 -0.1443
vn -0.0696 0.9833 -0.1680
vn 0.2782 0.6865 0.6718
vn 0.1882 0.6865 0.7023
vn 0.3635 0.6865 0.6297
vn 0.2783 0.6865 0.6718
vn 0.4426 0.6865 0.5769
vn 0.3636 0.6865 0.6297
vn 0.5141 0.6865 0.5142
vn 0.4427 0.6865 0.5768
vn 0.5768 0.6865 0.4426
vn 0.5142 0.6865 0.5141
vn 0.6297 0.6865 0.3636
vn 0.5769 0.6865 0.4426
vn 0.6717 0.6865 0.2783
vn 0.7023 0.6865 0.1882
vn 0.6718 0.6865 0.2782
vn 0.7209 0.6865 0.0949
vn 0.7024 0.6865 0.1882
vn 0.7271 0.6865 -0.0000
vn 0.7209 0.6865 -0.0949
vn 0.7023 0.6865 -0.1882
vn 0.6718 0.6865 -0.2782
vn 0.6297 0.6865 -0.3636
vn 0.6718 0.6865 -0.2783
vn 0.5769 0.6865 -0.4426
vn 0.6297 0.6865 -0.3635
vn 0.5142 0.6865 -0.5141
vn 0.5768 0.6865 -0.4427
vn 0.4427 0.6865 -0.5768
vn 0.5141 0.6865 -0.5142
vn 0.3635 0.6866 -0.6297
vn 0.4426 0.6866 -0.5768
vn 0.3636 0.6866 -0.6296
vn 0.2783 0.6865 -0.6717
vn 0.3636 0.6865 -0.6297
vn 0.1882 0.6865 -0.7024
vn 0.2783 0.6865 -0.6718
vn 0.0950 0.6865 -0.7209
vn -0.0000 0.6865 -0.7271
vn 0.0949 0.6865 -0.7209
vn -0.0949 0.6865 -0.7209
vn -0.1882 0.6865 -0.7024
vn -0.2782 0.6865 -0.6718
vn -0.1882 0.6865 -0.7023
vn -0.3636 0.6866 -0.6297
vn -0.2783 0.6866 -0.6717
vn -0.3635 0.6866 -0.6297
vn -0.4426 0.6865 -0.5769
vn -0.3636 0.6865 -0.6297
vn -0.5142 0.6865 -0.5141
vn -0.4427 0.6865 -0.5769
vn -0.5141 0.6865 -0.5142
vn -0.5768 0.6865 -0.4427
vn -0.6297 0.6865 -0.3636
vn -0.5769 0.6865 -0.4426
vn -0.6718 0.6865 -0.2783
vn -0.6297 0.6865 -0.3635
vn -0.7023 0.6865 -0.1882
vn -0.6718 0.6865 -0.2782
vn -0.7209 0.6865 -0.0949
vn -0.7271 0.6865 -0.0000
vn -0.7209 0.6865 0.0949
vn -0.7023 0.6865 0.1882
vn -0.6718 0.6865 0.2782
vn -0.6297 0.6865 0.3635
vn -0.6718 0.6865 0.2783
vn -0.5769 0.6865 0.4426
vn -0.6297 0.6865 0.3636
vn -0.5142 0.6865 0.5141
vn -0.5768 0.6865 0.4427
vn -0.4427 0.6865 0.5768
vn -0.5142 0.6865 0.5142
vn -0.3636 0.6865 0.6297
vn -0.4426 0.6865 0.5769
vn -0.2783 0.6865 0.6718
vn -0.3635 0.6865 0.6297
vn -0.1882 0.6865 0.7023
vn -0.2782 0.6865 0.6718
vn -0.0949 0.6865 0.7209
vn -0.0000 0.6865 0.7271
vn 0.0949 0.6865 0.7209
vn -0.2783 0.6865 -0.6718
vn -0.3635 0.6865 -0.6297
vn -0.0950 0.6865 -0.7209
vn -0.1881 0.6865 -0.7024
vn -0.0001 0.6865 -0.7271
vn 0.0001 0.6865 -0.7271
vn 0.1881 0.6865 -0.7024
vn 0.2782 0.6865 -0.6718
vn 0.1882 0.6865 -0.7023
vn 0.3635 0.6865 -0.6297
vn 0.4426 0.6865 -0.5769
vn 0.7024 0.6865 -0.1881
vn 0.7024 0.6865 0.1881
vn 0.6297 0.6865 0.3635
vn 0.6718 0.6865 0.2783
vn 0.1881 0.6865 0.7024
vn -0.1881 0.6865 0.7024
vn -0.5141 0.6865 0.5142
vn -0.7024 0.6865 -0.1882
vn -0.5646 0.7916 -0.2338
vn -0.5902 0.7916 -0.1582
vn -0.6058 0.7916 -0.0798
vn -0.6111 0.7916 -0.0000
vn -0.6058 0.7916 0.0798
vn -0.5902 0.7916 0.1582
vn -0.5646 0.7916 0.2338
vn -0.5292 0.7916 0.3055
vn -0.5645 0.7916 0.2338
vn -0.4848 0.7916 0.3720
vn -0.4321 0.7916 0.4321
vn -0.3720 0.7916 0.4848
vn -0.3055 0.7916 0.5292
vn -0.2339 0.7916 0.5645
vn -0.2338 0.7916 0.5646
vn -0.1582 0.7916 0.5902
vn -0.0797 0.7916 0.6058
vn -0.1581 0.7916 0.5902
vn -0.0000 0.7916 0.6111
vn 0.0797 0.7916 0.6058
vn 0.0798 0.7916 0.6058
vn 0.1582 0.7916 0.5902
vn 0.2338 0.7916 0.5646
vn 0.3055 0.7916 0.5292
vn 0.2338 0.7916 0.5645
vn 0.3720 0.7916 0.4848
vn 0.4321 0.7916 0.4321
vn 0.4848 0.7916 0.3720
vn 0.5292 0.7916 0.3055
vn 0.5645 0.7916 0.2338
vn 0.5902 0.7916 0.1582
vn 0.5646 0.7916 0.2338
vn 0.6058 0.7916 0.0797
vn 0.5902 0.7916 0.1581
vn 0.6111 0.7916 -0.0000
vn 0.6058 0.7916 -0.0797
vn 0.6110 0.7916 -0.0000
vn 0.6058 0.7916 -0.0798
vn 0.5902 0.7916 -0.1582
vn 0.5646 0.7916 -0.2338
vn 0.5292 0.7916 -0.3055
vn 0.5645 0.7916 -0.2339
vn 0.4848 0.7916 -0.3720
vn 0.4321 0.7916 -0.4321
vn 0.3720 0.7916 -0.4848
vn 0.3055 0.7916 -0.5292
vn 0.2339 0.7916 -0.5645
vn 0.1582 0.7916 -0.5902
vn 0.2338 0.7916 -0.5646
vn 0.0797 0.7916 -0.6058
vn 0.1581 0.7916 -0.5902
vn -0.0000 0.7916 -0.6111
vn -0.0797 0.7916 -0.6058
vn -0.0798 0.7916 -0.6058
vn -0.1582 0.7916 -0.5902
vn -0.2338 0.7916 -0.5646
vn -0.3055 0.7916 -0.5292
vn -0.2339 0.7916 -0.5645
vn -0.3720 0.7916 -0.4848
vn -0.4321 0.7916 -0.4321
vn -0.4848 0.7916 -0.3720
vn -0.5292 0.7916 -0.3055
vn -0.5645 0.7916 -0.2339
vn 0.5359 0.8413 0.0705
vn 0.5405 0.8413 -0.0000
vn 0.5359 0.8413 -0.0706
vn 0.5405 0.8413 -0.0001
vn 0.5221 0.8413 -0.1399
vn 0.4994 0.8413 -0.2068
vn 0.4681 0.8413 -0.2703
vn 0.4994 0.8413 -0.2069
vn 0.4288 0.8413 -0.3291
vn 0.3822 0.8413 -0.3822
vn 0.3291 0.8413 -0.4288
vn 0.3291 0.8413 -0.4289
vn 0.2703 0.8413 -0.4681
vn 0.2703 0.8413 -0.4682
vn 0.2069 0.8413 -0.4994
vn 0.1399 0.8413 -0.5221
vn 0.2068 0.8413 -0.4994
vn 0.0706 0.8413 -0.5359
vn 0.0001 0.8413 -0.5406
vn 0.0705 0.8413 -0.5359
vn -0.0705 0.8413 -0.5359
vn -0.0000 0.8413 -0.5406
vn -0.0001 0.8413 -0.5406
vn -0.1399 0.8413 -0.5221
vn -0.0706 0.8413 -0.5359
vn -0.2068 0.8413 -0.4994
vn -0.2703 0.8413 -0.4681
vn -0.2069 0.8413 -0.4994
vn -0.3291 0.8413 -0.4289
vn -0.3822 0.8413 -0.3822
vn -0.3291 0.8413 -0.4288
vn -0.4288 0.8413 -0.3291
vn -0.4289 0.8413 -0.3291
vn -0.4681 0.8413 -0.2703
vn -0.4681 0.8413 -0.2702
vn -0.4994 0.8413 -0.2069
vn -0.5221 0.8413 -0.1399
vn -0.4994 0.8413 -0.2068
vn -0.5359 0.8413 -0.0706
vn -0.5405 0.8413 -0.0000
vn -0.5359 0.8413 0.0705
vn -0.5221 0.8413 0.1399
vn -0.5359 0.8413 0.0706
vn -0.4994 0.8413 0.2068
vn -0.4681 0.8413 0.2702
vn -0.4994 0.8413 0.2069
vn -0.4289 0.8413 0.3291
vn -0.4681 0.8413 0.2703
vn -0.3823 0.8413 0.3822
vn -0.4288 0.8413 0.3291
vn -0.3822 0.8413 0.3822
vn -0.3291 0.8413 0.4288
vn -0.2703 0.8413 0.4681
vn -0.3290 0.8413 0.4289
vn -0.2069 0.8413 0.4994
vn -0.1399 0.8413 0.5221
vn -0.2068 0.8413 0.4994
vn -0.0706 0.8413 0.5359
vn -0.1399 0.8413 0.5222
vn -0.0705 0.8413 0.5359
vn -0.0001 0.8413 0.5405
vn 0.0001 0.8413 0.5405
vn 0.0705 0.8413 0.5359
vn 0.0001 0.8413 0.5406
vn 0.0706 0.8413 0.5359
vn 0.1399 0.8413 0.5221
vn 0.2068 0.8413 0.4994
vn 0.2703 0.8413 0.4681
vn 0.2069 0.8413 0.4994
vn 0.3291 0.8413 0.4288
vn 0.3822 0.8413 0.3823
vn 0.3291 0.8413 0.4289
vn 0.3822 0.8413 0.3822
vn 0.4288 0.8413 0.3291
vn 0.4289 0.8413 0.3290
vn 0.4681 0.8413 0.2703
vn 0.4994 0.8413 0.2069
vn 0.5221 0.8413 0.1399
vn 0.4994 0.8413 0.2068
vn 0.5359 0.8413 0.0706
vn 0.1443 0.9833 -0.1107
vn 0.1575 0.9833 -0.0910
vn 0.1575 0.9833 -0.0909
vn 0.1680 0.9833 -0.0696
vn 0.1757 0.9833 -0.0471
vn 0.1757 0.9833 -0.0470
vn 0.1803 0.9833 -0.0238
vn 0.1819 0.9833 -0.0000
vn 0.1803 0.9833 0.0238
vn 0.1803 0.9833 0.0237
vn 0.1757 0.9833 0.0470
vn 0.1757 0.9833 0.0471
vn 0.1680 0.9833 0.0696
vn 0.1575 0.9833 0.0910
vn 0.1443 0.9833 0.1107
vn 0.1443 0.9833 0.1108
vn 0.1286 0.9833 0.1286
vn 0.1107 0.9833 0.1443
vn 0.0910 0.9833 0.1575
vn 0.0909 0.9833 0.1575
vn 0.0696 0.9833 0.1680
vn 0.0471 0.9833 0.1757
vn 0.0237 0.9833 0.1803
vn 0.0238 0.9833 0.1803
vn -0.0000 0.9833 0.1819
vn -0.0238 0.9833 0.1803
vn -0.0237 0.9833 0.1803
vn -0.0470 0.9833 0.1757
vn -0.0471 0.9833 0.1757
vn -0.0696 0.9833 0.1680
vn -0.0910 0.9833 0.1575
vn -0.1107 0.9833 0.1443
vn -0.1286 0.9833 0.1286
vn -0.1443 0.9833 0.1107
vn -0.1575 0.9833 0.0910
vn -0.1680 0.9833 0.0696
vn -0.1757 0.9833 0.0471
vn -0.1803 0.9833 0.0238
vn -0.1757 0.9833 0.0470
vn -0.1819 0.9833 -0.0000
vn -0.1803 0.9833 -0.0238
vn -0.1757 0.9833 -0.0470
vn -0.1680 0.9833 -0.0696
vn -0.1757 0.9833 -0.0471
vn -0.1575 0.9833 -0.0910
vn -0.1443 0.9833 -0.1107
vn 0.2172 0.5435 -0.8108
vn -0.8322 0.5435 -0.1096
vn -0.8108 0.5435 -0.2172
vn -0.8394 0.5435 -0.0001
vn -0.8322 0.5435 -0.1095
vn -0.8394 0.5435 0.0001
vn -0.8322 0.5435 0.1095
vn -0.8107 0.5435 0.2174
vn -0.7755 0.5435 0.3213
vn -0.7754 0.5435 0.3214
vn -0.7269 0.5435 0.4198
vn -0.7754 0.5435 0.3213
vn -0.7269 0.5435 0.4197
vn -0.6660 0.5435 0.5109
vn -0.5935 0.5435 0.5936
vn -0.5935 0.5436 0.5935
vn -0.5110 0.5435 0.6660
vn -0.4197 0.5435 0.7269
vn -0.3213 0.5436 0.7755
vn -0.2173 0.5436 0.8107
vn -0.2172 0.5435 0.8108
vn -0.1096 0.5435 0.8322
vn -0.1095 0.5435 0.8322
vn -0.0000 0.5435 0.8394
vn 0.2172 0.5436 0.8108
vn 0.1096 0.5436 0.8322
vn 0.3212 0.5435 0.7756
vn 0.4196 0.5435 0.7270
vn 0.5110 0.5435 0.6660
vn 0.5111 0.5436 0.6659
vn -0.7755 0.5436 -0.3210
vn -0.7269 0.5436 -0.4197
vn -0.7270 0.5435 -0.4196
vn -0.6660 0.5435 -0.5109
vn -0.5936 0.5436 -0.5935
vn -0.5935 0.5435 -0.5936
vn -0.5110 0.5435 -0.6660
vn -0.5110 0.5435 -0.6659
vn -0.4197 0.5435 -0.7269
vn -0.3211 0.5435 -0.7756
vn -0.2172 0.5436 -0.8108
vn -0.1096 0.5436 -0.8322
vn -0.1095 0.5435 -0.8322
vn 0.7754 0.5435 0.3214
vn 0.8322 0.5436 0.1096
vn 0.8394 0.5436 0.0001
vn 0.8322 0.5436 -0.1095
vn 0.8394 0.5436 -0.0000
vn 0.2173 0.5435 -0.8108
vn 0.3213 0.5436 -0.7754
vn 0.4197 0.5436 -0.7269
vn 0.5110 0.5435 -0.6660
vn 0.5935 0.5435 -0.5935
vn 0.6659 0.5435 -0.5110
vn 0.7270 0.5436 -0.4196
vn 0.6660 0.5436 -0.5109
vn 0.7755 0.5435 -0.3212
vn 0.7270 0.5435 -0.4196
vn 0.8108 0.5435 -0.2173
vn -0.0003 1.0000 -0.0000
vn 0.9808 -0.0000 -0.1950
vn -0.3823 -0.0000 -0.9241
vn -0.9808 -0.0000 -0.1950
vn -0.9240 -0.0000 0.3823
vn -0.9807 -0.0000 0.1953
vn -0.3822 -0.0000 0.9241
vn 0.3823 -0.0000 0.9241
vn 0.9808 -0.0000 0.1951
vn -0.2593 0.0001 -0.9658
vn -0.6088 -0.0000 -0.7933
vn -0.9660 0.0001 -0.2584
vn -0.8663 -0.0000 0.4995
vn 1.0000 -0.0000 -0.0035
vn 0.1212 0.9701 -0.2100
vn 0.8661 -0.0000 0.4999
vn -0.3821 -0.0000 0.9241
vn -0.4996 -0.0000 0.8662
vn -0.3665 0.2851 0.8857
vn -0.2474 0.2873 0.9253
vn 0.4792 0.2873 0.8293
vn -0.5834 0.2851 0.7605
vn -0.6091 -0.0000 0.7931
vn -0.8661 -0.0000 -0.5000
vn -0.4968 -0.0000 -0.8679
vn -0.2475 0.2874 -0.9253
vn 0.0005 0.2873 -0.9578
vn 0.0005 0.2874 -0.9578
vn 0.6091 -0.0000 -0.7931
vn 0.0001 0.9864 0.1644
vn -0.2388 0.9507 0.1978
vn 0.0657 0.9849 0.1603
vn -0.0883 0.9794 0.1814
vn -0.7071 0.6975 0.1162
vn -0.0000 0.5813 0.8137
vn 0.7071 0.6975 0.1163
vn -0.0000 0.8137 -0.5813
vn -0.0000 0.5812 0.8137
vn 0.7071 0.6975 0.1162
vn 0.0002 0.9864 0.1644
vn -0.0001 0.9864 0.1644
vn -0.0000 0.8138 -0.5811
vn -0.7071 0.6975 0.1163
vn -0.0813 0.9815 0.1733
vn 0.1140 0.9815 0.1539
vn 0.0164 0.9863 0.1644
vn -0.0829 0.9820 0.1696
vn 0.0470 0.9857 0.1620
vn -0.0182 0.9859 0.1662
vn -0.1922 0.9569 0.2175
vn 0.2720 0.9569 0.1015
vn 0.0411 0.9856 0.1643
vn -0.0000 0.5812 0.8138
vn -0.0000 0.8138 -0.5812
vn -0.0000 0.9864 0.1645
vn -0.9226 0.3342 0.1924
vn -0.8526 0.5103 -0.1126
vn -0.8526 0.5103 -0.1127
vn -0.8526 0.1576 0.4982
vn -0.9227 0.3338 0.1932
vn -0.9226 0.3338 0.1932
vn -0.6527 0.0079 0.7575
vn -0.8522 0.1572 0.4990
vn -0.6521 0.0077 0.7581
vn -0.3536 -0.0921 0.9309
vn -0.5800 0.2044 0.7885
vn -0.3145 0.1157 0.9422
vn -0.5801 0.2044 0.7885
vn -0.0005 0.0843 0.9964
vn -0.3137 0.1155 0.9425
vn -0.3526 -0.0923 0.9312
vn -0.0005 -0.1273 0.9919
vn -0.0004 -0.1273 0.9919
vn -0.3822 -0.4620 0.8003
vn -0.0005 -0.5000 0.8660
vn -0.0005 -0.5001 0.8660
vn -0.7068 -0.3537 0.6127
vn -0.3831 -0.4618 0.7999
vn -0.3831 -0.4619 0.8000
vn -0.9237 -0.1916 0.3317
vn -0.7075 -0.3534 0.6120
vn -0.7075 -0.3533 0.6120
vn -1.0000 -0.0002 0.0003
vn -0.9241 -0.1911 0.3309
vn -0.9241 -0.1912 0.3309
vn -0.9240 0.1911 -0.3311
vn -1.0000 0.0003 -0.0005
vn -1.0000 0.0002 -0.0006
vn -0.7074 0.3534 -0.6121
vn -0.9237 0.1915 -0.3318
vn -0.3831 0.4618 -0.8000
vn -0.7068 0.3537 -0.6127
vn -0.7068 0.3537 -0.6126
vn -0.0005 0.5000 -0.8660
vn -0.3822 0.4620 -0.8003
vn -0.3822 0.4621 -0.8002
vn 0.3823 0.4620 -0.8003
vn 0.0005 0.5000 -0.8660
vn 0.3823 0.4620 -0.8002
vn 0.7068 0.3537 -0.6127
vn 0.3831 0.4619 -0.7999
vn 0.9237 0.1916 -0.3318
vn 0.7075 0.3534 -0.6120
vn 0.9237 0.1915 -0.3317
vn 1.0000 0.0003 -0.0005
vn 0.9240 0.1911 -0.3312
vn 0.9241 -0.1912 0.3310
vn 1.0000 -0.0003 0.0003
vn 0.9241 -0.1911 0.3310
vn 0.7075 -0.3534 0.6121
vn 0.9237 -0.1915 0.3318
vn 0.7075 -0.3534 0.6120
vn 0.3831 -0.4619 0.8000
vn 0.7068 -0.3538 0.6126
vn 0.3830 -0.4619 0.8000
vn 0.0004 -0.5000 0.8660
vn 0.3823 -0.4621 0.8002
vn 0.0005 -0.5000 0.8660
vn 0.3823 -0.4620 0.8003
vn 0.7068 -0.3537 0.6127
vn 0.3831 -0.4618 0.8000
vn 0.7067 -0.3537 0.6127
vn 0.9238 -0.1915 0.3317
vn 0.7075 -0.3533 0.6120
vn 0.9237 -0.1915 0.3317
vn 1.0000 -0.0003 0.0005
vn 0.9240 -0.1911 0.3312
vn 0.9241 0.1911 -0.3310
vn 1.0000 0.0003 -0.0003
vn 0.7074 0.3533 -0.6122
vn 0.9237 0.1915 -0.3318
vn 0.7074 0.3533 -0.6121
vn 0.7068 0.3538 -0.6126
vn -0.3823 0.4620 -0.8002
vn -0.0004 0.5000 -0.8660
vn -0.3832 0.4619 -0.7999
vn -0.3832 0.4618 -0.7999
vn -0.9237 0.1915 -0.3317
vn -0.7075 0.3534 -0.6120
vn -1.0000 0.0002 -0.0004
vn -0.9241 0.1911 -0.3310
vn -0.9240 -0.1911 0.3311
vn -1.0000 -0.0002 0.0005
vn -0.7075 -0.3533 0.6121
vn -0.9237 -0.1915 0.3317
vn -0.9237 -0.1915 0.3318
vn -0.3831 -0.4618 0.8000
vn 0.3527 -0.0923 0.9312
vn 0.0004 -0.1273 0.9919
vn 0.0005 -0.1273 0.9919
vn 0.6521 0.0076 0.7581
vn 0.3535 -0.0921 0.9309
vn 0.8522 0.1572 0.4990
vn 0.6527 0.0079 0.7575
vn 0.8523 0.1572 0.4989
vn 0.9226 0.3338 0.1932
vn 0.8526 0.1577 0.4982
vn 0.9227 0.3338 0.1932
vn 0.8526 0.5103 -0.1126
vn 0.9227 0.3342 0.1924
vn 0.6528 0.6600 -0.3719
vn 0.8523 0.5107 -0.1133
vn 0.6521 0.6604 -0.3724
vn 0.3535 0.7601 -0.5452
vn 0.3527 0.7603 -0.5455
vn 0.0005 0.7953 -0.6062
vn -0.0005 0.7953 -0.6062
vn -0.3527 0.7603 -0.5455
vn -0.3535 0.7601 -0.5452
vn -0.6521 0.6604 -0.3724
vn -0.8522 0.5107 -0.1134
vn -0.6527 0.6600 -0.3719
vn -0.8523 0.5107 -0.1133
vn -0.7582 0.6519 0.0131
vn -0.5807 0.7847 -0.2169
vn -0.5807 0.7847 -0.2168
vn -0.8208 0.4949 0.2852
vn -0.7585 0.6516 0.0139
vn -0.7585 0.6515 0.0139
vn -0.8208 0.4944 0.2860
vn -0.7585 0.3378 0.5573
vn -0.8208 0.4944 0.2861
vn -0.7582 0.3375 0.5578
vn -0.5808 0.2047 0.7878
vn -0.0000 0.8660 0.5000
vn -0.3145 0.8737 -0.3710
vn -0.5801 0.7850 -0.2174
vn -0.0005 0.9051 -0.4252
vn -0.3137 0.8740 -0.3712
vn 0.0005 0.9051 -0.4252
vn 0.3137 0.8739 -0.3712
vn 0.3137 0.8740 -0.3712
vn 0.3146 0.8737 -0.3710
vn 0.5800 0.7851 -0.2174
vn 0.5801 0.7850 -0.2174
vn 0.5807 0.7848 -0.2165
vn 0.7581 0.6520 0.0134
vn 0.7585 0.6516 0.0140
vn 0.8208 0.4949 0.2853
vn 0.8208 0.4950 0.2852
vn 0.8208 0.4945 0.2861
vn 0.7585 0.3378 0.5573
vn 0.7581 0.3375 0.5580
vn 0.5807 0.2047 0.7880
vn 0.5807 0.2047 0.7879
vn 0.5801 0.2043 0.7885
vn 0.3145 0.1155 0.9422
vn 0.0005 0.0843 0.9964
vn 0.3137 0.1154 0.9425
vn 0.0004 0.0843 0.9964
vn 0.7067 -0.0000 -0.7075
vn 0.6088 -0.0000 -0.7933
vn -0.6087 -0.0000 -0.7934
vn -0.6777 0.2874 -0.6769
vn -0.9661 0.0001 -0.2583
vn 0.8662 -0.0000 -0.4996
vn 0.0004 0.2873 -0.9578
vn -0.2475 0.2873 -0.9253
vn 1.0000 -0.0000 -0.0039
vn 0.1213 0.9701 -0.2101
vn 0.8660 -0.0000 0.5000
vn 0.8297 0.2873 -0.4786
vn -0.6089 -0.0000 0.7933
vn -0.8660 -0.0000 -0.5001
vn -0.4970 -0.0000 -0.8678
vn -0.8662 -0.0000 -0.4996
vn 0.7075 -0.0000 0.7067
vn 0.8662 0.0001 0.4996
vn 0.8662 -0.0000 0.4996
vn 0.6087 -0.0000 -0.7934
vn 0.2592 -0.0000 -0.9658
vn 1.0000 -0.0000 -0.0034
vn -0.3667 0.2851 0.8856
vn 0.4793 0.2874 0.8292
vn -0.6092 -0.0000 0.7930
vn -0.8292 0.2873 -0.4794
vn -0.4086 0.6336 -0.6570
vn -0.4304 0.6841 -0.5889
vn -0.3964 0.6502 -0.6482
vn -0.8943 0.2026 -0.3991
vn -0.8820 0.2182 -0.4177
vn -0.8610 0.2026 -0.4665
vn -0.7700 0.6336 0.0758
vn -0.7292 0.6840 0.0171
vn -0.7841 0.6206 0.0052
vn -0.4859 0.8530 -0.1903
vn -0.4928 0.8383 -0.2333
vn -0.4851 0.8383 -0.2490
vn -0.3193 0.6336 -0.7047
vn -0.3498 0.6841 -0.6401
vn -0.3084 0.6502 -0.6944
vn -0.7927 0.2026 -0.5749
vn -0.8027 0.2181 -0.5550
vn -0.8200 0.2181 -0.5292
vn -0.7733 0.6336 -0.0253
vn -0.7252 0.6840 -0.0782
vn -0.7781 0.6206 -0.0971
vn -0.4078 0.8530 -0.3257
vn -0.4484 0.8383 -0.3102
vn -0.4569 0.8530 -0.2521
vn -0.2246 0.6336 -0.7404
vn -0.2633 0.6840 -0.6803
vn -0.2152 0.6501 -0.7287
vn -0.7605 0.2026 -0.6169
vn -0.7439 0.2181 -0.6317
vn -0.7109 0.2026 -0.6735
vn -0.7633 0.6336 -0.1260
vn -0.7088 0.6840 -0.1722
vn -0.7588 0.6206 -0.1979
vn -0.3618 0.8530 -0.3761
vn -0.4041 0.8383 -0.3660
vn -0.4201 0.8530 -0.3096
vn -0.1260 0.6336 -0.7634
vn -0.1722 0.6840 -0.7088
vn -0.1182 0.6501 -0.7506
vn -0.6169 0.2026 -0.7605
vn -0.6317 0.2181 -0.7439
vn -0.6551 0.2181 -0.7234
vn -0.7404 0.6336 -0.2246
vn -0.6803 0.6840 -0.2633
vn -0.7265 0.6205 -0.2953
vn -0.3761 0.8530 -0.3618
vn -0.3660 0.8383 -0.4041
vn -0.3529 0.8383 -0.4156
vn -0.0253 0.6336 -0.7733
vn -0.0783 0.6841 -0.7252
vn -0.0192 0.6502 -0.7596
vn -0.5124 0.2026 -0.8345
vn -0.5292 0.2182 -0.8199
vn -0.5551 0.2182 -0.8027
vn -0.7047 0.6336 -0.3193
vn -0.6401 0.6840 -0.3498
vn -0.6817 0.6206 -0.3875
vn -0.3256 0.8530 -0.4078
vn -0.3102 0.8383 -0.4484
vn -0.2956 0.8383 -0.4581
vn 0.0758 0.6336 -0.7700
vn 0.0171 0.6840 -0.7292
vn 0.0801 0.6501 -0.7556
vn -0.3990 0.2026 -0.8943
vn -0.4176 0.2181 -0.8820
vn -0.4455 0.2181 -0.8683
vn -0.6570 0.6336 -0.4086
vn -0.5889 0.6841 -0.4304
vn -0.6252 0.6206 -0.4732
vn -0.1903 0.8530 -0.4859
vn -0.2333 0.8383 -0.4928
vn -0.2696 0.8530 -0.4468
vn 0.1757 0.6336 -0.7535
vn 0.1121 0.6840 -0.7208
vn 0.1780 0.6501 -0.7387
vn -0.3501 0.2026 -0.9145
vn -0.3284 0.2181 -0.9190
vn -0.2789 0.2026 -0.9387
vn -0.5981 0.6336 -0.4908
vn -0.5278 0.6841 -0.5035
vn -0.5582 0.6206 -0.5507
vn -0.1253 0.8530 -0.5066
vn -0.1670 0.8383 -0.5190
vn -0.2090 0.8530 -0.4782
vn 0.2725 0.6336 -0.7240
vn 0.2053 0.6841 -0.6999
vn 0.2729 0.6502 -0.7091
vn -0.2278 0.2026 -0.9524
vn -0.2056 0.2181 -0.9540
vn -0.1541 0.2026 -0.9671
vn -0.5289 0.6336 -0.5647
vn -0.4575 0.6840 -0.5681
vn -0.4815 0.6206 -0.6189
vn -0.0581 0.8530 -0.5186
vn -0.0978 0.8383 -0.5364
vn -0.1448 0.8530 -0.5014
vn 0.3647 0.6336 -0.6823
vn 0.2949 0.6840 -0.6672
vn 0.3631 0.6501 -0.6674
vn -0.1015 0.2026 -0.9740
vn -0.0793 0.2181 -0.9727
vn -0.0265 0.2026 -0.9789
vn -0.4507 0.6336 -0.6289
vn -0.3795 0.6840 -0.6230
vn -0.3966 0.6206 -0.6764
vn 0.0101 0.8530 -0.5218
vn -0.0270 0.8383 -0.5445
vn -0.0782 0.8530 -0.5160
vn 0.4506 0.6336 -0.6289
vn 0.3794 0.6841 -0.6230
vn 0.4472 0.6502 -0.6143
vn 0.1015 0.2025 -0.9740
vn 0.0793 0.2181 -0.9727
vn 0.0483 0.2181 -0.9747
vn -0.3647 0.6336 -0.6823
vn -0.2949 0.6840 -0.6672
vn -0.3049 0.6205 -0.7225
vn -0.0101 0.8531 -0.5217
vn 0.0270 0.8383 -0.5445
vn 0.0444 0.8383 -0.5434
vn 0.5289 0.6336 -0.5647
vn 0.4575 0.6840 -0.5681
vn 0.5235 0.6501 -0.5507
vn 0.2278 0.2025 -0.9524
vn 0.2056 0.2181 -0.9540
vn 0.1752 0.2181 -0.9601
vn -0.2725 0.6336 -0.7241
vn -0.2053 0.6840 -0.7000
vn -0.2080 0.6206 -0.7561
vn 0.1448 0.8530 -0.5014
vn 0.1149 0.8383 -0.5330
vn 0.0581 0.8530 -0.5186
vn 0.5980 0.6336 -0.4908
vn 0.5277 0.6840 -0.5036
vn 0.5909 0.6502 -0.4776
vn 0.3501 0.2025 -0.9145
vn 0.3284 0.2181 -0.9190
vn 0.2989 0.2181 -0.9290
vn -0.1757 0.6336 -0.7535
vn -0.1121 0.6840 -0.7208
vn -0.1075 0.6206 -0.7767
vn 0.1253 0.8530 -0.5066
vn 0.1670 0.8383 -0.5190
vn 0.1835 0.8383 -0.5134
vn 0.6570 0.6336 -0.4086
vn 0.5889 0.6841 -0.4304
vn 0.6482 0.6501 -0.3965
vn 0.4665 0.2025 -0.8610
vn 0.4455 0.2181 -0.8683
vn 0.4176 0.2181 -0.8820
vn -0.0758 0.6336 -0.7700
vn -0.0171 0.6840 -0.7292
vn -0.0052 0.6206 -0.7841
vn 0.1903 0.8530 -0.4859
vn 0.2333 0.8383 -0.4928
vn 0.2490 0.8383 -0.4850
vn 0.7047 0.6335 -0.3193
vn 0.6401 0.6840 -0.3498
vn 0.6944 0.6501 -0.3084
vn 0.5749 0.2025 -0.7927
vn 0.5551 0.2181 -0.8027
vn 0.5293 0.2181 -0.8200
vn 0.0253 0.6336 -0.7733
vn 0.0782 0.6841 -0.7252
vn 0.0972 0.6205 -0.7781
vn 0.3256 0.8530 -0.4078
vn 0.3101 0.8383 -0.4484
vn 0.2521 0.8530 -0.4569
vn 0.7404 0.6336 -0.2245
vn 0.6802 0.6841 -0.2632
vn 0.7287 0.6502 -0.2151
vn 0.6735 0.2026 -0.7109
vn 0.6550 0.2181 -0.7235
vn 0.6317 0.2182 -0.7439
vn 0.1261 0.6336 -0.7633
vn 0.1722 0.6840 -0.7089
vn 0.1978 0.6206 -0.7588
vn 0.3761 0.8530 -0.3618
vn 0.3660 0.8383 -0.4041
vn 0.3096 0.8531 -0.4200
vn 0.7633 0.6336 -0.1261
vn 0.7089 0.6840 -0.1722
vn 0.7506 0.6501 -0.1182
vn 0.7109 0.2026 -0.6734
vn 0.7235 0.2181 -0.6550
vn 0.7605 0.2026 -0.6169
vn 0.2246 0.6336 -0.7403
vn 0.2633 0.6841 -0.6802
vn 0.2953 0.6206 -0.7264
vn 0.3618 0.8530 -0.3761
vn 0.4041 0.8383 -0.3660
vn 0.4157 0.8383 -0.3529
vn 0.7732 0.6336 -0.0254
vn 0.7252 0.6841 -0.0783
vn 0.7596 0.6502 -0.0193
vn 0.8345 0.2026 -0.5124
vn 0.8199 0.2182 -0.5292
vn 0.8027 0.2181 -0.5551
vn 0.3193 0.6336 -0.7047
vn 0.3498 0.6840 -0.6401
vn 0.3875 0.6205 -0.6817
vn 0.4569 0.8530 -0.2521
vn 0.4581 0.8383 -0.2956
vn 0.4078 0.8530 -0.3256
vn 0.7700 0.6336 0.0759
vn 0.7292 0.6840 0.0171
vn 0.7556 0.6501 0.0801
vn 0.8610 0.2026 -0.4665
vn 0.8683 0.2182 -0.4455
vn 0.8943 0.2026 -0.3991
vn 0.4086 0.6336 -0.6570
vn 0.4303 0.6840 -0.5890
vn 0.4732 0.6206 -0.6253
vn 0.4859 0.8530 -0.1903
vn 0.4928 0.8383 -0.2333
vn 0.4468 0.8530 -0.2696
vn 0.7535 0.6336 0.1757
vn 0.7208 0.6840 0.1121
vn 0.7387 0.6502 0.1780
vn 0.9145 0.2026 -0.3501
vn 0.9190 0.2181 -0.3284
vn 0.9387 0.2026 -0.2789
vn 0.4908 0.6336 -0.5981
vn 0.5035 0.6840 -0.5278
vn 0.5507 0.6206 -0.5582
vn 0.5066 0.8530 -0.1253
vn 0.5190 0.8383 -0.1670
vn 0.4782 0.8530 -0.2090
vn 0.7241 0.6336 0.2725
vn 0.7000 0.6840 0.2053
vn 0.7091 0.6502 0.2729
vn 0.9671 0.2026 -0.1540
vn 0.9601 0.2181 -0.1752
vn 0.9540 0.2181 -0.2056
vn 0.5647 0.6336 -0.5289
vn 0.5681 0.6840 -0.4576
vn 0.6189 0.6206 -0.4815
vn 0.5014 0.8530 -0.1448
vn 0.5329 0.8383 -0.1149
vn 0.5364 0.8383 -0.0978
vn 0.6824 0.6336 0.3647
vn 0.6672 0.6840 0.2948
vn 0.6674 0.6501 0.3631
vn 0.9740 0.2026 -0.1015
vn 0.9727 0.2181 -0.0793
vn 0.9789 0.2025 -0.0265
vn 0.6289 0.6336 -0.4507
vn 0.6230 0.6840 -0.3795
vn 0.6764 0.6206 -0.3966
vn 0.5217 0.8530 0.0100
vn 0.5445 0.8383 -0.0270
vn 0.5160 0.8530 -0.0782
vn 0.6289 0.6336 0.4506
vn 0.6230 0.6840 0.3795
vn 0.6143 0.6501 0.4471
vn 0.9740 0.2026 0.1015
vn 0.9727 0.2181 0.0793
vn 0.9747 0.2181 0.0483
vn 0.6823 0.6336 -0.3647
vn 0.6672 0.6840 -0.2949
vn 0.7225 0.6206 -0.3049
vn 0.5218 0.8530 -0.0101
vn 0.5445 0.8383 0.0270
vn 0.5434 0.8383 0.0444
vn 0.5647 0.6336 0.5289
vn 0.5682 0.6840 0.4575
vn 0.5507 0.6501 0.5235
vn 0.9524 0.2025 0.2278
vn 0.9540 0.2181 0.2056
vn 0.9601 0.2181 0.1751
vn 0.7241 0.6336 -0.2725
vn 0.7000 0.6840 -0.2052
vn 0.7561 0.6206 -0.2080
vn 0.5014 0.8530 0.1447
vn 0.5329 0.8383 0.1149
vn 0.5186 0.8530 0.0581
vn 0.4908 0.6336 0.5980
vn 0.5036 0.6841 0.5277
vn 0.4776 0.6502 0.5909
vn 0.9387 0.2026 0.2789
vn 0.9290 0.2181 0.2989
vn 0.9145 0.2026 0.3501
vn 0.7535 0.6336 -0.1757
vn 0.7208 0.6840 -0.1122
vn 0.7768 0.6205 -0.1076
vn 0.5066 0.8530 0.1253
vn 0.5190 0.8383 0.1670
vn 0.5134 0.8383 0.1835
vn 0.4086 0.6336 0.6570
vn 0.4304 0.6841 0.5889
vn 0.3964 0.6502 0.6482
vn 0.8610 0.2026 0.4665
vn 0.8683 0.2181 0.4455
vn 0.8820 0.2181 0.4176
vn 0.7700 0.6336 -0.0758
vn 0.7292 0.6840 -0.0171
vn 0.7841 0.6206 -0.0052
vn 0.4859 0.8530 0.1903
vn 0.4928 0.8383 0.2333
vn 0.4850 0.8383 0.2490
vn 0.3193 0.6336 0.7047
vn 0.3498 0.6840 0.6401
vn 0.3084 0.6501 0.6944
vn 0.8345 0.2026 0.5124
vn 0.8199 0.2182 0.5292
vn 0.7927 0.2026 0.5750
vn 0.7733 0.6336 0.0253
vn 0.7252 0.6841 0.0782
vn 0.7781 0.6206 0.0972
vn 0.4569 0.8530 0.2521
vn 0.4581 0.8383 0.2956
vn 0.4484 0.8383 0.3101
vn 0.2246 0.6336 0.7404
vn 0.2633 0.6840 0.6803
vn 0.2152 0.6501 0.7287
vn 0.7109 0.2026 0.6735
vn 0.7234 0.2181 0.6551
vn 0.7439 0.2182 0.6317
vn 0.7634 0.6336 0.1260
vn 0.7088 0.6840 0.1722
vn 0.7588 0.6206 0.1978
vn 0.4201 0.8530 0.3096
vn 0.4156 0.8383 0.3529
vn 0.4041 0.8383 0.3660
vn 0.1260 0.6336 0.7633
vn 0.1722 0.6840 0.7088
vn 0.1182 0.6502 0.7506
vn 0.6169 0.2026 0.7605
vn 0.6317 0.2181 0.7439
vn 0.6551 0.2181 0.7234
vn 0.7404 0.6336 0.2246
vn 0.6803 0.6840 0.2633
vn 0.7265 0.6206 0.2952
vn 0.3761 0.8530 0.3618
vn 0.3660 0.8383 0.4041
vn 0.3529 0.8383 0.4156
vn 0.0253 0.6336 0.7733
vn 0.0782 0.6840 0.7253
vn 0.0192 0.6501 0.7596
vn 0.5749 0.2026 0.7927
vn 0.5550 0.2181 0.8027
vn 0.5124 0.2026 0.8345
vn 0.7047 0.6336 0.3194
vn 0.6401 0.6840 0.3498
vn 0.6817 0.6206 0.3876
vn 0.3256 0.8530 0.4078
vn 0.3101 0.8383 0.4484
vn 0.2956 0.8383 0.4581
vn -0.0759 0.6336 0.7700
vn -0.0171 0.6841 0.7292
vn -0.0801 0.6501 0.7556
vn 0.3991 0.2026 0.8942
vn 0.4177 0.2182 0.8820
vn 0.4456 0.2182 0.8683
vn 0.6570 0.6336 0.4085
vn 0.5890 0.6841 0.4303
vn 0.6253 0.6206 0.4731
vn 0.1903 0.8530 0.4859
vn 0.2333 0.8383 0.4928
vn 0.2696 0.8530 0.4468
vn -0.1757 0.6336 0.7535
vn -0.1121 0.6840 0.7208
vn -0.1780 0.6501 0.7387
vn 0.3501 0.2025 0.9145
vn 0.3284 0.2181 0.9190
vn 0.2789 0.2026 0.9387
vn 0.5980 0.6336 0.4908
vn 0.5278 0.6840 0.5035
vn 0.5582 0.6206 0.5507
vn 0.1253 0.8530 0.5066
vn 0.1670 0.8383 0.5190
vn 0.2090 0.8530 0.4782
vn -0.2725 0.6336 0.7241
vn -0.2053 0.6840 0.7000
vn -0.2729 0.6502 0.7091
vn 0.2278 0.2025 0.9524
vn 0.2056 0.2181 0.9540
vn 0.1540 0.2025 0.9671
vn 0.5289 0.6335 0.5648
vn 0.4575 0.6840 0.5682
vn 0.4815 0.6205 0.6190
vn 0.1448 0.8530 0.5014
vn 0.1149 0.8383 0.5330
vn 0.0978 0.8383 0.5364
vn -0.3647 0.6336 0.6823
vn -0.2949 0.6841 0.6672
vn -0.3632 0.6501 0.6674
vn 0.0265 0.2026 0.9789
vn 0.0483 0.2182 0.9747
vn 0.0793 0.2182 0.9727
vn 0.4506 0.6336 0.6289
vn 0.3794 0.6840 0.6230
vn 0.3966 0.6206 0.6765
vn 0.0781 0.8530 0.5160
vn 0.0444 0.8383 0.5434
vn 0.0269 0.8383 0.5445
vn -0.4506 0.6336 0.6289
vn -0.3794 0.6840 0.6230
vn -0.4471 0.6501 0.6144
vn -0.0265 0.2026 0.9789
vn -0.0483 0.2181 0.9747
vn -0.1015 0.2026 0.9740
vn 0.3647 0.6336 0.6823
vn 0.2949 0.6840 0.6672
vn 0.3049 0.6206 0.7224
vn -0.0781 0.8530 0.5160
vn -0.0444 0.8383 0.5434
vn 0.0101 0.8530 0.5218
vn -0.5289 0.6336 0.5647
vn -0.4575 0.6840 0.5682
vn -0.5235 0.6501 0.5507
vn -0.2277 0.2026 0.9524
vn -0.2056 0.2181 0.9540
vn -0.1751 0.2181 0.9601
vn 0.2725 0.6336 0.7241
vn 0.2053 0.6840 0.7000
vn 0.2080 0.6206 0.7561
vn -0.0581 0.8530 0.5186
vn -0.0978 0.8383 0.5364
vn -0.1149 0.8383 0.5330
vn -0.5980 0.6336 0.4908
vn -0.5278 0.6840 0.5036
vn -0.5909 0.6502 0.4776
vn -0.2789 0.2026 0.9387
vn -0.2989 0.2181 0.9290
vn -0.3501 0.2026 0.9145
vn 0.1757 0.6336 0.7535
vn 0.1121 0.6841 0.7208
vn 0.1075 0.6206 0.7767
vn -0.1253 0.8530 0.5066
vn -0.1670 0.8383 0.5190
vn -0.1835 0.8383 0.5134
vn -0.6570 0.6336 0.4086
vn -0.5890 0.6840 0.4304
vn -0.6482 0.6501 0.3965
vn -0.3991 0.2026 0.8943
vn -0.4177 0.2182 0.8820
vn -0.4665 0.2026 0.8610
vn 0.0759 0.6336 0.7700
vn 0.0171 0.6841 0.7292
vn 0.0052 0.6205 0.7842
vn -0.2696 0.8530 0.4468
vn -0.2490 0.8383 0.4851
vn -0.1903 0.8530 0.4859
vn -0.7047 0.6336 0.3194
vn -0.6401 0.6840 0.3498
vn -0.6944 0.6501 0.3085
vn -0.5124 0.2026 0.8345
vn -0.5292 0.2182 0.8200
vn -0.5749 0.2026 0.7927
vn -0.0253 0.6335 0.7733
vn -0.0782 0.6840 0.7253
vn -0.0972 0.6205 0.7781
vn -0.3256 0.8530 0.4078
vn -0.3101 0.8383 0.4484
vn -0.2521 0.8530 0.4569
vn -0.7404 0.6336 0.2245
vn -0.6803 0.6840 0.2632
vn -0.7287 0.6501 0.2151
vn -0.6170 0.2026 0.7605
vn -0.6317 0.2181 0.7439
vn -0.6735 0.2026 0.7109
vn -0.1261 0.6336 0.7633
vn -0.1722 0.6840 0.7088
vn -0.1979 0.6206 0.7588
vn -0.3761 0.8530 0.3618
vn -0.3660 0.8383 0.4041
vn -0.3096 0.8530 0.4201
vn -0.7633 0.6336 0.1261
vn -0.7088 0.6840 0.1723
vn -0.7505 0.6502 0.1182
vn -0.7605 0.2026 0.6170
vn -0.7439 0.2181 0.6317
vn -0.7234 0.2181 0.6551
vn -0.2246 0.6336 0.7403
vn -0.2633 0.6840 0.6803
vn -0.2952 0.6206 0.7264
vn -0.3618 0.8530 0.3760
vn -0.4041 0.8383 0.3660
vn -0.4156 0.8383 0.3528
vn -0.7733 0.6336 0.0253
vn -0.7252 0.6840 0.0782
vn -0.7596 0.6501 0.0192
vn -0.8345 0.2026 0.5124
vn -0.8200 0.2182 0.5292
vn -0.8027 0.2182 0.5550
vn -0.3193 0.6336 0.7047
vn -0.3498 0.6840 0.6401
vn -0.3875 0.6206 0.6817
vn -0.4078 0.8530 0.3256
vn -0.4484 0.8383 0.3101
vn -0.4581 0.8383 0.2956
vn -0.7700 0.6336 -0.0758
vn -0.7293 0.6840 -0.0171
vn -0.7556 0.6501 -0.0801
vn -0.8610 0.2026 0.4665
vn -0.8683 0.2182 0.4455
vn -0.8943 0.2026 0.3991
vn -0.4085 0.6336 0.6570
vn -0.4304 0.6840 0.5890
vn -0.4732 0.6206 0.6253
vn -0.4859 0.8530 0.1903
vn -0.4928 0.8383 0.2333
vn -0.4468 0.8530 0.2696
vn -0.7535 0.6336 -0.1756
vn -0.7208 0.6841 -0.1121
vn -0.7387 0.6502 -0.1780
vn -0.9145 0.2026 0.3501
vn -0.9190 0.2181 0.3284
vn -0.9387 0.2026 0.2789
vn -0.4908 0.6336 0.5980
vn -0.5036 0.6841 0.5277
vn -0.5508 0.6206 0.5581
vn -0.5066 0.8530 0.1253
vn -0.5190 0.8383 0.1670
vn -0.4782 0.8530 0.2090
vn -0.7241 0.6336 -0.2725
vn -0.7000 0.6840 -0.2053
vn -0.7091 0.6502 -0.2729
vn -0.9524 0.2026 0.2278
vn -0.9540 0.2181 0.2056
vn -0.9671 0.2025 0.1540
vn -0.5647 0.6335 0.5289
vn -0.5681 0.6840 0.4576
vn -0.6189 0.6205 0.4816
vn -0.5186 0.8530 0.0581
vn -0.5364 0.8383 0.0978
vn -0.5013 0.8530 0.1448
vn -0.6823 0.6336 -0.3647
vn -0.6672 0.6840 -0.2948
vn -0.6674 0.6502 -0.3631
vn -0.9789 0.2025 0.0265
vn -0.9747 0.2181 0.0483
vn -0.9727 0.2181 0.0793
vn -0.6289 0.6336 0.4507
vn -0.6230 0.6840 0.3794
vn -0.6765 0.6206 0.3966
vn -0.5160 0.8530 0.0781
vn -0.5434 0.8383 0.0444
vn -0.5445 0.8383 0.0269
vn -0.6289 0.6336 -0.4506
vn -0.6230 0.6840 -0.3794
vn -0.6143 0.6501 -0.4471
vn -0.9789 0.2026 -0.0265
vn -0.9747 0.2181 -0.0483
vn -0.9740 0.2026 -0.1015
vn -0.6823 0.6336 0.3647
vn -0.6672 0.6840 0.2949
vn -0.7225 0.6206 0.3049
vn -0.5217 0.8530 0.0101
vn -0.5446 0.8383 -0.0269
vn -0.5434 0.8383 -0.0444
vn -0.5647 0.6336 -0.5289
vn -0.5682 0.6840 -0.4575
vn -0.5507 0.6502 -0.5234
vn -0.9524 0.2025 -0.2278
vn -0.9540 0.2181 -0.2056
vn -0.9601 0.2181 -0.1751
vn -0.7241 0.6336 0.2726
vn -0.7000 0.6840 0.2053
vn -0.7561 0.6205 0.2081
vn -0.5013 0.8530 -0.1448
vn -0.5330 0.8383 -0.1149
vn -0.5186 0.8530 -0.0581
vn -0.4908 0.6336 -0.5981
vn -0.5036 0.6840 -0.5277
vn -0.4776 0.6501 -0.5909
vn -0.9145 0.2026 -0.3501
vn -0.9190 0.2181 -0.3284
vn -0.9290 0.2181 -0.2989
vn -0.7535 0.6336 0.1757
vn -0.7208 0.6840 0.1122
vn -0.7767 0.6206 0.1076
vn -0.5066 0.8530 -0.1253
vn -0.5190 0.8383 -0.1670
vn -0.5134 0.8383 -0.1835
vn -0.0000 0.6881 -0.7257
vn 0.2874 0.9578 -0.0000
vn 0.2489 0.9578 -0.1437
vn -0.0000 0.9578 -0.2874
vn -0.8261 0.5183 -0.2213
vn 0.2489 0.9578 0.1437
vn -0.8261 0.5183 -0.2214
vn 0.4277 0.5183 -0.7406
vn 0.8479 0.5183 0.1117
vn 0.5206 0.5183 0.6784
vn -0.2214 0.5183 0.8260
vn -0.6047 0.5183 0.6048
vn -0.6048 0.5183 0.6047
vn -0.6784 0.5183 0.5206
vn -0.7901 0.5183 0.3272
vn -0.8261 0.5183 0.2213
vn -0.1436 0.9578 0.2489
vn 0.0009 1.0000 -0.0000
vn 0.2214 0.5183 -0.8261
vn 0.6784 0.5183 -0.5206
vn 0.8261 0.5183 0.2214
vn -0.4276 0.5183 0.7407
vn -0.8261 0.5183 0.2214
vn 0.5936 0.5435 0.5935
vn 0.5935 0.5435 0.5935
vn -0.3213 0.5435 -0.7755
vn -0.7755 0.5435 -0.3211
vn -0.8108 0.5436 -0.2172
vn -0.8322 0.5436 -0.1096
vn -0.8394 0.5435 -0.0000
vn -0.8322 0.5435 0.1094
vn -0.5936 0.5435 0.5935
vn -0.6659 0.5435 0.5110
vn -0.5110 0.5436 0.6659
vn -0.5109 0.5436 0.6660
vn 0.3213 0.5435 0.7755
vn 0.5935 0.5436 0.5935
vn 0.5110 0.5436 0.6659
vn 0.6659 0.5435 0.5111
vn 0.7269 0.5435 0.4197
vn 0.7755 0.5435 0.3213
vn 0.8394 0.5435 -0.0001
vn 0.6660 0.5435 -0.5109
vn 0.6659 0.5436 -0.5110
vn 0.5109 0.5435 -0.6660
vn 0.3213 0.5435 -0.7755
vn 0.1096 0.5435 -0.8322
vn 0.2783 0.6865 0.6717
vn 0.5769 0.6865 0.4427
vn 0.7209 0.6865 -0.0950
vn -0.2783 0.6865 -0.6717
vn -0.5141 0.6865 -0.5141
vn -0.2783 0.6865 0.6717
vn 0.1882 0.6865 0.7024
vn 0.7271 0.6865 -0.0001
vn 0.7271 0.6865 0.0001
vn 0.5645 0.7916 0.2339
vn 0.5406 0.8413 0.0001
vn 0.5406 0.8413 -0.0001
vn 0.5359 0.8413 -0.0705
vn 0.4289 0.8413 -0.3291
vn 0.0001 0.8413 -0.5405
vn -0.3822 0.8413 -0.3823
vn -0.5406 0.8413 -0.0000
vn -0.3822 0.8413 0.3823
vn -0.0001 0.8413 0.5406
vn 0.4289 0.8413 0.3291
vn -0.5111 0.5435 0.6659
vn -0.4197 0.5435 0.7270
vn -0.2173 0.5436 0.8108
vn 0.4196 0.5436 0.7269
vn 0.3212 0.5436 0.7755
vn 0.4197 0.5436 0.7269
vn 0.4198 0.5435 0.7269
vn -0.5936 0.5435 -0.5935
vn -0.5935 0.5436 -0.5935
vn -0.5110 0.5436 -0.6659
vn 0.6660 0.5435 0.5109
vn 0.7270 0.5435 0.4197
vn 0.8322 0.5435 0.1095
vn 0.4196 0.5435 -0.7270
vn 0.5936 0.5435 -0.5935
vn 0.6660 0.5435 -0.5110
vn 0.7269 0.5435 -0.4198
vn -0.9807 -0.0000 0.1956
vn 0.9808 -0.0000 0.1950
vn -0.8662 -0.0000 0.4996
vn -0.5835 0.2851 0.7604
vn -0.8660 -0.0000 -0.5000
vn -0.1281 0.9780 0.1646
vn -0.0990 0.9813 0.1653
vn -0.1137 0.9797 0.1650
vn -0.0000 0.8135 -0.5815
vn -0.0317 0.9859 0.1644
vn -0.0260 0.9861 0.1644
vn -0.0288 0.9860 0.1644
vn -0.9226 0.3342 0.1925
vn -0.8526 0.5103 -0.1125
vn -0.8526 0.5104 -0.1126
vn -0.8526 0.1577 0.4982
vn -0.6527 0.0080 0.7576
vn -0.8522 0.1573 0.4990
vn -0.6521 0.0076 0.7581
vn -0.5801 0.2043 0.7885
vn -0.3823 -0.4620 0.8003
vn -0.7068 -0.3538 0.6127
vn -0.3831 -0.4619 0.7999
vn -0.9237 -0.1916 0.3318
vn -0.7074 -0.3534 0.6121
vn -0.7074 -0.3533 0.6121
vn -1.0000 -0.0002 0.0004
vn -0.9241 -0.1911 0.3310
vn -0.9241 -0.1912 0.3310
vn -1.0000 0.0003 -0.0004
vn -1.0000 0.0001 -0.0004
vn -0.9237 0.1916 -0.3318
vn -0.3831 0.4618 -0.7999
vn 0.3831 0.4618 -0.8000
vn 0.7068 0.3537 -0.6126
vn 0.7074 0.3535 -0.6121
vn 1.0000 0.0002 -0.0004
vn 0.9241 0.1911 -0.3311
vn 1.0000 0.0003 -0.0004
vn 0.9240 -0.1911 0.3311
vn 1.0000 -0.0003 0.0004
vn 0.7074 -0.3534 0.6121
vn 0.9237 -0.1916 0.3318
vn 0.3831 -0.4619 0.7999
vn 0.3822 -0.4620 0.8003
vn 0.7068 -0.3537 0.6126
vn 0.9237 -0.1916 0.3317
vn 1.0000 -0.0002 0.0004
vn 0.9240 0.1911 -0.3311
vn 0.7074 0.3534 -0.6121
vn 0.3822 0.4621 -0.8002
vn -0.3831 0.4619 -0.7999
vn -0.7075 0.3533 -0.6121
vn -0.7074 -0.3534 0.6122
vn -0.9237 -0.1916 0.3319
vn -0.7068 -0.3537 0.6126
vn -0.0004 -0.5000 0.8660
vn 0.6527 0.0080 0.7575
vn 0.8522 0.1573 0.4990
vn 0.9226 0.3338 0.1933
vn 0.8526 0.1577 0.4983
vn 0.9226 0.3342 0.1924
vn -0.8522 0.5107 -0.1133
vn -0.7582 0.6519 0.0132
vn -0.8208 0.4950 0.2852
vn -0.8208 0.4945 0.2860
vn -0.7585 0.3378 0.5572
vn -0.7581 0.3375 0.5580
vn -0.5807 0.2047 0.7880
vn -0.3145 0.8738 -0.3710
vn -0.5800 0.7851 -0.2174
vn -0.0005 0.9051 -0.4253
vn -0.3137 0.8739 -0.3713
vn 0.3137 0.8739 -0.3713
vn 0.5801 0.7850 -0.2173
vn 0.5807 0.7847 -0.2167
vn 0.7581 0.6519 0.0132
vn 0.7581 0.6520 0.0132
vn 0.7585 0.6515 0.0140
vn 0.8208 0.4945 0.2860
vn 0.7582 0.3374 0.5580
vn 0.5800 0.2043 0.7885
vn 0.3145 0.1156 0.9422
vn 0.3137 0.1156 0.9425
vn 0.0005 0.0844 0.9964
vn 0.7068 0.0001 -0.7074
vn -0.9661 -0.0000 -0.2584
vn -0.9661 0.0001 -0.2584
vn 1.0000 0.0001 -0.0004
vn 0.1212 0.9701 -0.2101
vn -0.3824 -0.0000 0.9240
vn 0.4786 0.2873 0.8297
vn 0.2484 0.2873 0.9251
vn -0.6088 -0.0000 0.7933
vn 0.9253 0.2874 0.2474
vn -0.4304 0.6840 -0.5890
vn -0.3964 0.6501 -0.6482
vn -0.8820 0.2182 -0.4176
vn -0.7293 0.6840 0.0171
vn -0.3498 0.6840 -0.6401
vn -0.3084 0.6501 -0.6944
vn -0.8345 0.2026 -0.5124
vn -0.8200 0.2182 -0.5292
vn -0.7781 0.6206 -0.0972
vn -0.4078 0.8530 -0.3256
vn -0.4484 0.8383 -0.3101
vn -0.2246 0.6336 -0.7403
vn -0.2151 0.6502 -0.7287
vn -0.7605 0.2026 -0.6170
vn -0.7633 0.6336 -0.1261
vn -0.1260 0.6336 -0.7633
vn -0.6317 0.2182 -0.7439
vn -0.5292 0.2181 -0.8199
vn 0.0171 0.6840 -0.7293
vn -0.4665 0.2026 -0.8610
vn -0.4455 0.2182 -0.8683
vn -0.3991 0.2026 -0.8943
vn -0.5890 0.6841 -0.4304
vn -0.6253 0.6206 -0.4732
vn -0.3284 0.2182 -0.9190
vn -0.5277 0.6840 -0.5036
vn -0.5582 0.6206 -0.5508
vn -0.2090 0.8530 -0.4781
vn 0.2725 0.6336 -0.7241
vn 0.2053 0.6841 -0.7000
vn -0.1540 0.2026 -0.9671
vn -0.4815 0.6205 -0.6189
vn -0.4506 0.6336 -0.6289
vn -0.3966 0.6206 -0.6765
vn -0.0781 0.8530 -0.5160
vn 0.4471 0.6502 -0.6143
vn -0.0101 0.8530 -0.5217
vn 0.1540 0.2026 -0.9671
vn 0.1751 0.2182 -0.9601
vn 0.2278 0.2026 -0.9524
vn -0.2053 0.6841 -0.7000
vn -0.2080 0.6206 -0.7560
vn 0.1447 0.8530 -0.5014
vn 0.3501 0.2026 -0.9145
vn 0.3284 0.2182 -0.9190
vn 0.2989 0.2182 -0.9290
vn 0.5889 0.6841 -0.4303
vn 0.6482 0.6502 -0.3964
vn 0.4665 0.2026 -0.8610
vn 0.4455 0.2182 -0.8683
vn 0.4176 0.2182 -0.8820
vn -0.0758 0.6336 -0.7699
vn -0.0171 0.6840 -0.7293
vn 0.7047 0.6336 -0.3193
vn 0.5124 0.2026 -0.8345
vn 0.5292 0.2182 -0.8199
vn 0.5750 0.2026 -0.7927
vn 0.0783 0.6841 -0.7252
vn 0.0972 0.6206 -0.7781
vn 0.3102 0.8383 -0.4484
vn 0.7404 0.6336 -0.2246
vn 0.6802 0.6841 -0.2633
vn 0.6169 0.2025 -0.7605
vn 0.6316 0.2182 -0.7439
vn 0.6734 0.2026 -0.7109
vn 0.1979 0.6206 -0.7588
vn 0.3096 0.8530 -0.4201
vn 0.7633 0.6336 -0.1260
vn 0.7109 0.2026 -0.6735
vn 0.7234 0.2181 -0.6550
vn 0.2246 0.6336 -0.7404
vn 0.7252 0.6841 -0.0782
vn 0.7595 0.6502 -0.0193
vn 0.8027 0.2182 -0.5551
vn 0.3875 0.6206 -0.6817
vn 0.4484 0.8383 -0.3101
vn 0.7700 0.6336 0.0758
vn 0.7293 0.6840 0.0171
vn 0.8820 0.2181 -0.4176
vn 0.8683 0.2181 -0.4455
vn 0.4304 0.6841 -0.5889
vn 0.4732 0.6206 -0.6252
vn 0.4859 0.8530 -0.1904
vn 0.7387 0.6501 0.1780
vn 0.5036 0.6840 -0.5277
vn 0.5508 0.6206 -0.5582
vn 0.6999 0.6841 0.2052
vn 0.9671 0.2026 -0.1541
vn 0.5682 0.6840 -0.4575
vn 0.6189 0.6205 -0.4815
vn 0.5330 0.8383 -0.1149
vn 0.6824 0.6336 0.3646
vn 0.6672 0.6840 0.2949
vn 0.9789 0.2026 -0.0265
vn 0.6289 0.6336 -0.4506
vn 0.6230 0.6840 0.3794
vn 0.6143 0.6502 0.4471
vn 0.5217 0.8530 -0.0101
vn 0.9524 0.2026 0.2278
vn 0.9601 0.2181 0.1752
vn 0.7000 0.6841 -0.2052
vn 0.5014 0.8530 0.1448
vn 0.9190 0.2181 0.3284
vn 0.7208 0.6840 -0.1121
vn 0.7767 0.6206 -0.1075
vn 0.7293 0.6840 -0.0171
vn 0.7841 0.6205 -0.0052
vn 0.4859 0.8530 0.1904
vn 0.8199 0.2181 0.5293
vn 0.7927 0.2025 0.5749
vn 0.4078 0.8530 0.3256
vn 0.7234 0.2182 0.6551
vn 0.7633 0.6336 0.1260
vn 0.7588 0.6206 0.1979
vn 0.3618 0.8530 0.3761
vn 0.1182 0.6501 0.7506
vn 0.7265 0.6206 0.2953
vn 0.5550 0.2182 0.8027
vn 0.7047 0.6336 0.3193
vn 0.6817 0.6206 0.3875
vn 0.3991 0.2026 0.8943
vn 0.4177 0.2181 0.8820
vn 0.6570 0.6336 0.4086
vn 0.5890 0.6840 0.4304
vn 0.6253 0.6206 0.4732
vn 0.2790 0.2026 0.9387
vn 0.2989 0.2181 0.9290
vn 0.5981 0.6336 0.4908
vn 0.5277 0.6840 0.5036
vn 0.5582 0.6206 0.5508
vn -0.2729 0.6501 0.7091
vn 0.1540 0.2026 0.9671
vn 0.1751 0.2181 0.9601
vn 0.5289 0.6336 0.5647
vn 0.4575 0.6840 0.5681
vn 0.4815 0.6206 0.6189
vn 0.0483 0.2181 0.9747
vn 0.0793 0.2181 0.9727
vn -0.4507 0.6336 0.6289
vn -0.4472 0.6501 0.6143
vn -0.0793 0.2181 0.9727
vn -0.0483 0.2182 0.9747
vn -0.2278 0.2026 0.9524
vn -0.1448 0.8530 0.5014
vn -0.5277 0.6840 0.5036
vn -0.3284 0.2181 0.9190
vn 0.1121 0.6840 0.7208
vn 0.1075 0.6206 0.7768
vn -0.6570 0.6336 0.4085
vn -0.6482 0.6501 0.3964
vn -0.4666 0.2026 0.8610
vn -0.2333 0.8383 0.4928
vn -0.7047 0.6336 0.3193
vn -0.6944 0.6502 0.3084
vn -0.5292 0.2181 0.8200
vn -0.0253 0.6336 0.7733
vn -0.0782 0.6840 0.7252
vn -0.7404 0.6336 0.2246
vn -0.6803 0.6840 0.2633
vn -0.7287 0.6501 0.2152
vn -0.7633 0.6336 0.1260
vn -0.7088 0.6841 0.1722
vn -0.2246 0.6336 0.7404
vn -0.2952 0.6205 0.7265
vn -0.3618 0.8530 0.3761
vn -0.4156 0.8383 0.3529
vn -0.8820 0.2182 0.4176
vn -0.4086 0.6336 0.6570
vn -0.7535 0.6336 -0.1757
vn -0.7208 0.6840 -0.1121
vn -0.7387 0.6501 -0.1780
vn -0.9387 0.2026 0.2790
vn -0.9290 0.2181 0.2989
vn -0.4908 0.6336 0.5981
vn -0.5036 0.6840 0.5277
vn -0.5508 0.6206 0.5582
vn -0.9671 0.2026 0.1540
vn -0.5647 0.6336 0.5289
vn -0.5682 0.6840 0.4575
vn -0.6189 0.6205 0.4815
vn -0.6672 0.6840 -0.2949
vn -0.6674 0.6501 -0.3631
vn -0.9740 0.2026 0.1015
vn -0.9789 0.2026 0.0265
vn -0.6289 0.6336 0.4506
vn -0.5217 0.8530 -0.0101
vn -0.5446 0.8383 0.0269
vn -0.6143 0.6501 -0.4472
vn -0.7224 0.6206 0.3049
vn -0.5160 0.8530 -0.0781
vn -0.5681 0.6840 -0.4575
vn -0.5507 0.6501 -0.5235
vn -0.9524 0.2026 -0.2278
vn -0.9540 0.2182 -0.2056
vn -0.7241 0.6336 0.2725
vn -0.7561 0.6206 0.2080
vn -0.5014 0.8530 -0.1448
vn -0.4908 0.6336 -0.5980
vn -0.5036 0.6841 -0.5277
vn -0.4776 0.6502 -0.5909
vn -0.9387 0.2026 -0.2789
vn -0.7208 0.6840 0.1121
vn -0.7768 0.6206 0.1075
vn -1.0000 -0.0000 0.0001
vn -1.0000 -0.0000 -0.0002
vn 1.0000 -0.0000 -0.0001
vn 1.0000 -0.0000 0.0001
vn 1.0000 -0.0000 0.0002
vn 1.0000 -0.0000 -0.0003
vn 1.0000 -0.0000 -0.0002
vn -0.0000 0.6266 0.7794
vn -0.0000 0.6881 0.7257
vn -0.0000 0.1860 -0.9826
vn -1.0000 -0.0000 -0.0001
vn -1.0000 -0.0000 0.0003
vn -1.0000 -0.0000 0.0002
vn -0.0000 0.5744 0.8186
vn -0.0000 0.4914 0.8709
vn 0.9658 -0.0001 0.2592
vn -1.0000 -0.0001 -0.0004
vn -0.7075 -0.0001 0.7068
vn 0.9114 0.4025 0.0855
vn 0.8860 0.2083 0.4144
vn 0.1951 0.0001 0.9808
vn 0.3802 0.0754 0.9218
vn 0.3803 0.0752 0.9218
vn 0.3810 0.0758 0.9215
vn 0.6744 0.2764 0.6847
vn 0.7841 0.3125 0.5362
vn 0.5591 0.0777 0.8255
vn 0.5884 0.0846 0.8041
vn -0.9658 -0.0001 -0.2592
vn -0.1254 0.2851 -0.9503
vn -0.7067 -0.0000 -0.7075
vn -0.7067 -0.0001 -0.7075
vn 0.0004 0.2874 -0.9578
vn 0.8663 -0.0001 -0.4996
vn 0.7075 -0.0001 -0.7068
vn 0.5004 0.0001 -0.8658
vn 0.2593 0.0001 -0.9658
vn 0.2593 -0.0001 -0.9658
vn -0.8658 -0.0001 -0.5004
vn -0.0005 -0.0001 1.0000
vn 0.8658 -0.0001 0.5004
vn -0.0004 -0.0001 1.0000
vn 0.1256 0.2851 -0.9502
vn 0.4792 0.2873 -0.8293
vn 0.4785 0.2873 0.8298
vn -0.8293 0.2874 0.4792
vn 0.4996 -0.0001 0.8663
vn 0.7068 -0.0001 0.7075
vn -0.5004 0.0001 0.8658
vn 0.3466 0.1023 -0.9324
vn 0.2613 0.1034 -0.9597
vn 0.6245 0.2268 -0.7474
vn 0.6244 0.2313 -0.7461
vn 0.4585 0.2693 -0.8469
vn 0.8156 0.2992 -0.4952
vn 0.8197 0.3092 -0.4821
vn 0.8631 0.4214 -0.2783
vn 0.9538 0.3000 -0.0158
vn 0.9519 0.3062 -0.0150
vn -0.3317 -0.1918 0.9237
vn -0.6120 -0.3536 0.7074
vn -0.8004 -0.4609 0.3833
vn -0.7204 -0.4146 0.5560
vn -0.6130 -0.3527 0.7069
vn 0.1114 0.8887 -0.4447
vn 0.1116 0.8886 -0.4449
vn 0.1113 0.8889 -0.4444
vn 0.1112 0.8890 -0.4442
vn 0.1114 0.8888 -0.4445
vn -0.6121 -0.3533 0.7074
vn 0.3309 0.1913 0.9241
vn 0.6121 0.3534 0.7075
vn 0.8002 0.4621 0.3822
vn 0.8002 0.4621 -0.3822
vn 0.7999 0.4619 -0.3831
vn -0.9312 -0.0922 0.3527
vn -0.7581 0.0077 0.6521
vn -0.4989 0.1573 0.8522
vn -0.4983 0.1577 0.8525
vn -0.4983 0.1577 0.8526
vn 0.3718 0.6600 0.6528
vn 0.5453 0.7601 0.3534
vn 0.5455 0.7603 0.3526
vn 0.6062 0.7953 0.0004
vn 0.5455 0.7603 -0.3527
vn 0.5452 0.7602 -0.3534
vn 0.3724 0.6604 -0.6520
vn 0.3719 0.6601 -0.6527
vn 0.3720 0.6600 -0.6527
vn -0.4982 0.1576 -0.8526
vn -0.1932 0.3337 -0.9227
vn -0.9422 0.1156 -0.3146
vn -0.9421 0.1156 -0.3146
vn -0.7885 0.2043 -0.5802
vn -0.9919 -0.1273 -0.0005
vn -0.7886 0.2044 0.5800
vn -0.9422 0.1156 0.3144
vn -0.5580 0.3374 0.7581
vn -0.2861 0.4946 0.8207
vn -0.5574 0.3379 0.7584
vn -0.0139 0.6517 0.7583
vn -0.2851 0.4951 0.8207
vn 0.2167 0.7847 0.5807
vn 0.3710 0.8738 0.3145
vn 0.4252 0.9051 0.0005
vn 0.3714 0.8739 -0.3137
vn 0.2173 0.7851 -0.5801
vn 0.2172 0.7850 -0.5801
vn -0.0132 0.6520 -0.7581
vn 0.2168 0.7848 -0.5806
vn -0.2852 0.4948 -0.8208
vn -0.2859 0.4944 -0.8208
vn -0.5572 0.3378 -0.7585
vn -0.5572 0.3378 -0.7586
vn -0.5580 0.3373 -0.7582
vn -0.7879 0.2046 -0.5808
vn -0.7880 0.2045 -0.5808
vn -0.5000 0.8660 -0.0001
vn -0.4999 0.8661 0.0002
vn -0.4999 0.8661 -0.0001
vn -0.5001 0.8660 -0.0000
vn -0.5000 0.8660 0.0001
vn -0.5000 0.8661 -0.0000
vn -0.9658 -0.0001 -0.2593
vn -0.2474 0.2873 -0.9253
vn -0.1250 0.2851 -0.9503
vn 0.0005 -0.0001 -1.0000
vn 0.5004 -0.0001 -0.8658
vn -1.0000 -0.0001 -0.0005
vn -0.8663 -0.0001 0.4996
vn 0.7068 -0.0001 0.7074
vn 0.9658 -0.0001 0.2593
vn -0.8298 0.2873 0.4785
vn 0.0004 -0.0001 -1.0000
vn -0.4792 0.2873 -0.8293
vn 0.7074 -0.0001 -0.7068
vn -0.8662 -0.0001 0.4996
vn 0.8297 0.2873 0.4786
vn 0.3823 -0.0000 -0.9241
vn -0.7068 -0.0001 -0.7074
vn 0.6769 0.2873 -0.6777
vn -0.7074 -0.0001 0.7068
vn 0.9660 -0.0001 -0.2584
vn -0.2584 -0.0001 -0.9660
vn 0.4792 0.2874 -0.8293
vn 0.9661 -0.0001 -0.2583
vn -0.5004 -0.0001 0.8658
vn -0.1255 0.2851 -0.9502
vn 0.8002 0.4620 0.3823
vn 0.8660 0.5001 0.0005
vn 0.8000 0.4619 0.3830
vn 0.6120 0.3535 0.7075
vn 0.0004 0.0003 1.0000
vn -0.6121 -0.3534 0.7074
vn -0.3318 -0.1916 0.9237
vn -0.6127 -0.3538 0.7067
vn -0.6126 -0.3538 0.7067
vn -0.8002 -0.4621 -0.3822
vn -0.8000 -0.4619 -0.3831
vn 0.1133 0.5108 -0.8522
vn -0.9422 0.1156 -0.3145
vn -0.7886 0.2043 -0.5800
vn -0.9425 0.1154 -0.3138
vn -0.9964 0.0843 -0.0005
vn -0.9919 -0.1274 0.0005
vn -0.4989 0.1572 0.8522
vn 0.2172 0.7851 0.5801
vn 0.3713 0.8739 -0.3136
vn 0.2173 0.7851 -0.5800
vn -0.2860 0.4944 -0.8209
vn -0.5581 0.3373 -0.7581
vn -0.7880 0.2046 -0.5806
vn -0.5003 0.8659 0.0005
vn -0.4998 0.8662 -0.0003
vn -0.4998 0.8661 -0.0001
vn -0.5003 0.8659 -0.0000
vn -0.5002 0.8659 -0.0002
vn -0.5002 0.8659 -0.0000
vn -0.5000 0.8660 0.0002
vn -0.4997 0.8662 0.0001
vn -0.4999 0.8661 0.0003
vn -0.5001 0.8660 -0.0003
vn -0.9964 0.0843 0.0004
vn -0.5580 0.3374 0.7582
vn -0.2852 0.4950 0.8208
vn -0.0139 0.6516 0.7584
vn -0.7885 0.2043 -0.5801
vn -0.9424 0.1154 -0.3138
vn -0.9964 0.0843 -0.0006
vn -0.8003 -0.4621 -0.3822
vn -0.6121 -0.3534 -0.7075
vn 0.8002 0.4621 -0.3823
vn 0.8002 0.4621 0.3823
vn 0.3311 0.1912 0.9240
vn 0.3310 0.1912 0.9240
vn -0.0005 -0.0003 1.0000
vn -0.4990 0.1573 0.8522
vn -0.7575 0.0080 0.6527
vn 0.5455 0.7603 -0.3526
vn -0.2860 0.4944 -0.8208
vn -0.4999 0.8661 -0.0000
vn -0.4999 0.8661 0.0004
vn -0.4998 0.8662 -0.0000
vn -0.4998 0.8661 0.0003
vn -0.5000 0.8661 -0.0001
vn -0.4999 0.8661 -0.0002
vn -0.4998 0.8661 -0.0002
vn -0.5002 0.8659 -0.0006
vn -0.5004 0.8658 0.0003
vn -0.5001 0.8659 0.0002
vn -0.5001 0.8660 -0.0002
vn 0.4253 0.9050 -0.0004
vn 0.2173 0.7850 0.5802
vn 0.3709 0.8737 0.3146
vn 0.3710 0.8737 0.3146
vn -0.0133 0.6519 0.7582
vn -0.2852 0.4951 0.8207
vn -0.2861 0.4943 0.8208
vn -0.7886 0.2043 0.5800
vn -0.9425 0.1155 0.3136
vn -0.9425 0.1154 0.3136
vn -0.9964 0.0843 0.0003
vn -0.8000 -0.4619 0.3831
vn -0.6127 -0.3538 0.7068
vn -0.8003 -0.4620 -0.3823
vn -0.8002 -0.4621 -0.3823
vn -0.0003 -0.0002 -1.0000
vn 0.8661 0.5000 0.0005
vn 0.3718 0.6601 0.6527
vn 0.3720 0.6601 -0.6526
vn -0.9964 0.0842 -0.0005
vn -0.2861 0.4945 0.8208
vn -0.2852 0.4952 0.8207
vn 0.3709 0.8738 0.3146
vn 0.3712 0.8739 0.3137
vn 0.4254 0.9050 -0.0004
vn -0.5001 0.8660 0.0001
vn -0.4998 0.8661 0.0001
vn -0.5001 0.8660 -0.0001
vn -0.5001 0.8660 -0.0004
vn -0.5001 0.8660 0.0002
vn -0.9421 0.1156 0.3147
vn -0.5581 0.3373 0.7582
vn -0.0000 0.1859 0.9826
vn -0.0000 0.1052 0.9945
vn -0.0000 0.6266 -0.7794
vn 0.2775 0.9578 -0.0744
vn -0.2488 0.9578 -0.1436
vn -0.5207 0.5183 -0.6784
vn -0.6784 0.5183 -0.5207
vn 0.2032 0.9578 0.2031
vn 0.0744 0.9578 0.2775
vn 0.4276 0.5183 -0.7407
vn 0.5206 0.5183 -0.6784
vn 0.6047 0.5183 -0.6048
vn 0.7901 0.5183 0.3274
vn 0.5207 0.5183 0.6784
vn 0.1117 0.5183 0.8479
vn -0.6785 0.5183 0.5205
vn -0.5206 0.5183 -0.6784
vn 0.4275 0.5183 -0.7407
vn -0.2488 0.9578 0.1436
vn 0.8260 0.5183 0.2214
vn 0.7406 0.5183 0.4277
vn 0.6785 0.5183 0.5207
vn 0.4277 0.5183 0.7406
vn -0.1117 0.5183 0.8479
vn -0.4275 0.5183 0.7407
vn -0.8552 0.5183 0.0001
vn -0.8552 0.5183 -0.0001
vn 0.1202 0.9833 -0.1370
vn -0.8394 0.5435 -0.0003
vn -0.8322 0.5435 -0.1097
vn -0.2172 0.5436 -0.8107
vn -0.1096 0.5436 -0.8321
vn -0.4196 0.5435 -0.7269
vn -0.4197 0.5436 -0.7269
vn -0.6659 0.5435 -0.5111
vn -0.6660 0.5436 -0.5109
vn -0.7269 0.5436 -0.4196
vn -0.7755 0.5436 -0.3212
vn -0.8108 0.5436 0.2171
vn -0.6659 0.5436 0.5110
vn -0.5111 0.5436 0.6658
vn -0.5936 0.5436 0.5935
vn -0.5109 0.5435 0.6660
vn -0.3212 0.5435 0.7756
vn -0.0001 0.5435 0.8394
vn 0.2173 0.5436 0.8107
vn 0.4197 0.5435 0.7270
vn 0.7269 0.5436 0.4197
vn 0.8108 0.5435 0.2174
vn 0.8107 0.5435 0.2174
vn 0.8394 0.5436 -0.0001
vn 0.7755 0.5435 -0.3211
vn 0.4198 0.5435 -0.7269
vn -0.1108 0.9833 -0.1443
vn -0.1201 0.9832 -0.1371
vn 0.4426 0.6865 0.5768
vn 0.5768 0.6865 0.4427
vn 0.7023 0.6865 0.1883
vn 0.7023 0.6865 -0.1883
vn -0.4427 0.6865 -0.5768
vn 0.5142 0.6865 -0.5142
vn 0.6717 0.6865 -0.2783
vn 0.7024 0.6865 -0.1882
vn 0.0948 0.6865 0.7209
vn -0.0948 0.6865 0.7209
vn -0.1882 0.6865 0.7024
vn -0.5769 0.6865 0.4427
vn -0.5645 0.7916 0.2339
vn -0.2338 0.7916 0.5645
vn -0.0798 0.7916 0.6058
vn 0.1581 0.7916 0.5902
vn 0.2339 0.7916 0.5645
vn 0.6058 0.7916 0.0798
vn 0.5902 0.7916 -0.1581
vn 0.5645 0.7916 -0.2338
vn 0.0798 0.7916 -0.6058
vn -0.1581 0.7916 -0.5902
vn -0.5645 0.7916 -0.2338
vn 0.4289 0.8413 -0.3290
vn 0.3822 0.8413 -0.3823
vn -0.1399 0.8413 -0.5222
vn -0.3823 0.8413 -0.3822
vn -0.5405 0.8413 -0.0001
vn -0.5359 0.8413 -0.0705
vn -0.0000 0.8413 0.5406
vn 0.2703 0.8413 0.4682
vn 0.3290 0.8413 0.4289
vn -0.8108 0.5435 -0.2170
vn -0.7755 0.5436 0.3210
vn -0.4196 0.5435 0.7270
vn -0.3211 0.5435 0.7756
vn -0.2172 0.5436 0.8108
vn 0.3213 0.5436 0.7754
vn -0.8107 0.5435 -0.2174
vn -0.7754 0.5435 -0.3214
vn -0.3213 0.5436 -0.7755
vn -0.2173 0.5436 -0.8107
vn -0.3212 0.5436 -0.7755
vn 0.6660 0.5436 0.5109
vn 0.8322 0.5436 0.1095
vn 0.8322 0.5436 -0.1096
vn 0.4196 0.5434 -0.7270
vn 0.4197 0.5434 -0.7270
vn 0.5109 0.5435 -0.6661
vn 0.5111 0.5436 -0.6658
vn 0.5936 0.5436 -0.5934
vn 0.6659 0.5435 -0.5111
vn 0.7754 0.5435 -0.3214
vn 0.7756 0.5435 -0.3211
vn -0.3832 -0.0000 -0.9237
vn -0.9808 -0.0000 -0.1951
vn -0.9808 -0.0000 0.1952
vn -0.6092 -0.0000 -0.7930
vn -0.6089 -0.0000 -0.7933
vn -0.8663 -0.0000 -0.4995
vn -0.9660 -0.0001 0.2584
vn -0.8663 0.0001 0.4996
vn -0.3668 0.2851 0.8856
vn -0.5836 0.2851 0.7603
vn -0.5837 0.2851 0.7602
vn 0.8298 0.2874 0.4785
vn 0.5003 -0.0000 -0.8658
vn -0.0000 0.8137 -0.5812
vn -0.9226 0.3343 0.1924
vn -0.8525 0.1576 0.4983
vn -0.8525 0.1576 0.4984
vn -0.9226 0.3337 0.1933
vn -0.6527 0.0079 0.7576
vn -0.5800 0.2042 0.7886
vn -0.3144 0.1155 0.9422
vn -0.3145 0.1155 0.9422
vn -0.3137 0.1154 0.9425
vn -0.3822 -0.4621 0.8002
vn -0.9237 0.1916 -0.3317
vn 0.3822 0.4620 -0.8002
vn 0.3832 0.4619 -0.7999
vn 0.7075 0.3534 -0.6121
vn 1.0000 -0.0002 0.0005
vn 0.3822 -0.4621 0.8002
vn 0.3823 -0.4622 0.8002
vn 0.7068 -0.3538 0.6127
vn 1.0000 0.0002 -0.0005
vn 0.7068 0.3538 -0.6127
vn -0.7067 0.3537 -0.6127
vn -1.0000 0.0002 -0.0005
vn -0.3832 -0.4619 0.7999
vn 0.3526 -0.0923 0.9312
vn 0.6528 0.0080 0.7575
vn 0.6528 0.0079 0.7575
vn 0.8526 0.5103 -0.1125
vn 0.9226 0.3342 0.1925
vn 0.6527 0.6600 -0.3720
vn 0.8523 0.5107 -0.1134
vn -0.7582 0.6519 0.0133
vn -0.5808 0.7847 -0.2166
vn -0.8208 0.4949 0.2853
vn -0.7584 0.6516 0.0140
vn -0.7584 0.3378 0.5574
vn -0.7585 0.3378 0.5574
vn -0.7582 0.3374 0.5580
vn -0.5807 0.2046 0.7880
vn -0.0000 0.8660 0.5001
vn 0.0001 0.8660 0.5000
vn 0.0001 0.8661 0.4999
vn -0.0001 0.8663 0.4995
vn -0.0000 0.8661 0.4999
vn -0.0001 0.8661 0.4999
vn 0.0002 0.8660 0.5001
vn 0.0001 0.8662 0.4997
vn 0.0001 0.8661 0.4998
vn 0.3145 0.8738 -0.3710
vn 0.5807 0.7847 -0.2168
vn 0.8208 0.4949 0.2852
vn 0.7585 0.3378 0.5572
vn 0.7582 0.3375 0.5579
vn 0.7582 0.3375 0.5580
vn 0.5800 0.2044 0.7886
vn 0.3144 0.1157 0.9422
vn 0.3137 0.1155 0.9425
vn 0.6087 0.0001 -0.7934
vn -0.6089 0.0001 -0.7932
vn -0.7068 0.0001 -0.7074
vn -0.6089 0.0002 -0.7933
vn 0.9661 0.0001 -0.2583
vn -0.2474 0.2874 -0.9253
vn -0.3669 0.2851 0.8855
vn -0.5005 -0.0000 0.8657
vn -0.6089 -0.0000 0.7932
vn -0.8292 0.2873 0.4794
vn -0.6089 0.0001 -0.7933
vn -0.3820 -0.0000 0.9241
vn -0.3666 0.2851 0.8856
vn -0.5837 0.2851 0.7603
vn -0.4732 0.6206 -0.6253
vn -0.8683 0.2182 -0.4455
vn -0.7699 0.6336 0.0758
vn -0.7556 0.6501 0.0801
vn -0.4468 0.8530 -0.2696
vn -0.3875 0.6206 -0.6817
vn -0.7928 0.2026 -0.5749
vn -0.8345 0.2025 -0.5124
vn -0.7596 0.6501 -0.0192
vn -0.4581 0.8383 -0.2956
vn -0.2953 0.6206 -0.7264
vn -0.2633 0.6841 -0.6803
vn -0.7234 0.2181 -0.6551
vn -0.7506 0.6501 -0.1182
vn -0.4156 0.8383 -0.3528
vn -0.1979 0.6205 -0.7588
vn -0.6734 0.2026 -0.7109
vn -0.7287 0.6501 -0.2151
vn -0.6803 0.6840 -0.2632
vn -0.3096 0.8530 -0.4201
vn -0.0972 0.6205 -0.7781
vn -0.0782 0.6841 -0.7252
vn -0.5750 0.2026 -0.7927
vn -0.6944 0.6501 -0.3085
vn -0.2521 0.8530 -0.4569
vn -0.3101 0.8383 -0.4484
vn 0.0758 0.6335 -0.7700
vn 0.0052 0.6205 -0.7842
vn -0.4176 0.2182 -0.8820
vn -0.6482 0.6502 -0.3964
vn -0.2490 0.8383 -0.4850
vn 0.1757 0.6336 -0.7534
vn 0.1075 0.6206 -0.7767
vn 0.1121 0.6841 -0.7208
vn -0.3501 0.2025 -0.9145
vn -0.2989 0.2181 -0.9290
vn -0.5980 0.6336 -0.4908
vn -0.5909 0.6501 -0.4777
vn -0.1835 0.8383 -0.5134
vn 0.2080 0.6206 -0.7560
vn -0.1751 0.2182 -0.9601
vn -0.2056 0.2182 -0.9540
vn -0.5289 0.6335 -0.5647
vn -0.5235 0.6501 -0.5507
vn -0.4575 0.6840 -0.5682
vn -0.1149 0.8383 -0.5330
vn -0.0978 0.8383 -0.5363
vn 0.3049 0.6205 -0.7225
vn -0.0483 0.2181 -0.9747
vn -0.4472 0.6501 -0.6143
vn -0.3794 0.6840 -0.6230
vn 0.0101 0.8531 -0.5217
vn -0.0444 0.8383 -0.5434
vn 0.3966 0.6205 -0.6765
vn 0.3794 0.6840 -0.6230
vn 0.1015 0.2026 -0.9740
vn 0.0265 0.2026 -0.9789
vn 0.0793 0.2182 -0.9727
vn -0.3631 0.6501 -0.6674
vn -0.0101 0.8530 -0.5218
vn 0.0782 0.8530 -0.5160
vn 0.5289 0.6335 -0.5647
vn 0.4815 0.6205 -0.6189
vn 0.4575 0.6840 -0.5682
vn 0.1541 0.2026 -0.9671
vn 0.2056 0.2182 -0.9540
vn -0.2729 0.6502 -0.7091
vn 0.0978 0.8383 -0.5364
vn 0.5981 0.6336 -0.4908
vn 0.5582 0.6206 -0.5507
vn 0.5278 0.6840 -0.5035
vn 0.2789 0.2026 -0.9387
vn -0.1780 0.6501 -0.7387
vn 0.2090 0.8530 -0.4782
vn 0.6570 0.6336 -0.4085
vn 0.6253 0.6206 -0.4732
vn 0.5890 0.6841 -0.4303
vn 0.3990 0.2026 -0.8943
vn -0.0801 0.6501 -0.7556
vn 0.2696 0.8530 -0.4468
vn 0.6817 0.6206 -0.3875
vn 0.5551 0.2182 -0.8027
vn 0.0192 0.6502 -0.7596
vn 0.2956 0.8383 -0.4581
vn 0.7264 0.6206 -0.2953
vn 0.1182 0.6501 -0.7506
vn 0.3529 0.8383 -0.4157
vn 0.7588 0.6206 -0.1979
vn 0.7439 0.2182 -0.6317
vn 0.2151 0.6501 -0.7287
vn 0.4201 0.8530 -0.3096
vn 0.7732 0.6336 -0.0253
vn 0.7781 0.6206 -0.0972
vn 0.7927 0.2026 -0.5750
vn 0.8199 0.2181 -0.5293
vn 0.3084 0.6501 -0.6944
vn 0.7841 0.6206 0.0052
vn 0.8820 0.2182 -0.4176
vn 0.3964 0.6502 -0.6482
vn 0.4850 0.8383 -0.2490
vn 0.7768 0.6205 0.1076
vn 0.7208 0.6840 0.1122
vn 0.9290 0.2181 -0.2989
vn 0.4908 0.6336 -0.5980
vn 0.4776 0.6502 -0.5909
vn 0.5036 0.6841 -0.5277
vn 0.5134 0.8383 -0.1835
vn 0.7561 0.6206 0.2080
vn 0.7000 0.6840 0.2052
vn 0.9524 0.2025 -0.2278
vn 0.5507 0.6501 -0.5235
vn 0.5186 0.8530 -0.0581
vn 0.6823 0.6336 0.3648
vn 0.7224 0.6205 0.3050
vn 0.9740 0.2025 -0.1015
vn 0.9747 0.2181 -0.0483
vn 0.6143 0.6501 -0.4471
vn 0.5217 0.8530 0.0101
vn 0.5434 0.8383 -0.0444
vn 0.6289 0.6336 0.4507
vn 0.6764 0.6206 0.3966
vn 0.9789 0.2025 0.0265
vn 0.6674 0.6501 -0.3631
vn 0.6672 0.6840 -0.2948
vn 0.5160 0.8530 0.0782
vn 0.5647 0.6336 0.5288
vn 0.6189 0.6205 0.4815
vn 0.9671 0.2025 0.1540
vn 0.7091 0.6502 -0.2729
vn 0.7000 0.6840 -0.2053
vn 0.5013 0.8530 0.1448
vn 0.5364 0.8383 0.0978
vn 0.5507 0.6206 0.5582
vn 0.5036 0.6840 0.5278
vn 0.9190 0.2181 0.3283
vn 0.7387 0.6502 -0.1780
vn 0.4782 0.8530 0.2090
vn 0.4732 0.6206 0.6253
vn 0.4303 0.6841 0.5890
vn 0.8943 0.2026 0.3991
vn 0.8683 0.2182 0.4455
vn 0.7700 0.6336 -0.0759
vn 0.7556 0.6501 -0.0801
vn 0.4468 0.8530 0.2696
vn 0.3875 0.6206 0.6817
vn 0.8027 0.2182 0.5551
vn 0.7596 0.6502 0.0192
vn 0.7252 0.6841 0.0783
vn 0.2953 0.6205 0.7265
vn 0.7605 0.2026 0.6169
vn 0.7506 0.6501 0.1182
vn 0.1260 0.6335 0.7634
vn 0.1979 0.6205 0.7588
vn 0.1722 0.6840 0.7089
vn 0.6170 0.2025 0.7605
vn 0.6734 0.2025 0.7110
vn 0.7287 0.6502 0.2151
vn 0.6803 0.6841 0.2633
vn 0.3096 0.8530 0.4201
vn 0.0972 0.6205 0.7781
vn 0.5292 0.2181 0.8200
vn 0.6944 0.6501 0.3084
vn 0.2521 0.8530 0.4569
vn -0.0759 0.6336 0.7699
vn -0.0052 0.6205 0.7842
vn 0.4666 0.2026 0.8610
vn 0.6482 0.6501 0.3964
vn 0.2490 0.8383 0.4851
vn -0.1075 0.6206 0.7768
vn 0.3501 0.2026 0.9145
vn 0.5909 0.6501 0.4776
vn 0.1835 0.8383 0.5134
vn -0.2080 0.6206 0.7561
vn 0.2278 0.2026 0.9524
vn 0.1751 0.2182 0.9601
vn 0.5235 0.6501 0.5507
vn 0.0581 0.8530 0.5186
vn -0.3049 0.6206 0.7224
vn -0.2949 0.6840 0.6672
vn 0.1015 0.2026 0.9740
vn 0.4472 0.6502 0.6143
vn 0.3794 0.6841 0.6230
vn -0.0101 0.8530 0.5218
vn -0.4507 0.6336 0.6288
vn -0.3966 0.6206 0.6764
vn -0.3795 0.6841 0.6229
vn -0.0793 0.2182 0.9727
vn 0.3631 0.6501 0.6674
vn -0.0269 0.8383 0.5445
vn -0.4815 0.6206 0.6189
vn -0.1540 0.2026 0.9671
vn 0.2729 0.6502 0.7091
vn 0.2053 0.6841 0.7000
vn -0.5582 0.6206 0.5507
vn -0.5278 0.6840 0.5035
vn -0.2989 0.2182 0.9290
vn 0.1780 0.6501 0.7387
vn -0.2090 0.8530 0.4782
vn -0.6253 0.6206 0.4732
vn -0.4456 0.2182 0.8683
vn 0.0759 0.6336 0.7699
vn 0.0801 0.6502 0.7556
vn -0.6817 0.6206 0.3875
vn -0.6401 0.6841 0.3498
vn -0.5550 0.2181 0.8027
vn -0.0192 0.6501 0.7596
vn -0.2956 0.8383 0.4581
vn -0.7404 0.6336 0.2247
vn -0.7265 0.6205 0.2953
vn -0.6170 0.2025 0.7605
vn -0.6551 0.2181 0.7234
vn -0.1260 0.6336 0.7633
vn -0.1182 0.6502 0.7505
vn -0.3761 0.8531 0.3618
vn -0.3529 0.8383 0.4156
vn -0.7588 0.6206 0.1979
vn -0.7088 0.6840 0.1722
vn -0.7109 0.2026 0.6735
vn -0.2246 0.6335 0.7404
vn -0.2152 0.6501 0.7288
vn -0.2633 0.6840 0.6804
vn -0.3618 0.8531 0.3760
vn -0.4201 0.8530 0.3096
vn -0.7781 0.6206 0.0971
vn -0.7252 0.6841 0.0782
vn -0.8345 0.2025 0.5124
vn -0.7928 0.2025 0.5749
vn -0.8200 0.2181 0.5292
vn -0.3084 0.6502 0.6944
vn -0.3498 0.6841 0.6401
vn -0.4569 0.8530 0.2521
vn -0.7841 0.6206 -0.0052
vn -0.7292 0.6840 -0.0171
vn -0.3964 0.6501 0.6482
vn -0.4851 0.8383 0.2490
vn -0.7768 0.6206 -0.1076
vn -0.7208 0.6840 -0.1122
vn -0.4776 0.6502 0.5909
vn -0.5134 0.8383 0.1835
vn -0.7241 0.6336 -0.2726
vn -0.7561 0.6206 -0.2080
vn -0.9524 0.2025 0.2277
vn -0.9601 0.2181 0.1751
vn -0.5507 0.6501 0.5235
vn -0.5330 0.8383 0.1149
vn -0.7225 0.6206 -0.3049
vn -0.6143 0.6501 0.4472
vn -0.6289 0.6336 -0.4507
vn -0.6765 0.6206 -0.3966
vn -0.9727 0.2181 -0.0793
vn -0.6674 0.6502 0.3631
vn -0.6672 0.6840 0.2948
vn -0.5647 0.6335 -0.5289
vn -0.6189 0.6205 -0.4816
vn -0.5681 0.6840 -0.4576
vn -0.9671 0.2026 -0.1541
vn -0.7091 0.6501 0.2729
vn -0.5364 0.8383 -0.0978
vn -0.5508 0.6206 -0.5581
vn -0.7535 0.6336 0.1756
vn -0.7387 0.6502 0.1780
vn -0.4782 0.8530 -0.2090
vn -0.6047 0.5183 -0.6048
vn 0.1095 0.5436 -0.8322
vn -0.8394 0.5436 0.0001
vn -0.8108 0.5436 0.2172
vn -0.8322 0.5436 0.1096
vn -0.7755 0.5435 0.3211
vn -0.7270 0.5435 0.4196
vn -0.5936 0.5436 0.5934
vn 0.2173 0.5436 0.8108
vn 0.7755 0.5436 0.3212
vn 0.5935 0.5436 -0.5935
vn 0.5110 0.5436 -0.6659
vn -0.1201 0.9833 -0.1371
vn 0.4427 0.6865 0.5769
vn 0.5406 0.8413 -0.0000
vn -0.0000 0.8413 -0.5405
vn -0.2703 0.8413 -0.4682
vn -0.5406 0.8413 -0.0001
vn -0.5406 0.8413 0.0001
vn -0.3291 0.8413 0.4289
vn 0.3823 0.8413 0.3822
vn -0.1803 0.9833 0.0237
vn -0.8108 0.5435 0.2171
vn -0.6660 0.5435 0.5110
vn 0.6660 0.5435 0.5110
vn 0.7270 0.5435 -0.4197
vn 0.8322 0.5435 -0.1097
vn 0.9808 -0.0000 -0.1949
vn -0.3823 -0.0000 0.9241
vn 0.9241 -0.0000 0.3823
vn -0.6090 -0.0000 -0.7931
vn -0.2593 -0.0001 0.9658
vn -0.5839 0.2851 0.7601
vn -0.8526 0.1577 0.4983
vn -0.9226 0.3338 0.1933
vn -0.6528 0.0079 0.7575
vn -0.8523 0.1572 0.4989
vn -0.6520 0.0076 0.7581
vn -0.3535 -0.0921 0.9309
vn -0.3144 0.1156 0.9422
vn -0.5800 0.2043 0.7886
vn -0.9241 0.1911 -0.3311
vn 0.7075 0.3535 -0.6120
vn 0.3822 -0.4621 0.8003
vn 0.3831 -0.4618 0.7999
vn 0.9241 -0.1911 0.3311
vn 0.9237 0.1916 -0.3317
vn 0.3831 0.4618 -0.7999
vn -0.9237 0.1916 -0.3319
vn -0.7074 0.3534 -0.6122
vn -0.7075 -0.3534 0.6121
vn 0.6527 0.0080 0.7576
vn 0.6527 0.0079 0.7576
vn 0.6527 0.6600 -0.3719
vn 0.6521 0.6604 -0.3725
vn -0.6521 0.6604 -0.3725
vn -0.6528 0.6600 -0.3719
vn -0.7581 0.6520 0.0132
vn -0.7585 0.3379 0.5572
vn -0.7581 0.3374 0.5580
vn 0.0003 0.8659 0.5003
vn -0.0001 0.8660 0.5000
vn -0.0002 0.8660 0.5001
vn 0.0002 0.8660 0.5000
vn -0.0001 0.8659 0.5002
vn -0.3145 0.8738 -0.3709
vn -0.5801 0.7851 -0.2173
vn -0.5800 0.7851 -0.2173
vn 0.5800 0.2044 0.7885
vn 0.5800 0.2043 0.7886
vn -0.8027 0.2182 -0.5550
vn -0.7252 0.6841 -0.0782
vn -0.2953 0.6206 -0.7265
vn -0.7234 0.2182 -0.6551
vn -0.7439 0.2182 -0.6317
vn -0.7505 0.6502 -0.1182
vn -0.7088 0.6841 -0.1722
vn -0.6735 0.2026 -0.7109
vn -0.7287 0.6501 -0.2152
vn -0.0972 0.6206 -0.7781
vn -0.5293 0.2181 -0.8199
vn -0.6944 0.6501 -0.3084
vn 0.0758 0.6336 -0.7699
vn 0.0052 0.6206 -0.7841
vn 0.0171 0.6841 -0.7292
vn -0.4665 0.2025 -0.8610
vn -0.4177 0.2181 -0.8820
vn -0.6482 0.6501 -0.3964
vn 0.1075 0.6206 -0.7768
vn -0.2989 0.2182 -0.9290
vn -0.5909 0.6502 -0.4776
vn -0.1149 0.8383 -0.5329
vn 0.3049 0.6206 -0.7225
vn 0.0101 0.8530 -0.5217
vn 0.3966 0.6206 -0.6765
vn 0.0781 0.8530 -0.5160
vn -0.2052 0.6841 -0.7000
vn 0.5582 0.6206 -0.5508
vn 0.2090 0.8530 -0.4781
vn 0.5890 0.6840 -0.4304
vn 0.3991 0.2026 -0.8943
vn 0.5124 0.2025 -0.8345
vn 0.5292 0.2181 -0.8200
vn 0.7264 0.6205 -0.2953
vn 0.6169 0.2026 -0.7605
vn 0.7439 0.2182 -0.6316
vn 0.4200 0.8530 -0.3096
vn 0.7768 0.6206 0.1075
vn 0.9524 0.2026 -0.2278
vn 0.5647 0.6336 -0.5288
vn 0.5681 0.6840 -0.4575
vn 0.6823 0.6336 0.3647
vn 0.7225 0.6206 0.3049
vn 0.6143 0.6502 -0.4471
vn 0.6230 0.6841 -0.3794
vn 0.6765 0.6206 0.3966
vn 0.9789 0.2026 0.0265
vn 0.5681 0.6840 0.4575
vn 0.9671 0.2026 0.1540
vn 0.6999 0.6841 -0.2052
vn 0.5330 0.8383 0.1149
vn 0.4908 0.6336 0.5981
vn 0.5508 0.6206 0.5582
vn 0.5036 0.6840 0.5277
vn 0.7387 0.6501 -0.1780
vn 0.8943 0.2026 0.3990
vn 0.4484 0.8383 0.3102
vn 0.1261 0.6336 0.7633
vn 0.1979 0.6206 0.7588
vn 0.6170 0.2026 0.7605
vn 0.6735 0.2026 0.7109
vn 0.7403 0.6336 0.2246
vn 0.7287 0.6502 0.2152
vn 0.0782 0.6840 0.7252
vn 0.6944 0.6502 0.3084
vn 0.5909 0.6502 0.4776
vn 0.1149 0.8383 0.5329
vn 0.4472 0.6501 0.6143
vn -0.3966 0.6205 0.6765
vn 0.3632 0.6501 0.6674
vn -0.4815 0.6205 0.6189
vn -0.2056 0.2182 0.9540
vn -0.5981 0.6336 0.4908
vn -0.5582 0.6206 0.5508
vn -0.5277 0.6840 0.5035
vn -0.4177 0.2181 0.8820
vn -0.7604 0.2026 0.6170
vn -0.2152 0.6501 0.7287
vn -0.7781 0.6206 0.0972
vn -0.7927 0.2026 0.5749
vn -0.3084 0.6501 0.6944
vn -0.8820 0.2181 0.4176
vn -0.3964 0.6502 0.6482
vn -0.7768 0.6206 -0.1075
vn -0.5681 0.6840 0.4575
vn -0.7224 0.6206 -0.3049
vn -0.6189 0.6205 -0.4815
vn -0.9671 0.2026 -0.1540
vn -0.7091 0.6502 0.2729
vn -0.5508 0.6206 -0.5582
vn -0.9190 0.2182 -0.3284
vn -0.9290 0.2182 -0.2989
vn -0.7387 0.6501 0.1780
vt 0.794007 0.314381
vt 0.750487 0.314897
vt 0.750487 0.314381
vt 0.750487 0.313347
vt 0.794007 0.313347
vt 0.750487 0.307900
vt 0.750487 0.319060
vt 0.750487 0.319826
vt 0.794007 0.315931
vt 0.750487 0.315931
vt 0.794007 0.319826
vt 0.794007 0.308668
vt 0.794007 0.307900
vt 0.794007 0.312829
vt 0.750487 0.311795
vt 0.794007 0.311795
vt 0.750487 0.311740
vt 0.750487 0.311570
vt 0.794007 0.311740
vt 0.750487 0.311306
vt 0.794007 0.311570
vt 0.750487 0.310951
vt 0.794007 0.311306
vt 0.750487 0.310506
vt 0.794007 0.310951
vt 0.750487 0.309975
vt 0.794007 0.310506
vt 0.750487 0.309361
vt 0.794007 0.309975
vt 0.750487 0.308668
vt 0.794007 0.309361
vt 0.750487 0.307063
vt 0.750487 0.306163
vt 0.794007 0.307063
vt 0.750487 0.305593
vt 0.794007 0.306163
vt 0.794007 0.305593
vt 0.794007 0.322133
vt 0.750487 0.322133
vt 0.750487 0.321563
vt 0.794007 0.321563
vt 0.750487 0.320663
vt 0.794007 0.320663
vt 0.794007 0.319060
vt 0.750487 0.318367
vt 0.794007 0.318367
vt 0.750487 0.317752
vt 0.794007 0.317752
vt 0.750487 0.317220
vt 0.794007 0.317220
vt 0.750487 0.316775
vt 0.794007 0.316775
vt 0.750487 0.316420
vt 0.794007 0.316420
vt 0.750487 0.316156
vt 0.794007 0.316156
vt 0.750487 0.315986
vt 0.794007 0.315986
vt 0.737039 0.089170
vt 0.736480 0.048980
vt 0.737039 0.048980
vt 0.738158 0.048980
vt 0.738158 0.089170
vt 0.744056 0.048980
vt 0.731973 0.048980
vt 0.731141 0.048980
vt 0.735361 0.089170
vt 0.735361 0.048980
vt 0.731141 0.089170
vt 0.743224 0.089170
vt 0.744056 0.089170
vt 0.738719 0.089170
vt 0.739837 0.048980
vt 0.739837 0.089170
vt 0.739897 0.048980
vt 0.740083 0.089170
vt 0.739897 0.089170
vt 0.740366 0.048980
vt 0.740083 0.048980
vt 0.740752 0.048980
vt 0.740366 0.089170
vt 0.741235 0.048980
vt 0.740752 0.089170
vt 0.741810 0.048980
vt 0.741235 0.089170
vt 0.742474 0.048980
vt 0.741810 0.089170
vt 0.743224 0.048980
vt 0.742474 0.089170
vt 0.744961 0.048980
vt 0.745937 0.048980
vt 0.744961 0.089170
vt 0.746554 0.048980
vt 0.745937 0.089170
vt 0.746554 0.089170
vt 0.728644 0.089170
vt 0.728644 0.048980
vt 0.729262 0.048980
vt 0.729262 0.089170
vt 0.730236 0.048980
vt 0.730236 0.089170
vt 0.731973 0.089170
vt 0.732723 0.048980
vt 0.732723 0.089170
vt 0.733389 0.048980
vt 0.733389 0.089170
vt 0.733964 0.048980
vt 0.733964 0.089170
vt 0.734445 0.048980
vt 0.734445 0.089170
vt 0.734831 0.048980
vt 0.734831 0.089170
vt 0.735117 0.048980
vt 0.735117 0.089170
vt 0.735300 0.048980
vt 0.735300 0.089170
vt 0.881212 0.159713
vt 0.837695 0.160230
vt 0.837695 0.159713
vt 0.837695 0.158680
vt 0.881212 0.158680
vt 0.837695 0.153233
vt 0.837695 0.164392
vt 0.837695 0.165160
vt 0.881212 0.161264
vt 0.837695 0.161264
vt 0.881212 0.165160
vt 0.881212 0.154000
vt 0.881212 0.153233
vt 0.881212 0.158163
vt 0.837695 0.157129
vt 0.881212 0.157129
vt 0.837695 0.157073
vt 0.837695 0.156903
vt 0.881212 0.157073
vt 0.837695 0.156640
vt 0.881212 0.156903
vt 0.837695 0.156284
vt 0.881212 0.156640
vt 0.837695 0.155839
vt 0.881212 0.156284
vt 0.837695 0.155308
vt 0.881212 0.155839
vt 0.837695 0.154694
vt 0.881212 0.155308
vt 0.837695 0.154000
vt 0.881212 0.154694
vt 0.837695 0.152397
vt 0.837695 0.151497
vt 0.881212 0.152397
vt 0.837695 0.150927
vt 0.881212 0.151497
vt 0.881212 0.150927
vt 0.881212 0.167467
vt 0.837695 0.167467
vt 0.837695 0.166896
vt 0.881212 0.166896
vt 0.837695 0.165996
vt 0.881212 0.165996
vt 0.881212 0.164392
vt 0.837695 0.163699
vt 0.881212 0.163699
vt 0.837695 0.163085
vt 0.881212 0.163085
vt 0.837695 0.162554
vt 0.881212 0.162554
vt 0.837695 0.162109
vt 0.881212 0.162109
vt 0.837695 0.161753
vt 0.881212 0.161753
vt 0.837695 0.161490
vt 0.881212 0.161490
vt 0.837695 0.161320
vt 0.881212 0.161320
vt 0.706799 0.324468
vt 0.663282 0.324984
vt 0.663282 0.324468
vt 0.663282 0.323434
vt 0.706799 0.323434
vt 0.663282 0.317987
vt 0.663282 0.329146
vt 0.663282 0.329913
vt 0.706799 0.326018
vt 0.663282 0.326018
vt 0.706799 0.329913
vt 0.706799 0.318755
vt 0.706799 0.317987
vt 0.706799 0.322916
vt 0.663282 0.321882
vt 0.706799 0.321882
vt 0.663282 0.321827
vt 0.663282 0.321657
vt 0.706799 0.321827
vt 0.663282 0.321393
vt 0.706799 0.321657
vt 0.663282 0.321038
vt 0.706799 0.321393
vt 0.663282 0.320593
vt 0.706799 0.321038
vt 0.663282 0.320062
vt 0.706799 0.320593
vt 0.663282 0.319448
vt 0.706799 0.320062
vt 0.663282 0.318755
vt 0.706799 0.319448
vt 0.663282 0.317150
vt 0.663282 0.316250
vt 0.706799 0.317150
vt 0.663282 0.315680
vt 0.706799 0.316250
vt 0.706799 0.315680
vt 0.706799 0.332220
vt 0.663282 0.332220
vt 0.663282 0.331650
vt 0.706799 0.331650
vt 0.663282 0.330750
vt 0.706799 0.330750
vt 0.706799 0.329146
vt 0.663282 0.328454
vt 0.706799 0.328454
vt 0.663282 0.327839
vt 0.706799 0.327839
vt 0.663282 0.327307
vt 0.706799 0.327307
vt 0.663282 0.326862
vt 0.706799 0.326862
vt 0.663282 0.326507
vt 0.706799 0.326507
vt 0.663282 0.326243
vt 0.706799 0.326243
vt 0.663282 0.326073
vt 0.706799 0.326073
vt 0.968417 0.159713
vt 0.924900 0.160230
vt 0.924900 0.159713
vt 0.924900 0.158680
vt 0.968417 0.158680
vt 0.924900 0.153233
vt 0.924900 0.164392
vt 0.924900 0.165160
vt 0.968417 0.161264
vt 0.924900 0.161264
vt 0.968417 0.165160
vt 0.968417 0.154000
vt 0.968417 0.153233
vt 0.968417 0.158163
vt 0.924900 0.157129
vt 0.968417 0.157129
vt 0.924900 0.157073
vt 0.924900 0.156903
vt 0.968417 0.157073
vt 0.924900 0.156640
vt 0.968417 0.156903
vt 0.924900 0.156284
vt 0.968417 0.156640
vt 0.924900 0.155839
vt 0.968417 0.156284
vt 0.924900 0.155308
vt 0.968417 0.155839
vt 0.924900 0.154694
vt 0.968417 0.155308
vt 0.924900 0.154000
vt 0.968417 0.154694
vt 0.924900 0.152397
vt 0.924900 0.151497
vt 0.968417 0.152397
vt 0.924900 0.150927
vt 0.968417 0.151497
vt 0.968417 0.150927
vt 0.968417 0.167467
vt 0.924900 0.167467
vt 0.924900 0.166896
vt 0.968417 0.166896
vt 0.924900 0.165996
vt 0.968417 0.165996
vt 0.968417 0.164392
vt 0.924900 0.163699
vt 0.968417 0.163699
vt 0.924900 0.163085
vt 0.968417 0.163085
vt 0.924900 0.162554
vt 0.968417 0.162554
vt 0.924900 0.162109
vt 0.968417 0.162109
vt 0.924900 0.161753
vt 0.968417 0.161753
vt 0.924900 0.161490
vt 0.968417 0.161490
vt 0.924900 0.161320
vt 0.968417 0.161320
vt 0.761512 0.946754
vt 0.747391 0.944232
vt 0.761512 0.944232
vt 0.794048 0.952692
vt 0.750446 0.952692
vt 0.747391 0.946754
vt 0.747187 0.953292
vt 0.745873 0.902628
vt 0.744943 0.896102
vt 0.744424 0.954996
vt 0.744943 0.500818
vt 0.742578 0.957547
vt 0.741930 0.960558
vt 0.728644 0.994240
vt 0.728644 0.454560
vt 0.745873 0.494292
vt 0.748600 0.488210
vt 0.752939 0.482987
vt 0.758595 0.478980
vt 0.815851 0.454560
vt 0.742296 0.449516
vt 0.742296 0.413346
vt 0.728644 0.408302
vt 0.815851 0.408302
vt 0.735925 0.388128
vt 0.735925 0.150927
vt 0.728644 0.130753
vt 0.815851 0.130753
vt 0.903056 0.092204
vt 0.728644 0.092204
vt 0.728644 0.045946
vt 0.714155 0.092204
vt 0.708705 0.092204
vt 0.641438 0.130753
vt 0.708705 0.045946
vt 0.641438 0.007397
vt 0.990262 0.007397
vt 0.641438 0.747120
vt 0.657736 0.500818
vt 0.641438 0.994240
vt 0.641438 0.454560
vt 0.658666 0.494292
vt 0.661394 0.488210
vt 0.665734 0.482987
vt 0.671388 0.478980
vt 0.655091 0.449516
vt 0.655091 0.413346
vt 0.641438 0.408302
vt 0.648719 0.388128
vt 0.648719 0.150927
vt 0.656911 0.150927
vt 0.663282 0.150927
vt 0.706799 0.150927
vt 0.706799 0.388128
vt 0.663282 0.388128
vt 0.656911 0.388128
vt 0.682321 0.158339
vt 0.687760 0.315680
vt 0.687760 0.332220
vt 0.687760 0.380716
vt 0.682321 0.380716
vt 0.682321 0.332220
vt 0.682321 0.315680
vt 0.687760 0.158339
vt 14.511300 3.534810
vt 14.629000 8.742500
vt 14.511300 8.742500
vt 0.815851 0.994240
vt 0.990262 0.994240
vt 0.111206 0.423448
vt 0.067688 0.423966
vt 0.067688 0.423448
vt 0.990262 0.408302
vt 0.968417 0.388128
vt 0.990262 0.130753
vt 0.924900 0.388128
vt 0.918529 0.388128
vt 0.910337 0.388128
vt 0.903056 0.408302
vt 0.910337 0.150927
vt 0.903056 0.130753
vt 0.903056 0.045946
vt 0.714155 0.045946
vt 0.714155 0.063292
vt 0.708705 0.063292
vt 0.708705 0.074857
vt 0.714155 0.074857
vt 0.739545 0.071597
vt 0.739545 0.066553
vt 0.746554 0.071597
vt 0.892156 0.071597
vt 0.892156 0.066553
vt 0.746554 0.066553
vt 0.823132 0.150927
vt 0.823132 0.388128
vt 0.831324 0.388128
vt 0.831324 0.150927
vt 0.881212 0.388128
vt 0.837695 0.388128
vt 0.856734 0.158339
vt 0.862173 0.380716
vt 0.862173 0.167467
vt 0.862173 0.158339
vt 0.856734 0.380716
vt 0.856734 0.167467
vt 18.283400 3.534810
vt 18.401100 8.742500
vt 18.283400 8.742500
vt 0.829503 0.413346
vt 0.829503 0.449516
vt 0.903056 0.454560
vt 0.832234 0.449516
vt 0.832234 0.436475
vt 0.829503 0.426388
vt 0.829503 0.436475
vt 0.832234 0.413346
vt 0.832234 0.426388
vt 0.837695 0.413346
vt 0.881212 0.413346
vt 0.881212 0.426388
vt 0.881212 0.436475
vt 0.881212 0.449516
vt 0.837695 0.449516
vt 0.837695 0.426388
vt 0.837695 0.436475
vt 0.916709 0.413346
vt 0.919439 0.413346
vt 0.924900 0.413346
vt 0.968417 0.413346
vt 0.968417 0.426388
vt 0.968417 0.436475
vt 0.968417 0.449516
vt 0.990262 0.454560
vt 0.924900 0.449516
vt 0.919439 0.449516
vt 0.916709 0.449516
vt 0.916709 0.426388
vt 0.919439 0.426388
vt 0.916709 0.436475
vt 0.919439 0.436475
vt 0.924900 0.426388
vt 0.924900 0.436475
vt 0.933006 0.478980
vt 0.927350 0.482987
vt 0.923012 0.488210
vt 0.920284 0.494292
vt 0.919354 0.500818
vt 0.903056 0.994240
vt 0.916341 0.960558
vt 0.916989 0.957547
vt 0.918835 0.954996
vt 0.919354 0.896102
vt 0.921598 0.953292
vt 0.920284 0.902628
vt 0.920284 0.889575
vt 0.939592 0.871744
vt 0.965967 0.878270
vt 0.973034 0.889575
vt 0.970305 0.883493
vt 0.973034 0.784895
vt 0.970305 0.790977
vt 0.965967 0.796199
vt 0.960311 0.874264
vt 0.960311 0.800207
vt 0.953725 0.871744
vt 0.953725 0.802727
vt 0.946659 0.870884
vt 0.946659 0.803586
vt 0.939592 0.802727
vt 0.933006 0.874264
vt 0.933006 0.800207
vt 0.927350 0.878270
vt 0.927350 0.796199
vt 0.923012 0.883493
vt 0.923012 0.790977
vt 0.920284 0.784895
vt 0.919354 0.778368
vt 0.919354 0.685852
vt 0.919354 0.593334
vt 0.920284 0.507345
vt 0.920284 0.586808
vt 0.923012 0.513427
vt 0.939592 0.476460
vt 0.946659 0.475601
vt 0.953725 0.476460
vt 0.960311 0.478980
vt 0.965967 0.482987
vt 0.970305 0.488210
vt 0.973034 0.494292
vt 0.973964 0.500818
vt 0.973964 0.593334
vt 0.973964 0.685852
vt 0.973964 0.778368
vt 0.973964 0.896102
vt 0.974483 0.954996
vt 0.976329 0.957547
vt 0.976977 0.960558
vt 0.976329 0.963567
vt 0.974483 0.966119
vt 0.971720 0.967824
vt 0.968461 0.968423
vt 0.924857 0.968423
vt 0.921598 0.967824
vt 0.918835 0.966119
vt 0.916989 0.963567
vt 0.921802 0.965602
vt 0.922698 0.967597
vt 0.922698 0.963606
vt 0.923688 0.968207
vt 0.922035 0.966680
vt 0.971720 0.953292
vt 0.973034 0.902628
vt 0.971516 0.944232
vt 0.970305 0.908710
vt 0.965967 0.913934
vt 0.960311 0.917940
vt 0.957393 0.944232
vt 0.953725 0.920460
vt 0.957393 0.946754
vt 0.946659 0.921319
vt 0.939592 0.920460
vt 0.935924 0.944232
vt 0.968461 0.952692
vt 0.935924 0.946754
vt 0.924857 0.952692
vt 0.921802 0.946754
vt 0.921802 0.944232
vt 0.923012 0.908710
vt 0.930834 0.900017
vt 0.930276 0.896102
vt 0.946659 0.897267
vt 0.944538 0.900629
vt 0.948779 0.900629
vt 0.948779 0.910975
vt 0.946659 0.911232
vt 0.944538 0.910975
vt 0.938467 0.909205
vt 0.933006 0.917940
vt 0.935074 0.906801
vt 0.927350 0.913934
vt 0.932471 0.903667
vt 0.950898 0.910716
vt 0.958243 0.906801
vt 0.960847 0.903667
vt 0.962483 0.900017
vt 0.963042 0.896102
vt 0.920284 0.771840
vt 0.920284 0.692379
vt 0.920284 0.679324
vt 0.920284 0.599862
vt 0.923012 0.580726
vt 0.927350 0.518650
vt 0.935074 0.511517
vt 0.932471 0.508384
vt 0.930276 0.500818
vt 0.946659 0.501983
vt 0.944538 0.505346
vt 0.948779 0.505346
vt 0.948779 0.515692
vt 0.946659 0.515949
vt 0.944538 0.515692
vt 0.946659 0.526036
vt 0.938467 0.513921
vt 0.939592 0.525177
vt 0.933006 0.522657
vt 0.927350 0.575504
vt 0.933006 0.571496
vt 0.939592 0.568976
vt 0.946659 0.568117
vt 0.953725 0.525177
vt 0.950898 0.515433
vt 0.960311 0.522657
vt 0.958243 0.511517
vt 0.965967 0.518650
vt 0.970305 0.513427
vt 0.960847 0.508384
vt 0.973034 0.507345
vt 0.962483 0.504734
vt 0.963042 0.500818
vt 0.973034 0.586808
vt 0.970305 0.580726
vt 0.965967 0.575504
vt 0.960311 0.571496
vt 0.953725 0.568976
vt 0.973034 0.599862
vt 0.973034 0.679324
vt 0.970305 0.673244
vt 0.970305 0.605943
vt 0.965967 0.668020
vt 0.965967 0.611166
vt 0.960311 0.664012
vt 0.960311 0.615174
vt 0.953725 0.661494
vt 0.953725 0.617693
vt 0.946659 0.660635
vt 0.946659 0.618552
vt 0.939592 0.661494
vt 0.939592 0.617693
vt 0.933006 0.664012
vt 0.933006 0.615174
vt 0.927350 0.668020
vt 0.927350 0.611166
vt 0.923012 0.673244
vt 0.923012 0.605943
vt 0.930834 0.597251
vt 0.930276 0.593334
vt 0.946659 0.594501
vt 0.944538 0.597864
vt 0.948779 0.597864
vt 0.948779 0.608208
vt 0.946659 0.608465
vt 0.944538 0.608208
vt 0.942419 0.607951
vt 0.935074 0.604033
vt 0.932471 0.600900
vt 0.950898 0.607951
vt 0.958243 0.604033
vt 0.960847 0.600900
vt 0.962483 0.597251
vt 0.963042 0.593334
vt 0.962483 0.589419
vt 0.960847 0.585769
vt 0.958243 0.582636
vt 0.954850 0.580231
vt 0.946659 0.578204
vt 0.938467 0.580231
vt 0.935074 0.582636
vt 0.930834 0.589419
vt 0.973034 0.692379
vt 0.973034 0.771840
vt 0.970305 0.765760
vt 0.970305 0.698461
vt 0.965967 0.760536
vt 0.965967 0.703683
vt 0.960311 0.756528
vt 0.960311 0.707690
vt 0.953725 0.754010
vt 0.953725 0.710209
vt 0.946659 0.753151
vt 0.946659 0.711070
vt 0.939592 0.754010
vt 0.939592 0.710209
vt 0.933006 0.756528
vt 0.933006 0.707690
vt 0.927350 0.760536
vt 0.927350 0.703683
vt 0.923012 0.765760
vt 0.923012 0.698461
vt 0.930834 0.689768
vt 0.930276 0.685852
vt 0.946659 0.687017
vt 0.944538 0.690380
vt 0.948779 0.690380
vt 0.948779 0.700724
vt 0.946659 0.700983
vt 0.944538 0.700724
vt 0.938467 0.698955
vt 0.932471 0.693418
vt 0.950898 0.700467
vt 0.954850 0.698955
vt 0.960847 0.693418
vt 0.958243 0.696549
vt 0.962483 0.689768
vt 0.963042 0.685852
vt 0.962483 0.681935
vt 0.960847 0.678287
vt 0.958243 0.675153
vt 0.954850 0.672748
vt 0.950898 0.671236
vt 0.942419 0.671236
vt 0.938467 0.672748
vt 0.935074 0.675153
vt 0.930834 0.681935
vt 0.963042 0.778368
vt 0.962483 0.774451
vt 0.960847 0.785933
vt 0.962483 0.782284
vt 0.958243 0.789067
vt 0.954850 0.791471
vt 0.948779 0.793240
vt 0.950898 0.792982
vt 0.944538 0.793240
vt 0.946659 0.793499
vt 0.938467 0.791471
vt 0.935074 0.789067
vt 0.932471 0.785933
vt 0.930276 0.778368
vt 0.946659 0.779533
vt 0.944538 0.782896
vt 0.948779 0.782896
vt 0.930834 0.782284
vt 0.930834 0.774451
vt 0.935074 0.767670
vt 0.942419 0.763753
vt 0.950898 0.763753
vt 0.958243 0.767670
vt 0.960847 0.770803
vt 0.962483 0.496903
vt 0.960847 0.493253
vt 0.958243 0.490120
vt 0.954850 0.487716
vt 0.946659 0.485688
vt 0.938467 0.487716
vt 0.935074 0.490120
vt 0.930834 0.496903
vt 0.930834 0.504734
vt 0.962483 0.892187
vt 0.960847 0.888537
vt 0.958243 0.885403
vt 0.954850 0.882999
vt 0.946659 0.880971
vt 0.938467 0.882999
vt 0.935074 0.885403
vt 0.932471 0.888537
vt 0.923688 0.962994
vt 0.924857 0.962779
vt 0.922035 0.964520
vt 0.971516 0.946754
vt 0.940877 0.954830
vt 0.938882 0.956044
vt 0.941152 0.954830
vt 0.943621 0.954403
vt 0.943832 0.954403
vt 0.945430 0.954657
vt 0.938748 0.956204
vt 0.948781 0.963961
vt 0.948781 0.956044
vt 0.934048 0.956044
vt 0.937364 0.957860
vt 0.938839 0.956044
vt 0.935749 0.954830
vt 0.937759 0.954403
vt 0.946510 0.954830
vt 0.939769 0.954830
vt 0.941471 0.956044
vt 0.942608 0.957860
vt 0.950298 0.957860
vt 0.943009 0.960001
vt 0.950298 0.962145
vt 0.942608 0.962145
vt 0.941471 0.963961
vt 0.946510 0.965174
vt 0.939769 0.965174
vt 0.943832 0.965599
vt 0.937759 0.965599
vt 0.941152 0.965174
vt 0.935749 0.965174
vt 0.938882 0.963961
vt 0.934048 0.963961
vt 0.937364 0.962145
vt 0.932910 0.962145
vt 0.936831 0.960001
vt 0.932509 0.960001
vt 0.932910 0.957860
vt 0.931952 0.960001
vt 0.932240 0.958456
vt 0.933061 0.957146
vt 0.935738 0.955963
vt 0.937187 0.956271
vt 0.939237 0.958456
vt 0.938416 0.957146
vt 0.939525 0.960001
vt 0.939237 0.961546
vt 0.938416 0.962858
vt 0.937187 0.963732
vt 0.934289 0.963732
vt 0.933061 0.962858
vt 0.932240 0.961546
vt 0.932961 0.962246
vt 0.932091 0.960001
vt 0.932316 0.961215
vt 0.932316 0.958788
vt 0.933927 0.957071
vt 0.932961 0.957759
vt 0.934289 0.956271
vt 0.935065 0.956829
vt 0.937169 0.957759
vt 0.936203 0.957071
vt 0.937814 0.958788
vt 0.937814 0.961215
vt 0.938040 0.960001
vt 0.937169 0.962246
vt 0.935738 0.964040
vt 0.936203 0.962933
vt 0.933927 0.962933
vt 0.935065 0.963174
vt 0.889771 0.960558
vt 0.889123 0.963567
vt 0.887275 0.966119
vt 0.884514 0.967824
vt 0.881254 0.968423
vt 0.837651 0.968423
vt 0.834393 0.967824
vt 0.831629 0.966119
vt 0.829783 0.963567
vt 0.829135 0.960558
vt 0.832148 0.500818
vt 0.833078 0.494292
vt 0.835805 0.488210
vt 0.840145 0.482987
vt 0.845801 0.478980
vt 0.852385 0.476460
vt 0.859453 0.475601
vt 0.866520 0.476460
vt 0.873106 0.478980
vt 0.878760 0.482987
vt 0.883100 0.488210
vt 0.885828 0.494292
vt 0.886758 0.500818
vt 0.886758 0.593334
vt 0.886758 0.685852
vt 0.886758 0.778368
vt 0.886758 0.896102
vt 0.887275 0.954996
vt 0.889123 0.957547
vt 0.829783 0.957547
vt 0.831629 0.954996
vt 0.832148 0.896102
vt 0.834393 0.953292
vt 0.833078 0.902628
vt 0.840145 0.878270
vt 0.866520 0.871744
vt 0.885828 0.889575
vt 0.885828 0.902628
vt 0.884514 0.953292
vt 0.884310 0.944232
vt 0.883100 0.908710
vt 0.878760 0.913934
vt 0.873106 0.917940
vt 0.870188 0.944232
vt 0.866520 0.920460
vt 0.870188 0.946754
vt 0.859453 0.921319
vt 0.852385 0.920460
vt 0.848719 0.944232
vt 0.881254 0.952692
vt 0.848719 0.946754
vt 0.837651 0.952692
vt 0.834597 0.946754
vt 0.834597 0.944232
vt 0.835805 0.908710
vt 0.843627 0.900017
vt 0.843070 0.896102
vt 0.859453 0.897267
vt 0.857333 0.900629
vt 0.861572 0.900629
vt 0.861572 0.910975
vt 0.859453 0.911232
vt 0.857333 0.910975
vt 0.845801 0.917940
vt 0.855212 0.910716
vt 0.847869 0.906801
vt 0.840145 0.913934
vt 0.845266 0.903667
vt 0.863693 0.910716
vt 0.871038 0.906801
vt 0.873641 0.903667
vt 0.875278 0.900017
vt 0.875836 0.896102
vt 0.885828 0.784895
vt 0.883100 0.883493
vt 0.883100 0.790977
vt 0.878760 0.878270
vt 0.878760 0.796199
vt 0.873106 0.874264
vt 0.873106 0.800207
vt 0.866520 0.802727
vt 0.859453 0.870884
vt 0.859453 0.803586
vt 0.852385 0.871744
vt 0.852385 0.802727
vt 0.845801 0.874264
vt 0.845801 0.800207
vt 0.840145 0.796199
vt 0.835805 0.883493
vt 0.835805 0.790977
vt 0.833078 0.889575
vt 0.833078 0.784895
vt 0.832148 0.778368
vt 0.832148 0.685852
vt 0.832148 0.593334
vt 0.833078 0.507345
vt 0.833078 0.586808
vt 0.835805 0.513427
vt 0.885828 0.507345
vt 0.885828 0.586808
vt 0.883100 0.580726
vt 0.883100 0.513427
vt 0.878760 0.575504
vt 0.878760 0.518650
vt 0.873106 0.571496
vt 0.873106 0.522657
vt 0.866520 0.568976
vt 0.866520 0.525177
vt 0.859453 0.568117
vt 0.859453 0.526036
vt 0.852385 0.568976
vt 0.852385 0.525177
vt 0.845801 0.571496
vt 0.845801 0.522657
vt 0.840145 0.575504
vt 0.840145 0.518650
vt 0.835805 0.580726
vt 0.885828 0.599862
vt 0.885828 0.679324
vt 0.883100 0.673244
vt 0.883100 0.605943
vt 0.878760 0.668020
vt 0.878760 0.611166
vt 0.873106 0.664012
vt 0.873106 0.615174
vt 0.866520 0.661494
vt 0.866520 0.617693
vt 0.859453 0.660635
vt 0.859453 0.618552
vt 0.852385 0.661494
vt 0.852385 0.617693
vt 0.845801 0.664012
vt 0.845801 0.615174
vt 0.840145 0.668020
vt 0.840145 0.611166
vt 0.835805 0.673244
vt 0.835805 0.605943
vt 0.833078 0.679324
vt 0.833078 0.599862
vt 0.843627 0.589419
vt 0.845266 0.585769
vt 0.847869 0.582636
vt 0.855212 0.578720
vt 0.859453 0.578204
vt 0.867645 0.580231
vt 0.873641 0.585769
vt 0.871038 0.582636
vt 0.875836 0.593334
vt 0.875278 0.589419
vt 0.875278 0.597251
vt 0.873641 0.600900
vt 0.843627 0.597251
vt 0.843070 0.593334
vt 0.859453 0.594501
vt 0.857333 0.597864
vt 0.861572 0.597864
vt 0.861572 0.608208
vt 0.859453 0.608465
vt 0.857333 0.608208
vt 0.855212 0.607951
vt 0.847869 0.604033
vt 0.845266 0.600900
vt 0.863693 0.607951
vt 0.867645 0.606438
vt 0.871038 0.604033
vt 0.885828 0.692379
vt 0.885828 0.771840
vt 0.883100 0.765760
vt 0.883100 0.698461
vt 0.878760 0.760536
vt 0.878760 0.703683
vt 0.873106 0.756528
vt 0.873106 0.707690
vt 0.866520 0.754010
vt 0.866520 0.710209
vt 0.859453 0.753151
vt 0.859453 0.711070
vt 0.852385 0.754010
vt 0.852385 0.710209
vt 0.845801 0.756528
vt 0.845801 0.707690
vt 0.840145 0.760536
vt 0.840145 0.703683
vt 0.835805 0.765760
vt 0.835805 0.698461
vt 0.833078 0.771840
vt 0.833078 0.692379
vt 0.843627 0.689768
vt 0.843070 0.685852
vt 0.859453 0.687017
vt 0.857333 0.690380
vt 0.861572 0.690380
vt 0.861572 0.700724
vt 0.859453 0.700983
vt 0.857333 0.700724
vt 0.851262 0.698955
vt 0.845266 0.693418
vt 0.863693 0.700467
vt 0.867645 0.698955
vt 0.873641 0.693418
vt 0.871038 0.696549
vt 0.875278 0.689768
vt 0.875836 0.685852
vt 0.875278 0.681935
vt 0.873641 0.678287
vt 0.871038 0.675153
vt 0.867645 0.672748
vt 0.863693 0.671236
vt 0.855212 0.671236
vt 0.851262 0.672748
vt 0.847869 0.675153
vt 0.843627 0.681935
vt 0.843627 0.782284
vt 0.843070 0.778368
vt 0.859453 0.779533
vt 0.857333 0.782896
vt 0.861572 0.782896
vt 0.861572 0.793240
vt 0.859453 0.793499
vt 0.857333 0.793240
vt 0.855212 0.792982
vt 0.847869 0.789067
vt 0.845266 0.785933
vt 0.863693 0.792982
vt 0.867645 0.791471
vt 0.873641 0.785933
vt 0.871038 0.789067
vt 0.875278 0.782284
vt 0.875836 0.778368
vt 0.875278 0.774451
vt 0.873641 0.770803
vt 0.871038 0.767670
vt 0.867645 0.765265
vt 0.863693 0.763753
vt 0.855212 0.763753
vt 0.847869 0.767670
vt 0.843627 0.774451
vt 0.847869 0.511517
vt 0.845266 0.508384
vt 0.843070 0.500818
vt 0.859453 0.501983
vt 0.857333 0.505346
vt 0.861572 0.505346
vt 0.861572 0.515692
vt 0.859453 0.515949
vt 0.857333 0.515692
vt 0.855212 0.515433
vt 0.863693 0.515433
vt 0.871038 0.511517
vt 0.873641 0.508384
vt 0.875278 0.504734
vt 0.875836 0.500818
vt 0.875278 0.496903
vt 0.873641 0.493253
vt 0.871038 0.490120
vt 0.867645 0.487716
vt 0.859453 0.485688
vt 0.855212 0.486204
vt 0.847869 0.490120
vt 0.843627 0.496903
vt 0.843627 0.504734
vt 0.873641 0.888537
vt 0.875278 0.892187
vt 0.871038 0.885403
vt 0.863693 0.881488
vt 0.859453 0.880971
vt 0.855212 0.881488
vt 0.847869 0.885403
vt 0.843627 0.892187
vt 0.884310 0.946754
vt 0.802564 0.960558
vt 0.801916 0.963567
vt 0.800070 0.966119
vt 0.797307 0.967824
vt 0.794048 0.968423
vt 0.750446 0.968423
vt 0.747187 0.967824
vt 0.744424 0.966119
vt 0.742578 0.963567
vt 0.797307 0.953292
vt 0.797103 0.946754
vt 0.782982 0.946754
vt 0.765180 0.920460
vt 0.758595 0.917940
vt 0.752939 0.913934
vt 0.748600 0.908710
vt 0.795894 0.883493
vt 0.772248 0.921319
vt 0.748600 0.883493
vt 0.752939 0.878270
vt 0.758595 0.800207
vt 0.758595 0.874264
vt 0.752939 0.796199
vt 0.748600 0.790977
vt 0.745873 0.889575
vt 0.745873 0.784895
vt 0.744943 0.778368
vt 0.744943 0.685852
vt 0.744943 0.593334
vt 0.745873 0.507345
vt 0.745873 0.586808
vt 0.748600 0.513427
vt 0.765180 0.476460
vt 0.772248 0.475601
vt 0.779314 0.476460
vt 0.785901 0.478980
vt 0.791555 0.482987
vt 0.795894 0.488210
vt 0.798621 0.494292
vt 0.799553 0.500818
vt 0.799553 0.593334
vt 0.799553 0.685852
vt 0.799553 0.778368
vt 0.799553 0.896102
vt 0.800070 0.954996
vt 0.801916 0.957547
vt 0.798621 0.902628
vt 0.797103 0.944232
vt 0.795894 0.908710
vt 0.791555 0.913934
vt 0.785901 0.917940
vt 0.782982 0.944232
vt 0.779314 0.920460
vt 0.758058 0.903667
vt 0.755865 0.896102
vt 0.772248 0.897267
vt 0.770127 0.900629
vt 0.774367 0.900629
vt 0.774367 0.910975
vt 0.772248 0.911232
vt 0.770127 0.910975
vt 0.768006 0.910716
vt 0.760663 0.906801
vt 0.776487 0.910716
vt 0.780440 0.909205
vt 0.786436 0.903667
vt 0.783831 0.906801
vt 0.788072 0.900017
vt 0.788631 0.896102
vt 0.798621 0.889575
vt 0.798621 0.784895
vt 0.795894 0.790977
vt 0.791555 0.878270
vt 0.791555 0.796199
vt 0.785901 0.874264
vt 0.785901 0.800207
vt 0.779314 0.871744
vt 0.779314 0.802727
vt 0.772248 0.870884
vt 0.772248 0.803586
vt 0.765180 0.871744
vt 0.765180 0.802727
vt 0.745873 0.771840
vt 0.745873 0.692379
vt 0.745873 0.679324
vt 0.745873 0.599862
vt 0.748600 0.580726
vt 0.752939 0.518650
vt 0.758058 0.508384
vt 0.755865 0.500818
vt 0.772248 0.501983
vt 0.770127 0.505346
vt 0.774367 0.505346
vt 0.774367 0.515692
vt 0.772248 0.515949
vt 0.770127 0.515692
vt 0.772248 0.526036
vt 0.758595 0.522657
vt 0.768006 0.515433
vt 0.765180 0.525177
vt 0.760663 0.511517
vt 0.752939 0.575504
vt 0.758595 0.571496
vt 0.765180 0.568976
vt 0.772248 0.568117
vt 0.779314 0.525177
vt 0.776487 0.515433
vt 0.780440 0.513921
vt 0.785901 0.522657
vt 0.791555 0.518650
vt 0.786436 0.508384
vt 0.783831 0.511517
vt 0.798621 0.507345
vt 0.788072 0.504734
vt 0.788631 0.500818
vt 0.798621 0.586808
vt 0.795894 0.580726
vt 0.795894 0.513427
vt 0.791555 0.575504
vt 0.785901 0.571496
vt 0.779314 0.568976
vt 0.798621 0.599862
vt 0.798621 0.679324
vt 0.795894 0.673244
vt 0.795894 0.605943
vt 0.791555 0.668020
vt 0.791555 0.611166
vt 0.785901 0.664012
vt 0.785901 0.615174
vt 0.779314 0.661494
vt 0.779314 0.617693
vt 0.772248 0.660635
vt 0.772248 0.618552
vt 0.765180 0.661494
vt 0.765180 0.617693
vt 0.758595 0.664012
vt 0.758595 0.615174
vt 0.752939 0.668020
vt 0.752939 0.611166
vt 0.748600 0.673244
vt 0.748600 0.605943
vt 0.758058 0.600900
vt 0.756422 0.597251
vt 0.755865 0.593334
vt 0.772248 0.594501
vt 0.770127 0.597864
vt 0.774367 0.597864
vt 0.774367 0.608208
vt 0.772248 0.608465
vt 0.770127 0.608208
vt 0.768006 0.607951
vt 0.760663 0.604033
vt 0.776487 0.607951
vt 0.780440 0.606438
vt 0.786436 0.600900
vt 0.783831 0.604033
vt 0.788072 0.597251
vt 0.788631 0.593334
vt 0.788072 0.589419
vt 0.786436 0.585769
vt 0.783831 0.582636
vt 0.780440 0.580231
vt 0.772248 0.578204
vt 0.768006 0.578720
vt 0.760663 0.582636
vt 0.758058 0.585769
vt 0.756422 0.589419
vt 0.798621 0.692379
vt 0.798621 0.771840
vt 0.795894 0.765760
vt 0.795894 0.698461
vt 0.791555 0.760536
vt 0.791555 0.703683
vt 0.785901 0.756528
vt 0.785901 0.707690
vt 0.779314 0.754010
vt 0.779314 0.710209
vt 0.772248 0.753151
vt 0.772248 0.711070
vt 0.765180 0.754010
vt 0.765180 0.710209
vt 0.758595 0.756528
vt 0.758595 0.707690
vt 0.752939 0.760536
vt 0.752939 0.703683
vt 0.748600 0.765760
vt 0.748600 0.698461
vt 0.758058 0.693418
vt 0.756422 0.689768
vt 0.755865 0.685852
vt 0.772248 0.687017
vt 0.770127 0.690380
vt 0.774367 0.690380
vt 0.774367 0.700724
vt 0.772248 0.700983
vt 0.770127 0.700724
vt 0.764056 0.698955
vt 0.776487 0.700467
vt 0.780440 0.698955
vt 0.786436 0.693418
vt 0.783831 0.696549
vt 0.788072 0.689768
vt 0.788631 0.685852
vt 0.788072 0.681935
vt 0.786436 0.678287
vt 0.783831 0.675153
vt 0.780440 0.672748
vt 0.776487 0.671236
vt 0.768006 0.671236
vt 0.764056 0.672748
vt 0.758058 0.678287
vt 0.756422 0.681935
vt 0.770127 0.793240
vt 0.772248 0.793499
vt 0.768006 0.792982
vt 0.760663 0.789067
vt 0.758058 0.785933
vt 0.755865 0.778368
vt 0.772248 0.779533
vt 0.770127 0.782896
vt 0.774367 0.782896
vt 0.774367 0.793240
vt 0.776487 0.792982
vt 0.780440 0.791471
vt 0.786436 0.785933
vt 0.783831 0.789067
vt 0.788072 0.782284
vt 0.788631 0.778368
vt 0.788072 0.774451
vt 0.786436 0.770803
vt 0.783831 0.767670
vt 0.780440 0.765265
vt 0.776487 0.763753
vt 0.768006 0.763753
vt 0.760663 0.767670
vt 0.758058 0.770803
vt 0.756422 0.774451
vt 0.756422 0.782284
vt 0.788072 0.496903
vt 0.786436 0.493253
vt 0.783831 0.490120
vt 0.780440 0.487716
vt 0.772248 0.485688
vt 0.768006 0.486204
vt 0.760663 0.490120
vt 0.758058 0.493253
vt 0.756422 0.496903
vt 0.756422 0.504734
vt 0.786436 0.888537
vt 0.788072 0.892187
vt 0.783831 0.885403
vt 0.780440 0.882999
vt 0.772248 0.880971
vt 0.768006 0.881488
vt 0.760663 0.885403
vt 0.758058 0.888537
vt 0.756422 0.892187
vt 0.756422 0.900017
vt 0.794007 0.449516
vt 0.750487 0.449516
vt 0.745026 0.449516
vt 0.745026 0.436475
vt 0.742296 0.426388
vt 0.742296 0.436475
vt 0.745026 0.413346
vt 0.745026 0.426388
vt 0.750487 0.413346
vt 0.794007 0.413346
vt 0.794007 0.426388
vt 0.794007 0.436475
vt 0.750487 0.436475
vt 0.750487 0.426388
vt 0.794007 0.388128
vt 0.750487 0.388128
vt 0.744116 0.388128
vt 0.744116 0.150927
vt 0.750487 0.150927
vt 0.794007 0.150927
vt 0.769527 0.380716
vt 0.774968 0.380716
vt 0.774968 0.305593
vt 0.774968 0.322133
vt 0.769527 0.158339
vt 0.769527 0.322133
vt 0.769527 0.305593
vt 0.774968 0.158339
vt 16.397400 3.534810
vt 16.514999 8.742500
vt 16.397400 8.742500
vt 0.918529 0.150927
vt 0.943939 0.380716
vt 0.949378 0.380716
vt 0.949378 0.167467
vt 0.949378 0.158339
vt 0.943939 0.158339
vt 20.169500 3.534810
vt 20.287201 8.742500
vt 20.169500 8.742500
vt 0.943939 0.167467
vt 0.659980 0.967824
vt 0.657219 0.966119
vt 0.655371 0.963567
vt 0.654723 0.960558
vt 0.655371 0.957547
vt 0.657219 0.954996
vt 0.657736 0.896102
vt 0.659980 0.953292
vt 0.658666 0.902628
vt 0.661394 0.883493
vt 0.671388 0.874264
vt 0.685041 0.921319
vt 0.708689 0.908710
vt 0.698693 0.917940
vt 0.685041 0.870884
vt 0.692109 0.802727
vt 0.692109 0.871744
vt 0.685041 0.803586
vt 0.677974 0.871744
vt 0.677974 0.802727
vt 0.671388 0.800207
vt 0.665734 0.878270
vt 0.665734 0.796199
vt 0.661394 0.790977
vt 0.658666 0.889575
vt 0.658666 0.784895
vt 0.657736 0.778368
vt 0.657736 0.685852
vt 0.657736 0.593334
vt 0.658666 0.507345
vt 0.658666 0.586808
vt 0.661394 0.513427
vt 0.698693 0.478980
vt 0.712346 0.500818
vt 0.698693 0.522657
vt 0.685041 0.568117
vt 0.685041 0.526036
vt 0.692109 0.525177
vt 0.677974 0.568976
vt 0.677974 0.525177
vt 0.671388 0.571496
vt 0.671388 0.522657
vt 0.665734 0.575504
vt 0.665734 0.518650
vt 0.661394 0.580726
vt 0.665734 0.611166
vt 0.704349 0.575504
vt 0.692109 0.568976
vt 0.673456 0.511517
vt 0.670853 0.508384
vt 0.668658 0.500818
vt 0.685041 0.501983
vt 0.682922 0.505346
vt 0.687162 0.505346
vt 0.687162 0.515692
vt 0.685041 0.515949
vt 0.682922 0.515692
vt 0.680801 0.515433
vt 0.689282 0.515433
vt 0.696625 0.511517
vt 0.704349 0.518650
vt 0.708689 0.513427
vt 0.699228 0.508384
vt 0.700867 0.504734
vt 0.701424 0.500818
vt 0.711416 0.507345
vt 0.711416 0.586808
vt 0.708689 0.580726
vt 0.698693 0.571496
vt 0.712346 0.593334
vt 0.711416 0.494292
vt 0.708689 0.488210
vt 0.704349 0.482987
vt 0.692109 0.476460
vt 0.685041 0.475601
vt 0.677974 0.476460
vt 0.700867 0.496903
vt 0.699228 0.493253
vt 0.696625 0.490120
vt 0.689282 0.486204
vt 0.685041 0.485688
vt 0.676849 0.487716
vt 0.673456 0.490120
vt 0.670853 0.493253
vt 0.669217 0.504734
vt 0.712346 0.685852
vt 0.712346 0.778368
vt 0.712346 0.896102
vt 0.712865 0.954996
vt 0.714710 0.957547
vt 0.715358 0.960558
vt 0.714710 0.963567
vt 0.712865 0.966119
vt 0.710101 0.967824
vt 0.706843 0.968423
vt 0.663240 0.968423
vt 0.663240 0.952692
vt 0.660184 0.946754
vt 0.660184 0.944232
vt 0.661394 0.908710
vt 0.670853 0.903667
vt 0.669217 0.900017
vt 0.668658 0.896102
vt 0.685041 0.897267
vt 0.682922 0.900629
vt 0.687162 0.900629
vt 0.687162 0.910975
vt 0.685041 0.911232
vt 0.682922 0.910975
vt 0.676849 0.909205
vt 0.677974 0.920460
vt 0.671388 0.917940
vt 0.673456 0.906801
vt 0.665734 0.913934
vt 0.674306 0.944232
vt 0.674306 0.946754
vt 0.706843 0.952692
vt 0.710101 0.953292
vt 0.709897 0.946754
vt 0.695775 0.946754
vt 0.692109 0.920460
vt 0.689282 0.910716
vt 0.696625 0.906801
vt 0.704349 0.913934
vt 0.699228 0.903667
vt 0.700867 0.900017
vt 0.701424 0.896102
vt 0.711416 0.902628
vt 0.709897 0.944232
vt 0.695775 0.944232
vt 0.711416 0.889575
vt 0.711416 0.784895
vt 0.708689 0.883493
vt 0.708689 0.790977
vt 0.704349 0.878270
vt 0.704349 0.796199
vt 0.698693 0.874264
vt 0.698693 0.800207
vt 0.685041 0.753151
vt 0.708689 0.765760
vt 0.711416 0.771840
vt 0.711416 0.692379
vt 0.708689 0.698461
vt 0.704349 0.760536
vt 0.704349 0.703683
vt 0.698693 0.756528
vt 0.698693 0.707690
vt 0.692109 0.754010
vt 0.692109 0.710209
vt 0.685041 0.711070
vt 0.677974 0.754010
vt 0.677974 0.710209
vt 0.671388 0.756528
vt 0.671388 0.707690
vt 0.665734 0.760536
vt 0.665734 0.703683
vt 0.661394 0.765760
vt 0.661394 0.698461
vt 0.658666 0.771840
vt 0.658666 0.692379
vt 0.671388 0.664012
vt 0.670853 0.693418
vt 0.669217 0.689768
vt 0.668658 0.685852
vt 0.685041 0.687017
vt 0.682922 0.690380
vt 0.687162 0.690380
vt 0.687162 0.700724
vt 0.685041 0.700983
vt 0.682922 0.700724
vt 0.676849 0.698955
vt 0.689282 0.700467
vt 0.693232 0.698955
vt 0.699228 0.693418
vt 0.696625 0.696549
vt 0.700867 0.689768
vt 0.701424 0.685852
vt 0.711416 0.679324
vt 0.711416 0.599862
vt 0.708689 0.673244
vt 0.708689 0.605943
vt 0.704349 0.668020
vt 0.704349 0.611166
vt 0.698693 0.664012
vt 0.698693 0.615174
vt 0.692109 0.661494
vt 0.692109 0.617693
vt 0.685041 0.660635
vt 0.685041 0.618552
vt 0.677974 0.661494
vt 0.677974 0.617693
vt 0.671388 0.615174
vt 0.665734 0.668020
vt 0.661394 0.673244
vt 0.661394 0.605943
vt 0.658666 0.679324
vt 0.658666 0.599862
vt 0.668658 0.593334
vt 0.670853 0.585769
vt 0.676849 0.580231
vt 0.685041 0.578204
vt 0.689282 0.578720
vt 0.696625 0.582636
vt 0.699228 0.585769
vt 0.700867 0.589419
vt 0.700867 0.597251
vt 0.701424 0.593334
vt 0.669217 0.597251
vt 0.685041 0.594501
vt 0.682922 0.597864
vt 0.687162 0.597864
vt 0.687162 0.608208
vt 0.685041 0.608465
vt 0.682922 0.608208
vt 0.680801 0.607951
vt 0.676849 0.606438
vt 0.673456 0.604033
vt 0.670853 0.600900
vt 0.689282 0.607951
vt 0.696625 0.604033
vt 0.699228 0.600900
vt 0.700867 0.681935
vt 0.699228 0.678287
vt 0.696625 0.675153
vt 0.693232 0.672748
vt 0.689282 0.671236
vt 0.680801 0.671236
vt 0.676849 0.672748
vt 0.673456 0.675153
vt 0.669217 0.681935
vt 0.696625 0.789067
vt 0.689282 0.792982
vt 0.687162 0.793240
vt 0.682922 0.793240
vt 0.685041 0.793499
vt 0.676849 0.791471
vt 0.670853 0.785933
vt 0.668658 0.778368
vt 0.685041 0.779533
vt 0.682922 0.782896
vt 0.687162 0.782896
vt 0.669217 0.782284
vt 0.669217 0.774451
vt 0.673456 0.767670
vt 0.676849 0.765265
vt 0.680801 0.763753
vt 0.689282 0.763753
vt 0.696625 0.767670
vt 0.700867 0.774451
vt 0.699228 0.770803
vt 0.700867 0.782284
vt 0.701424 0.778368
vt 0.699228 0.785933
vt 0.700867 0.892187
vt 0.699228 0.888537
vt 0.696625 0.885403
vt 0.689282 0.881488
vt 0.685041 0.880971
vt 0.676849 0.882999
vt 0.673456 0.885403
vt 0.670853 0.888537
vt 0.657821 0.413346
vt 0.663282 0.413346
vt 0.706799 0.413346
vt 0.706799 0.426388
vt 0.706799 0.436475
vt 0.706799 0.449516
vt 0.663282 0.449516
vt 0.657821 0.449516
vt 0.657821 0.436475
vt 0.655091 0.426388
vt 0.655091 0.436475
vt 0.657821 0.426388
vt 0.663282 0.426388
vt 0.663282 0.436475
vt 0.768198 0.957860
vt 0.765114 0.960001
vt 0.764825 0.958456
vt 0.775887 0.957860
vt 0.768596 0.960001
vt 0.774369 0.956044
vt 0.767060 0.956044
vt 0.772099 0.954830
vt 0.765356 0.954830
vt 0.769419 0.954403
vt 0.763346 0.954403
vt 0.766741 0.954830
vt 0.761338 0.954830
vt 0.764470 0.956044
vt 0.759635 0.956044
vt 0.762953 0.957860
vt 0.758497 0.957860
vt 0.762420 0.960001
vt 0.758098 0.960001
vt 0.758497 0.962145
vt 0.759635 0.963961
vt 0.762953 0.962145
vt 0.761338 0.965174
vt 0.764470 0.963961
vt 0.763346 0.965599
vt 0.766741 0.965174
vt 0.765356 0.965174
vt 0.769419 0.965599
vt 0.767060 0.963961
vt 0.772099 0.965174
vt 0.768198 0.962145
vt 0.774369 0.963961
vt 0.775887 0.962145
vt 0.764825 0.961546
vt 0.764004 0.962858
vt 0.762777 0.963732
vt 0.759877 0.963732
vt 0.758650 0.962858
vt 0.757829 0.961546
vt 0.758550 0.962246
vt 0.757678 0.960001
vt 0.757905 0.961215
vt 0.757539 0.960001
vt 0.757829 0.958456
vt 0.758650 0.957146
vt 0.761326 0.955963
vt 0.762777 0.956271
vt 0.764004 0.957146
vt 0.762757 0.957759
vt 0.763629 0.960001
vt 0.763401 0.958788
vt 0.762757 0.962246
vt 0.763401 0.961215
vt 0.761326 0.964040
vt 0.761792 0.962933
vt 0.759515 0.962933
vt 0.760652 0.963174
vt 0.757905 0.958788
vt 0.759515 0.957071
vt 0.758550 0.957759
vt 0.759877 0.956271
vt 0.761792 0.957071
vt 0.760652 0.956829
vt 0.845855 0.962858
vt 0.846720 0.962933
vt 0.847084 0.963732
vt 0.848544 0.965174
vt 0.846842 0.963961
vt 0.845703 0.962145
vt 0.845034 0.961546
vt 0.845755 0.962246
vt 0.844885 0.960001
vt 0.845111 0.961215
vt 0.845304 0.960001
vt 0.844747 0.960001
vt 0.849625 0.960001
vt 0.850159 0.962145
vt 0.851675 0.963961
vt 0.850554 0.965599
vt 0.853947 0.965174
vt 0.852561 0.965174
vt 0.856625 0.965599
vt 0.854265 0.963961
vt 0.859304 0.965174
vt 0.855403 0.962145
vt 0.861574 0.963961
vt 0.855804 0.960001
vt 0.863092 0.962145
vt 0.863092 0.957860
vt 0.855403 0.957860
vt 0.861574 0.956044
vt 0.854265 0.956044
vt 0.859304 0.954830
vt 0.852561 0.954830
vt 0.856625 0.954403
vt 0.850554 0.954403
vt 0.853947 0.954830
vt 0.848544 0.954830
vt 0.851675 0.956044
vt 0.846842 0.956044
vt 0.850159 0.957860
vt 0.845703 0.957860
vt 0.845034 0.958456
vt 0.845855 0.957146
vt 0.848533 0.955963
vt 0.849982 0.956271
vt 0.852032 0.958456
vt 0.851211 0.957146
vt 0.852319 0.960001
vt 0.852032 0.961546
vt 0.851211 0.962858
vt 0.848533 0.964040
vt 0.847860 0.963174
vt 0.850834 0.960001
vt 0.850608 0.961215
vt 0.849982 0.963732
vt 0.849962 0.962246
vt 0.848997 0.962933
vt 0.850608 0.958788
vt 0.849962 0.957759
vt 0.848997 0.957071
vt 0.847860 0.956829
vt 0.847084 0.956271
vt 0.846720 0.957071
vt 0.845755 0.957759
vt 0.845111 0.958788
vt 0.677264 0.956044
vt 0.675746 0.962145
vt 0.675746 0.957860
vt 0.679534 0.954830
vt 0.676141 0.954403
vt 0.674133 0.954830
vt 0.672429 0.956044
vt 0.671292 0.957860
vt 0.675214 0.960001
vt 0.670891 0.960001
vt 0.671292 0.962145
vt 0.672429 0.963961
vt 0.674133 0.965174
vt 0.677264 0.963961
vt 0.676141 0.965599
vt 0.679534 0.965174
vt 0.678151 0.965174
vt 0.682214 0.965599
vt 0.679853 0.963961
vt 0.684892 0.965174
vt 0.680992 0.962145
vt 0.687163 0.963961
vt 0.681391 0.960001
vt 0.688680 0.962145
vt 0.688680 0.957860
vt 0.680992 0.957860
vt 0.687163 0.956044
vt 0.679853 0.956044
vt 0.684892 0.954830
vt 0.678151 0.954830
vt 0.682214 0.954403
vt 0.675569 0.956271
vt 0.677619 0.958456
vt 0.676798 0.957146
vt 0.677619 0.961546
vt 0.677907 0.960001
vt 0.676798 0.962858
vt 0.675569 0.963732
vt 0.672672 0.963732
vt 0.671443 0.962858
vt 0.670622 0.961546
vt 0.670698 0.961215
vt 0.671345 0.962246
vt 0.670472 0.960001
vt 0.670334 0.960001
vt 0.670622 0.958456
vt 0.672672 0.956271
vt 0.674120 0.955963
vt 0.672309 0.957071
vt 0.673447 0.956829
vt 0.674586 0.957071
vt 0.676196 0.958788
vt 0.675551 0.957759
vt 0.676196 0.961215
vt 0.676421 0.960001
vt 0.675551 0.962246
vt 0.674586 0.962933
vt 0.674120 0.964040
vt 0.672309 0.962933
vt 0.673447 0.963174
vt 0.671443 0.957146
vt 0.670698 0.958788
vt 0.671345 0.957759
vt 0.067688 0.422414
vt 0.111206 0.422414
vt 0.067688 0.416969
vt 0.067688 0.428127
vt 0.067688 0.428895
vt 0.111206 0.425000
vt 0.067688 0.425000
vt 0.111206 0.428895
vt 0.111206 0.417735
vt 0.111206 0.416969
vt 0.111206 0.421898
vt 0.067688 0.420864
vt 0.111206 0.420864
vt 0.067688 0.420808
vt 0.067688 0.420639
vt 0.111206 0.420808
vt 0.067688 0.420375
vt 0.111206 0.420639
vt 0.067688 0.420018
vt 0.111206 0.420375
vt 0.067688 0.419575
vt 0.111206 0.420018
vt 0.067688 0.419043
vt 0.111206 0.419575
vt 0.067688 0.418428
vt 0.111206 0.419043
vt 0.067688 0.417735
vt 0.111206 0.418428
vt 0.067688 0.416132
vt 0.067688 0.415232
vt 0.111206 0.416132
vt 0.067688 0.414661
vt 0.111206 0.415232
vt 0.111206 0.414661
vt 0.111206 0.431201
vt 0.067688 0.431201
vt 0.067688 0.430632
vt 0.111206 0.430632
vt 0.067688 0.429730
vt 0.111206 0.429730
vt 0.111206 0.428127
vt 0.067688 0.427434
vt 0.111206 0.427434
vt 0.067688 0.426820
vt 0.111206 0.426820
vt 0.067688 0.426289
vt 0.111206 0.426289
vt 0.067688 0.425844
vt 0.111206 0.425844
vt 0.067688 0.425489
vt 0.111206 0.425489
vt 0.067688 0.425225
vt 0.111206 0.425225
vt 0.067688 0.425055
vt 0.111206 0.425055
vt 0.011366 0.007397
vt 0.011366 0.994240
vt 0.067688 0.994240
vt 0.585115 0.994240
vt 0.067688 0.747120
vt 0.073149 0.786918
vt 0.585115 0.747120
vt 0.317322 0.705737
vt 0.067688 0.705737
vt 0.067688 0.668751
vt 0.067688 0.648577
vt 0.063960 0.197984
vt 0.059842 0.194650
vt 0.056231 0.190847
vt 0.053189 0.186641
vt 0.050766 0.182105
vt 0.049006 0.177316
vt 0.047937 0.172355
vt 0.047579 0.167308
vt 0.011366 0.747120
vt 0.047579 0.067302
vt 0.047937 0.062255
vt 0.049006 0.057294
vt 0.050766 0.052505
vt 0.053189 0.047968
vt 0.056231 0.043763
vt 0.059424 0.040401
vt 0.059842 0.039960
vt 0.063960 0.036626
vt 0.068513 0.033815
vt 0.073425 0.031579
vt 0.078611 0.029953
vt 0.083982 0.028966
vt 0.089447 0.028635
vt 0.094912 0.028966
vt 0.100283 0.029953
vt 0.105469 0.031579
vt 0.110381 0.033815
vt 0.189567 0.030746
vt 0.282082 0.030746
vt 0.289505 0.030858
vt 0.381738 0.030858
vt 0.389162 0.030746
vt 0.481677 0.030746
vt 0.488959 0.030746
vt 0.581474 0.030746
vt 0.581474 0.077866
vt 0.581474 0.083632
vt 0.581474 0.130753
vt 0.581827 0.200739
vt 0.582950 0.202293
vt 0.583846 0.203969
vt 0.584498 0.205739
vt 0.584891 0.207573
vt 0.585024 0.209438
vt 0.585369 0.294898
vt 0.595198 0.321637
vt 0.601163 0.349332
vt 0.603162 0.377508
vt 0.603427 0.566965
vt 0.604075 0.563955
vt 0.605921 0.561403
vt 0.608685 0.559698
vt 0.611943 0.559099
vt 0.615203 0.559698
vt 0.617965 0.561403
vt 0.619810 0.563955
vt 0.620460 0.566965
vt 0.620460 0.607234
vt 0.619810 0.610243
vt 0.617965 0.612796
vt 0.615203 0.614500
vt 0.611943 0.615099
vt 0.608685 0.614500
vt 0.605921 0.612796
vt 0.604075 0.610243
vt 0.603427 0.607234
vt 0.585369 0.460119
vt 0.585115 0.687244
vt 0.584185 0.680716
vt 0.579570 0.648577
vt 0.579570 0.635535
vt 0.571846 0.485444
vt 0.554861 0.508923
vt 0.536051 0.635535
vt 0.534700 0.530153
vt 0.536051 0.648577
vt 0.530590 0.648577
vt 0.539437 0.705737
vt 0.527859 0.648577
vt 0.499193 0.648577
vt 0.455675 0.648577
vt 0.450215 0.648577
vt 0.447484 0.648577
vt 0.418817 0.648577
vt 0.375300 0.648577
vt 0.369839 0.648577
vt 0.367108 0.648577
vt 0.338909 0.591534
vt 0.317322 0.668751
vt 0.317322 0.648577
vt 0.317322 0.635535
vt 0.308921 0.586025
vt 0.279969 0.576948
vt 0.260220 0.635535
vt 0.253146 0.648577
vt 0.253146 0.635535
vt 0.252547 0.564459
vt 0.227124 0.548772
vt 0.204137 0.530153
vt 0.196043 0.635535
vt 0.188968 0.648577
vt 0.188968 0.635535
vt 0.183977 0.508923
vt 0.166991 0.485444
vt 0.153467 0.460119
vt 0.143639 0.433380
vt 0.131866 0.635535
vt 0.137675 0.405685
vt 0.135675 0.377508
vt 0.131315 0.067302
vt 0.137675 0.349332
vt 0.130957 0.062255
vt 0.129889 0.057294
vt 0.128128 0.052505
vt 0.125706 0.047968
vt 0.122663 0.043763
vt 0.119052 0.039960
vt 0.114935 0.036626
vt 0.111610 0.040627
vt 0.107651 0.038183
vt 0.103379 0.036238
vt 0.098870 0.034824
vt 0.094199 0.033966
vt 0.089447 0.033679
vt 0.084695 0.033966
vt 0.080024 0.034824
vt 0.075515 0.036238
vt 0.071244 0.038183
vt 0.067284 0.040627
vt 0.063704 0.043527
vt 0.060564 0.046833
vt 0.057918 0.050490
vt 0.055812 0.054435
vt 0.054281 0.058599
vt 0.053352 0.062913
vt 0.053040 0.067302
vt 0.050766 0.082099
vt 0.049006 0.077310
vt 0.047937 0.072349
vt 0.047937 0.162261
vt 0.049006 0.157301
vt 0.050766 0.152511
vt 0.053189 0.147975
vt 0.053189 0.086635
vt 0.053352 0.071691
vt 0.054861 0.067302
vt 0.055157 0.071471
vt 0.055157 0.063133
vt 0.056039 0.059035
vt 0.059494 0.051331
vt 0.057493 0.055078
vt 0.062008 0.047857
vt 0.064991 0.044715
vt 0.068392 0.041961
vt 0.076212 0.037791
vt 0.072154 0.039639
vt 0.080496 0.036448
vt 0.084933 0.035633
vt 0.089447 0.035360
vt 0.098399 0.036448
vt 0.093962 0.035633
vt 0.102683 0.037791
vt 0.106741 0.039639
vt 0.110502 0.041961
vt 0.113904 0.044715
vt 0.115191 0.043527
vt 0.118331 0.046833
vt 0.120977 0.050490
vt 0.123083 0.054435
vt 0.124614 0.058599
vt 0.125543 0.062913
vt 0.125854 0.067302
vt 0.128128 0.082099
vt 0.125706 0.086635
vt 0.125543 0.071691
vt 0.124614 0.076004
vt 0.123083 0.080169
vt 0.122663 0.090841
vt 0.120977 0.084114
vt 0.119052 0.094643
vt 0.118331 0.087770
vt 0.115191 0.091077
vt 0.114935 0.097978
vt 0.111610 0.093977
vt 0.110381 0.100788
vt 0.107651 0.096420
vt 0.105469 0.103025
vt 0.103379 0.098366
vt 0.100283 0.104651
vt 0.098870 0.099779
vt 0.094912 0.105638
vt 0.094199 0.100638
vt 0.089447 0.100925
vt 0.089447 0.105969
vt 0.084695 0.100638
vt 0.083982 0.105638
vt 0.080024 0.099779
vt 0.078611 0.104651
vt 0.075515 0.098366
vt 0.073425 0.103025
vt 0.071244 0.096420
vt 0.068513 0.100788
vt 0.067284 0.093977
vt 0.063960 0.097978
vt 0.063704 0.091077
vt 0.060564 0.087770
vt 0.059842 0.094643
vt 0.057918 0.084114
vt 0.056231 0.090841
vt 0.055812 0.080169
vt 0.054281 0.076004
vt 0.056231 0.143769
vt 0.053352 0.162920
vt 0.053040 0.167308
vt 0.053352 0.171697
vt 0.054861 0.167308
vt 0.055157 0.171478
vt 0.055157 0.163139
vt 0.056039 0.159041
vt 0.054281 0.158606
vt 0.055812 0.154441
vt 0.057918 0.150497
vt 0.059842 0.139967
vt 0.063960 0.136632
vt 0.068513 0.133822
vt 0.073425 0.131585
vt 0.078611 0.129959
vt 0.083982 0.128972
vt 0.089447 0.128642
vt 0.094912 0.128972
vt 0.100283 0.129959
vt 0.105469 0.131585
vt 0.110381 0.133822
vt 0.114935 0.136632
vt 0.119052 0.139967
vt 0.122663 0.143769
vt 0.125706 0.147975
vt 0.128128 0.152511
vt 0.129889 0.157301
vt 0.129889 0.077310
vt 0.130957 0.072349
vt 0.131315 0.167308
vt 0.130957 0.162261
vt 0.130957 0.172355
vt 0.129889 0.177316
vt 0.128128 0.182105
vt 0.125854 0.167308
vt 0.125543 0.162920
vt 0.124614 0.158606
vt 0.123083 0.154441
vt 0.120977 0.150497
vt 0.118331 0.146840
vt 0.115191 0.143533
vt 0.111610 0.140633
vt 0.107651 0.138190
vt 0.103379 0.136244
vt 0.098870 0.134831
vt 0.094199 0.133973
vt 0.089447 0.133685
vt 0.084695 0.133973
vt 0.080024 0.134831
vt 0.075515 0.136244
vt 0.071244 0.138190
vt 0.067284 0.140633
vt 0.063704 0.143533
vt 0.060564 0.146840
vt 0.062008 0.147863
vt 0.059494 0.151337
vt 0.064991 0.144722
vt 0.068392 0.141967
vt 0.072154 0.139646
vt 0.080496 0.136455
vt 0.076212 0.137798
vt 0.084933 0.135639
vt 0.093962 0.135639
vt 0.089447 0.135366
vt 0.102683 0.137798
vt 0.098399 0.136455
vt 0.106741 0.139646
vt 0.110502 0.141967
vt 0.113904 0.144722
vt 0.116887 0.147863
vt 0.119400 0.151337
vt 0.122855 0.159041
vt 0.121401 0.155085
vt 0.123738 0.163139
vt 0.125543 0.171697
vt 0.124034 0.167308
vt 0.125706 0.186641
vt 0.124614 0.176011
vt 0.123083 0.180175
vt 0.122663 0.190847
vt 0.120977 0.184119
vt 0.119052 0.194650
vt 0.118331 0.187778
vt 0.115191 0.191083
vt 0.114935 0.197984
vt 0.111610 0.193983
vt 0.110381 0.200795
vt 0.107651 0.196427
vt 0.105469 0.203032
vt 0.103379 0.198372
vt 0.100283 0.204658
vt 0.098870 0.199786
vt 0.094912 0.205645
vt 0.094199 0.200643
vt 0.089447 0.200931
vt 0.089447 0.205974
vt 0.084695 0.200643
vt 0.083982 0.205645
vt 0.080024 0.199786
vt 0.078611 0.204658
vt 0.075515 0.198372
vt 0.073425 0.203032
vt 0.071244 0.196427
vt 0.068513 0.200795
vt 0.067284 0.193983
vt 0.063704 0.191083
vt 0.060564 0.187778
vt 0.057918 0.184119
vt 0.055812 0.180175
vt 0.054281 0.176011
vt 0.056039 0.175576
vt 0.059556 0.174705
vt 0.058766 0.171039
vt 0.113998 0.184706
vt 0.085408 0.195644
vt 0.064896 0.149910
vt 0.076212 0.196819
vt 0.081438 0.194914
vt 0.080496 0.198162
vt 0.073974 0.192060
vt 0.072154 0.194971
vt 0.068392 0.192650
vt 0.064991 0.189894
vt 0.070608 0.189982
vt 0.067565 0.187517
vt 0.062008 0.186754
vt 0.064896 0.184706
vt 0.059494 0.183279
vt 0.057493 0.179531
vt 0.060857 0.178245
vt 0.062647 0.181598
vt 0.084933 0.198977
vt 0.089447 0.199250
vt 0.093486 0.195644
vt 0.093962 0.198977
vt 0.098399 0.198162
vt 0.097457 0.194914
vt 0.102683 0.196819
vt 0.104920 0.192060
vt 0.106741 0.194971
vt 0.110502 0.192650
vt 0.108286 0.189982
vt 0.113904 0.189894
vt 0.116887 0.186754
vt 0.111329 0.187517
vt 0.119400 0.183279
vt 0.116247 0.181598
vt 0.118037 0.178245
vt 0.119339 0.174705
vt 0.121401 0.179531
vt 0.123738 0.171478
vt 0.120128 0.171039
vt 0.120393 0.167308
vt 0.120128 0.163578
vt 0.119339 0.159911
vt 0.118037 0.156371
vt 0.116247 0.153019
vt 0.113998 0.149910
vt 0.111329 0.147099
vt 0.104920 0.142558
vt 0.101290 0.140904
vt 0.097457 0.139702
vt 0.093486 0.138973
vt 0.089447 0.138729
vt 0.085408 0.138973
vt 0.081438 0.139702
vt 0.077605 0.140904
vt 0.070608 0.144634
vt 0.067565 0.147099
vt 0.062647 0.153019
vt 0.060857 0.156371
vt 0.057493 0.155085
vt 0.059556 0.159911
vt 0.058766 0.163578
vt 0.058501 0.167308
vt 0.122855 0.175576
vt 0.067688 0.226148
vt 0.067688 0.635535
vt 0.067688 0.619714
vt 0.111206 0.619714
vt 0.124791 0.635535
vt 0.111206 0.226148
vt 0.092167 0.607414
vt 0.086727 0.607414
vt 0.086727 0.238448
vt 0.092167 0.238448
vt 1.629910 5.410830
vt 1.747560 14.051400
vt 1.629910 14.051400
vt 0.124791 0.648577
vt 0.131866 0.648577
vt 0.094993 0.668751
vt 0.290017 0.668751
vt 0.290017 0.705737
vt 0.094993 0.705737
vt 0.196043 0.648577
vt 0.260220 0.648577
vt 0.056039 0.075569
vt 0.059556 0.074699
vt 0.058766 0.071032
vt 0.060857 0.078239
vt 0.064896 0.049904
vt 0.118037 0.056365
vt 0.076212 0.096813
vt 0.081438 0.094908
vt 0.080496 0.098156
vt 0.072154 0.094965
vt 0.077605 0.093706
vt 0.070608 0.089976
vt 0.068392 0.092643
vt 0.064991 0.089888
vt 0.067565 0.087511
vt 0.062008 0.086747
vt 0.064896 0.084700
vt 0.059494 0.083273
vt 0.057493 0.079526
vt 0.062647 0.081592
vt 0.084933 0.098971
vt 0.085408 0.095637
vt 0.089447 0.099244
vt 0.089447 0.095882
vt 0.093962 0.098971
vt 0.093486 0.095637
vt 0.098399 0.098156
vt 0.097457 0.094908
vt 0.102683 0.096813
vt 0.101290 0.093706
vt 0.106741 0.094965
vt 0.104920 0.092053
vt 0.110502 0.092643
vt 0.111329 0.087511
vt 0.113904 0.089888
vt 0.116887 0.086747
vt 0.113998 0.084700
vt 0.119400 0.083273
vt 0.116247 0.081592
vt 0.121401 0.079526
vt 0.118037 0.078239
vt 0.122855 0.075569
vt 0.119339 0.074699
vt 0.123738 0.071471
vt 0.120128 0.071032
vt 0.124034 0.067302
vt 0.120393 0.067302
vt 0.123738 0.063133
vt 0.120128 0.063571
vt 0.119339 0.059905
vt 0.122855 0.059035
vt 0.121401 0.055078
vt 0.116247 0.053012
vt 0.119400 0.051331
vt 0.116887 0.047857
vt 0.113998 0.049904
vt 0.111329 0.047093
vt 0.104920 0.042551
vt 0.101290 0.040898
vt 0.097457 0.039696
vt 0.093486 0.038967
vt 0.085408 0.038967
vt 0.081438 0.039696
vt 0.077605 0.040898
vt 0.070608 0.044628
vt 0.067565 0.047093
vt 0.062647 0.053012
vt 0.060857 0.056365
vt 0.058766 0.063571
vt 0.143639 0.321637
vt 0.153467 0.294898
vt 0.166991 0.269573
vt 0.183977 0.246094
vt 0.189567 0.130753
vt 0.204137 0.224864
vt 0.282082 0.130753
vt 0.189567 0.083632
vt 0.282082 0.083632
vt 0.282082 0.077866
vt 0.189567 0.077866
vt 0.289363 0.083632
vt 0.289505 0.077754
vt 0.381880 0.083632
vt 0.381738 0.077754
vt 0.381880 0.130753
vt 0.389162 0.130753
vt 0.399927 0.163484
vt 0.369418 0.161637
vt 0.338909 0.163484
vt 0.308921 0.168993
vt 0.289363 0.130753
vt 0.279969 0.178069
vt 0.252547 0.190558
vt 0.227124 0.206247
vt 0.223308 0.209337
vt 0.211096 0.231291
vt 0.233115 0.213457
vt 0.257467 0.198429
vt 0.283735 0.186466
vt 0.311468 0.177771
vt 0.340193 0.172495
vt 0.369418 0.170726
vt 0.398644 0.172495
vt 0.429916 0.168993
vt 0.427369 0.177771
vt 0.481677 0.130753
vt 0.481677 0.083632
vt 0.389162 0.083632
vt 0.389162 0.077866
vt 0.481677 0.077866
vt 0.486290 0.190558
vt 0.488959 0.130753
vt 0.511713 0.206247
vt 0.511919 0.170260
vt 0.512050 0.168395
vt 0.512445 0.166561
vt 0.513096 0.164791
vt 0.513990 0.163115
vt 0.515115 0.161561
vt 0.516450 0.160155
vt 0.517971 0.158923
vt 0.519655 0.157884
vt 0.521470 0.157058
vt 0.488959 0.083632
vt 0.488959 0.077866
vt 0.523387 0.156457
vt 0.525371 0.156092
vt 0.527392 0.155970
vt 0.529410 0.156092
vt 0.531396 0.156457
vt 0.533313 0.157058
vt 0.535128 0.157884
vt 0.536810 0.158923
vt 0.538332 0.160155
vt 0.539666 0.161561
vt 0.540791 0.163115
vt 0.541687 0.164791
vt 0.542337 0.166561
vt 0.542732 0.168395
vt 0.542865 0.170260
vt 0.554606 0.205739
vt 0.555256 0.203969
vt 0.556151 0.202293
vt 0.557276 0.200739
vt 0.558611 0.199334
vt 0.560132 0.198102
vt 0.561814 0.197063
vt 0.563629 0.196235
vt 0.565546 0.195635
vt 0.567532 0.195270
vt 0.569551 0.195148
vt 0.571571 0.195270
vt 0.573555 0.195635
vt 0.575472 0.196235
vt 0.577287 0.197063
vt 0.578971 0.198102
vt 0.580493 0.199334
vt 0.579956 0.202064
vt 0.578825 0.200872
vt 0.584498 0.213136
vt 0.573555 0.223240
vt 0.571571 0.223605
vt 0.569551 0.221550
vt 0.571264 0.221446
vt 0.571846 0.269573
vt 0.569551 0.223728
vt 0.567532 0.223605
vt 0.565546 0.223240
vt 0.563629 0.222640
vt 0.561814 0.221813
vt 0.560132 0.220775
vt 0.558611 0.219542
vt 0.557276 0.218138
vt 0.556151 0.216583
vt 0.555256 0.214907
vt 0.554861 0.246094
vt 0.554606 0.213136
vt 0.554211 0.211304
vt 0.554078 0.209438
vt 0.542732 0.172125
vt 0.542337 0.173958
vt 0.541687 0.175729
vt 0.540791 0.177405
vt 0.539666 0.178958
vt 0.538332 0.180364
vt 0.536810 0.181598
vt 0.535128 0.182635
vt 0.534700 0.224864
vt 0.533313 0.183462
vt 0.531396 0.184062
vt 0.529410 0.184427
vt 0.527392 0.184550
vt 0.525371 0.184427
vt 0.523387 0.184062
vt 0.521470 0.183462
vt 0.519655 0.182635
vt 0.517971 0.181598
vt 0.516450 0.180364
vt 0.515530 0.209337
vt 0.515115 0.178958
vt 0.513990 0.177405
vt 0.513096 0.175729
vt 0.512445 0.173958
vt 0.512050 0.172125
vt 0.514387 0.171841
vt 0.527392 0.182373
vt 0.529103 0.182268
vt 0.525679 0.182268
vt 0.522373 0.181450
vt 0.523996 0.181959
vt 0.520833 0.180750
vt 0.519408 0.179869
vt 0.518117 0.178825
vt 0.516986 0.177633
vt 0.516033 0.176315
vt 0.514722 0.173395
vt 0.515274 0.174895
vt 0.529103 0.158251
vt 0.514387 0.168679
vt 0.514276 0.170260
vt 0.514722 0.167125
vt 0.516033 0.164203
vt 0.515274 0.165625
vt 0.516986 0.162886
vt 0.518117 0.161695
vt 0.519408 0.160650
vt 0.520833 0.159770
vt 0.522373 0.159069
vt 0.525679 0.158251
vt 0.523996 0.158560
vt 0.527392 0.158147
vt 0.530785 0.158560
vt 0.532410 0.159069
vt 0.533948 0.159770
vt 0.535376 0.160650
vt 0.537797 0.162886
vt 0.536664 0.161695
vt 0.539508 0.165625
vt 0.538749 0.164203
vt 0.540394 0.168679
vt 0.540059 0.167125
vt 0.540507 0.170260
vt 0.540394 0.171841
vt 0.539508 0.174895
vt 0.540059 0.173395
vt 0.537797 0.177633
vt 0.538749 0.176315
vt 0.535376 0.179869
vt 0.536664 0.178825
vt 0.533948 0.180750
vt 0.532410 0.181450
vt 0.530785 0.181959
vt 0.527741 0.231291
vt 0.481370 0.198429
vt 0.505722 0.213457
vt 0.455102 0.186466
vt 0.458868 0.178069
vt 0.454445 0.187932
vt 0.504675 0.214716
vt 0.547053 0.251626
vt 0.526527 0.232414
vt 0.563323 0.274117
vt 0.545688 0.252593
vt 0.576277 0.298376
vt 0.561836 0.274911
vt 0.585692 0.323989
vt 0.574690 0.298983
vt 0.591406 0.350518
vt 0.584032 0.324401
vt 0.593321 0.377508
vt 0.589702 0.350726
vt 0.591406 0.404500
vt 0.591602 0.377508
vt 0.584032 0.430616
vt 0.585692 0.431028
vt 0.574690 0.456034
vt 0.576277 0.456641
vt 0.561836 0.480107
vt 0.563323 0.480900
vt 0.547053 0.503390
vt 0.527741 0.523726
vt 0.545688 0.502424
vt 0.504675 0.540301
vt 0.505722 0.541561
vt 0.480510 0.555214
vt 0.481370 0.556588
vt 0.455102 0.568551
vt 0.427369 0.577246
vt 0.454445 0.567085
vt 0.398644 0.582523
vt 0.426923 0.575713
vt 0.369418 0.582704
vt 0.369418 0.584292
vt 0.340419 0.580949
vt 0.340193 0.582523
vt 0.311914 0.575713
vt 0.311468 0.577246
vt 0.284392 0.567085
vt 0.283735 0.568551
vt 0.258326 0.555214
vt 0.257467 0.556588
vt 0.233115 0.541561
vt 0.212312 0.522605
vt 0.211096 0.523726
vt 0.193148 0.502424
vt 0.191785 0.503390
vt 0.175513 0.480900
vt 0.164148 0.456034
vt 0.162560 0.456641
vt 0.153145 0.431028
vt 0.147432 0.404500
vt 0.154806 0.430616
vt 0.147235 0.377508
vt 0.145516 0.377508
vt 0.149136 0.350726
vt 0.147432 0.350518
vt 0.154806 0.324401
vt 0.153145 0.323989
vt 0.164148 0.298983
vt 0.162560 0.298376
vt 0.175513 0.274117
vt 0.193148 0.252593
vt 0.191785 0.251626
vt 0.212312 0.232414
vt 0.258326 0.199805
vt 0.284392 0.187932
vt 0.311914 0.179305
vt 0.340419 0.174068
vt 0.369418 0.172313
vt 0.426923 0.179305
vt 0.196946 0.465957
vt 0.167703 0.457968
vt 0.188443 0.450033
vt 0.210923 0.485992
vt 0.180800 0.481596
vt 0.200242 0.471229
vt 0.227610 0.504170
vt 0.197124 0.503442
vt 0.214935 0.490821
vt 0.233059 0.536629
vt 0.232271 0.508474
vt 0.246725 0.520180
vt 0.267939 0.533750
vt 0.238287 0.540334
vt 0.251954 0.523886
vt 0.282298 0.563801
vt 0.273647 0.536794
vt 0.290889 0.544647
vt 0.315183 0.552684
vt 0.288387 0.566131
vt 0.296978 0.546976
vt 0.340404 0.557722
vt 0.315739 0.574285
vt 0.321549 0.554259
vt 0.366123 0.559679
vt 0.344010 0.579073
vt 0.346938 0.558517
vt 0.394829 0.579073
vt 0.372714 0.559679
vt 0.391898 0.558517
vt 0.423098 0.574285
vt 0.398433 0.557722
vt 0.417288 0.554259
vt 0.450450 0.566131
vt 0.423654 0.552684
vt 0.441859 0.546976
vt 0.465190 0.536794
vt 0.456539 0.563801
vt 0.447947 0.544647
vt 0.500550 0.540334
vt 0.470897 0.533750
vt 0.486883 0.523886
vt 0.506566 0.508474
vt 0.505778 0.536629
vt 0.492112 0.520180
vt 0.541712 0.503442
vt 0.511226 0.504170
vt 0.523902 0.490821
vt 0.538595 0.471229
vt 0.545724 0.498614
vt 0.527914 0.485992
vt 0.571134 0.457968
vt 0.541891 0.465957
vt 0.550394 0.450033
vt 0.559096 0.427597
vt 0.573656 0.452345
vt 0.552916 0.444410
vt 0.564552 0.404304
vt 0.582486 0.427083
vt 0.560802 0.421718
vt 0.566670 0.380552
vt 0.587670 0.400976
vt 0.565412 0.398270
vt 0.587670 0.354042
vt 0.566670 0.374465
vt 0.565412 0.356747
vt 0.582486 0.327934
vt 0.564552 0.350713
vt 0.560802 0.333299
vt 0.573656 0.302672
vt 0.559096 0.327420
vt 0.552916 0.310607
vt 0.541891 0.289060
vt 0.571134 0.297049
vt 0.550394 0.304984
vt 0.545724 0.256403
vt 0.538595 0.283789
vt 0.527914 0.269025
vt 0.511227 0.250847
vt 0.541712 0.251575
vt 0.523902 0.264196
vt 0.505778 0.218388
vt 0.506566 0.246543
vt 0.492112 0.234837
vt 0.482123 0.203312
vt 0.486883 0.231132
vt 0.470897 0.221267
vt 0.456539 0.191216
vt 0.465190 0.218224
vt 0.447947 0.210370
vt 0.423654 0.202333
vt 0.450450 0.188886
vt 0.441859 0.208041
vt 0.398433 0.197295
vt 0.423098 0.180732
vt 0.417288 0.200758
vt 0.372714 0.174606
vt 0.391898 0.196500
vt 0.372714 0.195340
vt 0.344010 0.175945
vt 0.366123 0.195340
vt 0.346939 0.196500
vt 0.315739 0.180732
vt 0.340404 0.197295
vt 0.321549 0.200758
vt 0.288387 0.188886
vt 0.315183 0.202333
vt 0.296978 0.208041
vt 0.273647 0.218224
vt 0.282298 0.191216
vt 0.290889 0.210370
vt 0.251954 0.231132
vt 0.256714 0.203312
vt 0.267939 0.221267
vt 0.216398 0.231884
vt 0.246725 0.234837
vt 0.232271 0.246543
vt 0.214935 0.264196
vt 0.211737 0.236187
vt 0.227610 0.250847
vt 0.180800 0.273422
vt 0.210923 0.269025
vt 0.200242 0.283789
vt 0.167703 0.297049
vt 0.196946 0.289060
vt 0.188443 0.304984
vt 0.158057 0.322054
vt 0.185921 0.310607
vt 0.179741 0.327420
vt 0.174285 0.350713
vt 0.156351 0.327934
vt 0.178036 0.333299
vt 0.172167 0.374465
vt 0.151167 0.354042
vt 0.173425 0.356747
vt 0.173425 0.398270
vt 0.149718 0.380552
vt 0.172167 0.380552
vt 0.156351 0.427083
vt 0.174285 0.404304
vt 0.178036 0.421718
vt 0.165181 0.452345
vt 0.179741 0.427597
vt 0.185921 0.444410
vt 0.189077 0.446497
vt 0.188477 0.422285
vt 0.196355 0.443713
vt 0.175888 0.401040
vt 0.180870 0.424168
vt 0.174218 0.377508
vt 0.183697 0.400090
vt 0.183697 0.354927
vt 0.182095 0.377508
vt 0.175888 0.353977
vt 0.188477 0.332732
vt 0.189077 0.308520
vt 0.180870 0.330849
vt 0.200370 0.287371
vt 0.196355 0.311304
vt 0.220804 0.272192
vt 0.207191 0.291008
vt 0.214556 0.267764
vt 0.236961 0.255179
vt 0.250588 0.234487
vt 0.231391 0.250034
vt 0.271819 0.221386
vt 0.255383 0.240257
vt 0.297733 0.217677
vt 0.275756 0.227685
vt 0.294719 0.210956
vt 0.320935 0.210403
vt 0.343939 0.198776
vt 0.318897 0.203375
vt 0.369418 0.197234
vt 0.344968 0.205988
vt 0.393869 0.205988
vt 0.369418 0.204507
vt 0.394898 0.198776
vt 0.417902 0.210403
vt 0.444118 0.210956
vt 0.419940 0.203375
vt 0.467018 0.221386
vt 0.441104 0.217677
vt 0.483454 0.240257
vt 0.463081 0.227685
vt 0.488249 0.234487
vt 0.501876 0.255179
vt 0.524281 0.267764
vt 0.507446 0.250034
vt 0.538467 0.287371
vt 0.518033 0.272192
vt 0.542484 0.311304
vt 0.531646 0.291008
vt 0.557968 0.330849
vt 0.549760 0.308520
vt 0.562948 0.353977
vt 0.550359 0.332732
vt 0.556743 0.377508
vt 0.555139 0.354927
vt 0.562948 0.401040
vt 0.564619 0.377508
vt 0.550359 0.422285
vt 0.555139 0.400090
vt 0.557968 0.424168
vt 0.542484 0.443713
vt 0.538467 0.467646
vt 0.549760 0.446497
vt 0.518033 0.482825
vt 0.531646 0.464009
vt 0.524281 0.487253
vt 0.501876 0.499838
vt 0.488249 0.520530
vt 0.507446 0.504983
vt 0.467018 0.533631
vt 0.483454 0.514761
vt 0.441104 0.537342
vt 0.463081 0.527332
vt 0.419940 0.551642
vt 0.444118 0.544061
vt 0.394898 0.556241
vt 0.417902 0.544614
vt 0.369418 0.550510
vt 0.393869 0.549029
vt 0.343939 0.556241
vt 0.369418 0.557785
vt 0.320935 0.544614
vt 0.344968 0.549029
vt 0.318897 0.551642
vt 0.297733 0.537342
vt 0.271819 0.533631
vt 0.294719 0.544061
vt 0.255383 0.514761
vt 0.275756 0.527332
vt 0.250588 0.520530
vt 0.236961 0.499838
vt 0.214556 0.487253
vt 0.231391 0.504983
vt 0.200370 0.467646
vt 0.220804 0.482825
vt 0.207191 0.464009
vt 0.201794 0.441631
vt 0.194167 0.420877
vt 0.189536 0.399380
vt 0.187984 0.377508
vt 0.189536 0.355637
vt 0.194167 0.334140
vt 0.201794 0.313386
vt 0.212292 0.293728
vt 0.225476 0.275502
vt 0.241124 0.259024
vt 0.258967 0.244572
vt 0.278702 0.232396
vt 0.299987 0.222700
vt 0.322459 0.215656
vt 0.345736 0.211379
vt 0.369418 0.209947
vt 0.393101 0.211379
vt 0.416378 0.215656
vt 0.438850 0.222700
vt 0.460135 0.232396
vt 0.479870 0.244572
vt 0.497713 0.259024
vt 0.513360 0.275502
vt 0.526545 0.293728
vt 0.537043 0.313386
vt 0.544670 0.334140
vt 0.549301 0.355637
vt 0.550854 0.377508
vt 0.549301 0.399380
vt 0.544670 0.420877
vt 0.537043 0.441631
vt 0.526545 0.461289
vt 0.513360 0.479515
vt 0.497713 0.495994
vt 0.479870 0.510445
vt 0.460135 0.522621
vt 0.438850 0.532317
vt 0.416378 0.539361
vt 0.393101 0.543637
vt 0.369418 0.545072
vt 0.345736 0.543637
vt 0.322459 0.539361
vt 0.299987 0.532317
vt 0.278702 0.522621
vt 0.258967 0.510445
vt 0.241124 0.495994
vt 0.225476 0.479515
vt 0.212292 0.461289
vt 0.279000 0.377508
vt 0.279774 0.366610
vt 0.282082 0.355896
vt 0.285883 0.345553
vt 0.291114 0.335757
vt 0.297686 0.326675
vt 0.305484 0.318463
vt 0.314377 0.311261
vt 0.324210 0.305192
vt 0.334817 0.300360
vt 0.346016 0.296850
vt 0.357617 0.294718
vt 0.369418 0.294005
vt 0.381220 0.294718
vt 0.392821 0.296850
vt 0.404020 0.300360
vt 0.414627 0.305192
vt 0.424462 0.311261
vt 0.433353 0.318463
vt 0.441151 0.326675
vt 0.447722 0.335757
vt 0.452954 0.345553
vt 0.456755 0.355896
vt 0.459063 0.366610
vt 0.459837 0.377508
vt 0.459063 0.388407
vt 0.456755 0.399122
vt 0.452954 0.409464
vt 0.447722 0.419260
vt 0.441151 0.428344
vt 0.433353 0.436554
vt 0.424462 0.443756
vt 0.414627 0.449825
vt 0.404020 0.454657
vt 0.392821 0.458167
vt 0.381220 0.460299
vt 0.369418 0.461014
vt 0.357617 0.460299
vt 0.346016 0.458167
vt 0.334817 0.454657
vt 0.324210 0.449825
vt 0.314377 0.443756
vt 0.305484 0.436554
vt 0.297686 0.428344
vt 0.291114 0.419260
vt 0.285883 0.409464
vt 0.282082 0.399122
vt 0.279774 0.388407
vt 0.280820 0.377508
vt 0.281579 0.366828
vt 0.283840 0.356331
vt 0.287565 0.346197
vt 0.292691 0.336598
vt 0.299129 0.327697
vt 0.306771 0.319651
vt 0.315483 0.312594
vt 0.325120 0.306647
vt 0.335515 0.301913
vt 0.346488 0.298474
vt 0.357854 0.296386
vt 0.369418 0.295686
vt 0.380983 0.296386
vt 0.392349 0.298474
vt 0.403322 0.301913
vt 0.413716 0.306647
vt 0.423353 0.312594
vt 0.432066 0.319651
vt 0.439707 0.327697
vt 0.446146 0.336598
vt 0.451272 0.346197
vt 0.454996 0.356331
vt 0.457257 0.366828
vt 0.458016 0.377508
vt 0.457257 0.388189
vt 0.454996 0.398686
vt 0.451272 0.408820
vt 0.446146 0.418420
vt 0.439707 0.427320
vt 0.432066 0.435366
vt 0.423353 0.442423
vt 0.413716 0.448370
vt 0.403322 0.453104
vt 0.392349 0.456544
vt 0.380983 0.458631
vt 0.369418 0.459332
vt 0.357854 0.458631
vt 0.346488 0.456544
vt 0.335515 0.453104
vt 0.325120 0.448370
vt 0.315483 0.442423
vt 0.306771 0.435366
vt 0.299129 0.427320
vt 0.292691 0.418420
vt 0.287565 0.408820
vt 0.283840 0.398686
vt 0.281579 0.388189
vt 0.286487 0.377508
vt 0.287197 0.387507
vt 0.287197 0.367512
vt 0.289314 0.357686
vt 0.292800 0.348199
vt 0.297599 0.339213
vt 0.303626 0.330883
vt 0.318933 0.316746
vt 0.310778 0.323352
vt 0.327953 0.311180
vt 0.337682 0.306748
vt 0.347955 0.303529
vt 0.358595 0.301574
vt 0.369418 0.300918
vt 0.380244 0.301574
vt 0.401154 0.306748
vt 0.390882 0.303529
vt 0.410884 0.311180
vt 0.419904 0.316746
vt 0.435211 0.330883
vt 0.428059 0.323352
vt 0.441238 0.339213
vt 0.446037 0.348199
vt 0.449523 0.357686
vt 0.451640 0.367512
vt 0.452350 0.377508
vt 0.451640 0.387507
vt 0.446037 0.406818
vt 0.449523 0.397331
vt 0.441238 0.415804
vt 0.435211 0.424134
vt 0.419904 0.438273
vt 0.428059 0.431666
vt 0.401154 0.448269
vt 0.410884 0.443837
vt 0.390882 0.451490
vt 0.369418 0.454099
vt 0.380244 0.453443
vt 0.358595 0.453443
vt 0.347955 0.451490
vt 0.337682 0.448269
vt 0.318933 0.438273
vt 0.327953 0.443837
vt 0.303626 0.424134
vt 0.310778 0.431666
vt 0.297599 0.415804
vt 0.292800 0.406818
vt 0.289314 0.397331
vt 0.369418 0.593380
vt 0.399927 0.591534
vt 0.429916 0.586025
vt 0.458868 0.576948
vt 0.486290 0.564459
vt 0.511713 0.548772
vt 0.595198 0.433380
vt 0.601163 0.405685
vt 0.572946 0.221137
vt 0.571264 0.197429
vt 0.579956 0.216811
vt 0.557434 0.214073
vt 0.556883 0.212573
vt 0.556548 0.211018
vt 0.554211 0.207573
vt 0.556435 0.209438
vt 0.556548 0.207857
vt 0.557434 0.204803
vt 0.556883 0.206302
vt 0.558192 0.203382
vt 0.559146 0.202064
vt 0.560276 0.200872
vt 0.562994 0.198947
vt 0.561567 0.199828
vt 0.564532 0.198248
vt 0.567840 0.197429
vt 0.566156 0.197738
vt 0.569551 0.197325
vt 0.574569 0.198248
vt 0.572946 0.197738
vt 0.576109 0.198947
vt 0.577535 0.199828
vt 0.558192 0.215493
vt 0.559146 0.216811
vt 0.560276 0.218003
vt 0.561567 0.219047
vt 0.562994 0.219928
vt 0.564532 0.220629
vt 0.566156 0.221137
vt 0.567840 0.221446
vt 0.580910 0.203382
vt 0.582220 0.206302
vt 0.581669 0.204803
vt 0.582666 0.209438
vt 0.582553 0.207857
vt 0.584891 0.211304
vt 0.583846 0.214907
vt 0.582950 0.216583
vt 0.581827 0.218138
vt 0.580493 0.219542
vt 0.578971 0.220775
vt 0.577287 0.221813
vt 0.575472 0.222640
vt 0.574569 0.220629
vt 0.576109 0.219928
vt 0.577535 0.219047
vt 0.578825 0.218003
vt 0.580910 0.215493
vt 0.581669 0.214073
vt 0.582220 0.212573
vt 0.582553 0.211018
vt 0.527859 0.635535
vt 0.530590 0.635535
vt 0.499193 0.635535
vt 0.455675 0.635535
vt 0.450215 0.635535
vt 0.447484 0.635535
vt 0.418817 0.635535
vt 0.375300 0.635535
vt 0.369839 0.635535
vt 0.367108 0.635535
vt 0.544157 0.709083
vt 0.564878 0.711603
vt 0.557810 0.712462
vt 0.576184 0.705737
vt 0.571462 0.665404
vt 0.577118 0.669412
vt 0.581458 0.674636
vt 0.584185 0.693770
vt 0.571462 0.709083
vt 0.550743 0.711603
vt 0.534163 0.699853
vt 0.538503 0.705074
vt 0.531437 0.693770
vt 0.530504 0.687244
vt 0.531437 0.680716
vt 0.534163 0.674636
vt 0.538503 0.669412
vt 0.544157 0.665404
vt 0.550743 0.662886
vt 0.557810 0.662027
vt 0.564878 0.662886
vt 0.571999 0.679679
vt 0.557180 0.686234
vt 0.557194 0.682344
vt 0.553523 0.684301
vt 0.547923 0.675343
vt 0.549618 0.674140
vt 0.551595 0.673385
vt 0.553570 0.672628
vt 0.562051 0.672628
vt 0.566001 0.674140
vt 0.569394 0.676545
vt 0.546227 0.676545
vt 0.543622 0.679679
vt 0.541426 0.687244
vt 0.541985 0.683327
vt 0.541985 0.691160
vt 0.543622 0.694809
vt 0.546227 0.697943
vt 0.549618 0.700347
vt 0.553570 0.701859
vt 0.557810 0.702375
vt 0.562051 0.701859
vt 0.569394 0.697943
vt 0.577118 0.705074
vt 0.571999 0.694809
vt 0.581458 0.699853
vt 0.573636 0.691160
vt 0.573636 0.683327
vt 0.541426 0.954442
vt 0.111377 0.954442
vt 0.105916 0.954442
vt 0.073149 0.954442
vt 0.073149 0.828800
vt 0.074970 0.826865
vt 0.104095 0.788300
vt 0.105916 0.786918
vt 0.104095 0.826865
vt 0.111377 0.786918
vt 0.105916 0.828800
vt 0.541426 0.786918
vt 0.534145 0.948914
vt 0.534145 0.794657
vt 0.118658 0.794657
vt 0.118658 0.948914
vt 0.105916 0.933501
vt 0.105916 0.912560
vt 0.105916 0.891620
vt 0.105916 0.870679
vt 0.104095 0.830182
vt 0.104095 0.868746
vt 0.074970 0.830182
vt 0.074970 0.868746
vt 0.073149 0.870679
vt 0.104095 0.872061
vt 0.104095 0.889685
vt 0.074970 0.889685
vt 0.073149 0.891620
vt 0.074970 0.872061
vt 0.073149 0.912560
vt 0.074970 0.910625
vt 0.104095 0.893002
vt 0.104095 0.910625
vt 0.074970 0.893002
vt 0.074970 0.913942
vt 0.104095 0.931566
vt 0.104095 0.913942
vt 0.073149 0.933501
vt 0.074970 0.931566
vt 0.074970 0.952507
vt 0.074970 0.934883
vt 0.104095 0.952507
vt 0.104095 0.934883
vt 0.606484 0.578880
vt 0.608506 0.578352
vt 0.606944 0.580736
vt 0.606944 0.577026
vt 0.608173 0.577014
vt 0.608258 0.575452
vt 0.608506 0.575675
vt 0.609453 0.574541
vt 0.610225 0.574401
vt 0.610873 0.573782
vt 0.611231 0.573853
vt 0.610115 0.574450
vt 0.612545 0.573517
vt 0.612545 0.574031
vt 0.612545 0.576083
vt 0.610225 0.576575
vt 0.608258 0.577975
vt 0.606944 0.580074
vt 0.606484 0.582547
vt 0.608258 0.582308
vt 0.606944 0.585021
vt 0.610225 0.583358
vt 0.608258 0.587118
vt 0.612545 0.583729
vt 0.610225 0.588518
vt 0.614865 0.588518
vt 0.614865 0.583358
vt 0.616831 0.587118
vt 0.616831 0.582308
vt 0.618145 0.585021
vt 0.618145 0.580736
vt 0.618607 0.582547
vt 0.618607 0.578880
vt 0.618145 0.580074
vt 0.618145 0.577026
vt 0.616831 0.577975
vt 0.616831 0.575452
vt 0.614865 0.576575
vt 0.614865 0.574401
vt 0.612545 0.578024
vt 0.614865 0.578515
vt 0.616831 0.579917
vt 0.618145 0.582014
vt 0.618607 0.584488
vt 0.618145 0.586961
vt 0.616831 0.589059
vt 0.614865 0.590460
vt 0.612545 0.589011
vt 0.612545 0.590952
vt 0.610225 0.590460
vt 0.608258 0.589059
vt 0.606944 0.586961
vt 0.606484 0.584488
vt 0.606944 0.582014
vt 0.608258 0.579917
vt 0.610225 0.578515
vt 0.614218 0.573782
vt 0.616585 0.575675
vt 0.616918 0.577014
vt 0.616585 0.578352
vt 0.614218 0.580245
vt 0.615636 0.579487
vt 0.612545 0.580511
vt 0.610873 0.580245
vt 0.609453 0.579487
vt 0.610115 0.578335
vt 0.609371 0.577444
vt 0.609371 0.575341
vt 0.609110 0.576392
vt 0.612545 0.579139
vt 0.612545 0.573645
vt 0.611231 0.578930
vt 0.613860 0.578930
vt 0.614974 0.578335
vt 0.615718 0.577444
vt 0.615980 0.576392
vt 0.615718 0.575341
vt 0.614974 0.574450
vt 0.615636 0.574541
vt 0.613860 0.573853
vt 0.373412 0.699853
vt 0.377752 0.705074
vt 0.424364 0.687244
vt 0.423433 0.693770
vt 0.415433 0.705737
vt 0.404125 0.711603
vt 0.397059 0.712462
vt 0.416367 0.705074
vt 0.410711 0.709083
vt 0.389992 0.711603
vt 0.383406 0.709083
vt 0.378684 0.705737
vt 0.388867 0.700347
vt 0.382871 0.694809
vt 0.385474 0.697943
vt 0.381234 0.691160
vt 0.370684 0.693770
vt 0.369753 0.687244
vt 0.370684 0.680716
vt 0.373412 0.674636
vt 0.377752 0.669412
vt 0.383406 0.665404
vt 0.389992 0.662886
vt 0.397059 0.662027
vt 0.404125 0.662886
vt 0.410711 0.665404
vt 0.416367 0.669412
vt 0.420707 0.674636
vt 0.423433 0.680716
vt 0.420707 0.699853
vt 0.411246 0.694809
vt 0.408643 0.697943
vt 0.401298 0.701859
vt 0.397059 0.702375
vt 0.392819 0.701859
vt 0.411246 0.679679
vt 0.396427 0.686234
vt 0.396443 0.682344
vt 0.392772 0.684301
vt 0.387170 0.675343
vt 0.388867 0.674140
vt 0.390842 0.673385
vt 0.392819 0.672628
vt 0.401298 0.672628
vt 0.405250 0.674140
vt 0.408643 0.676545
vt 0.412883 0.683327
vt 0.413442 0.687244
vt 0.385474 0.676545
vt 0.381234 0.683327
vt 0.380675 0.687244
vt 0.470367 0.711603
vt 0.477434 0.702375
vt 0.477434 0.712462
vt 0.463781 0.709083
vt 0.473194 0.701859
vt 0.484502 0.711603
vt 0.495809 0.705737
vt 0.504739 0.687244
vt 0.503809 0.693770
vt 0.459059 0.705737
vt 0.453788 0.699853
vt 0.458127 0.705074
vt 0.451059 0.693770
vt 0.450129 0.687244
vt 0.451059 0.680716
vt 0.453788 0.674636
vt 0.458127 0.669412
vt 0.463781 0.665404
vt 0.470367 0.662886
vt 0.477434 0.662027
vt 0.484502 0.662886
vt 0.491087 0.665404
vt 0.496742 0.669412
vt 0.501082 0.674636
vt 0.503809 0.680716
vt 0.501082 0.699853
vt 0.496742 0.705074
vt 0.491087 0.709083
vt 0.491624 0.679679
vt 0.476804 0.686234
vt 0.476819 0.682344
vt 0.473147 0.684301
vt 0.467546 0.675343
vt 0.469242 0.674140
vt 0.471219 0.673385
vt 0.473194 0.672628
vt 0.481676 0.672628
vt 0.485626 0.674140
vt 0.489019 0.676545
vt 0.493260 0.683327
vt 0.493260 0.691160
vt 0.491624 0.694809
vt 0.489019 0.697943
vt 0.481676 0.701859
vt 0.465849 0.676545
vt 0.461610 0.683327
vt 0.461051 0.687244
vt 0.461610 0.691160
vt 0.463246 0.694809
vt 0.465849 0.697943
vt 0.469242 0.700347
vt 0.177002 0.480107
vt 0.177505 0.476324
vt 0.193112 0.498614
vt 0.211737 0.518831
vt 0.234161 0.540301
vt 0.216398 0.523135
vt 0.256714 0.551706
vt 0.262422 0.554749
vt 0.309373 0.572710
vt 0.337475 0.578279
vt 0.366123 0.580411
vt 0.398420 0.580949
vt 0.372714 0.580411
vt 0.401363 0.578278
vt 0.429463 0.572710
vt 0.476415 0.554749
vt 0.482122 0.551706
vt 0.526527 0.522605
vt 0.522441 0.523135
vt 0.527101 0.518831
vt 0.558038 0.481595
vt 0.561333 0.476324
vt 0.580780 0.432963
vt 0.589702 0.404293
vt 0.586810 0.407011
vt 0.589119 0.380552
vt 0.589119 0.374465
vt 0.586810 0.348008
vt 0.580780 0.322054
vt 0.561333 0.278693
vt 0.558038 0.273422
vt 0.527101 0.236188
vt 0.522441 0.231884
vt 0.480510 0.199805
vt 0.500550 0.214683
vt 0.476415 0.200269
vt 0.429463 0.182307
vt 0.398420 0.174068
vt 0.401363 0.176739
vt 0.394829 0.175945
vt 0.366123 0.174606
vt 0.337475 0.176739
vt 0.309373 0.182307
vt 0.262422 0.200269
vt 0.234161 0.214716
vt 0.238287 0.214683
vt 0.233059 0.218388
vt 0.197124 0.251575
vt 0.177002 0.274911
vt 0.193112 0.256404
vt 0.177505 0.278693
vt 0.165181 0.302672
vt 0.152028 0.348008
vt 0.149718 0.374465
vt 0.149136 0.404293
vt 0.151167 0.400976
vt 0.152028 0.407011
vt 0.158057 0.432963
vt 0.073974 0.142558
vt 0.073974 0.042551
vt 0.059556 0.059905
vt 0.405250 0.700347
vt 0.794007 0.314897
vt 0.794007 0.313863
vt 0.750487 0.313863
vt 0.750487 0.312829
vt 0.736480 0.089170
vt 0.737600 0.089170
vt 0.737600 0.048980
vt 0.738719 0.048980
vt 0.881212 0.160230
vt 0.881212 0.159196
vt 0.837695 0.159196
vt 0.837695 0.158163
vt 0.706799 0.324984
vt 0.706799 0.323950
vt 0.663282 0.323950
vt 0.663282 0.322916
vt 0.968417 0.160230
vt 0.968417 0.159196
vt 0.924900 0.159196
vt 0.924900 0.158163
vt 14.629000 3.534810
vt 0.111206 0.423966
vt 18.401100 3.534810
vt 0.942419 0.910716
vt 0.930834 0.892187
vt 0.942419 0.881488
vt 0.950898 0.881488
vt 0.954850 0.909205
vt 0.942419 0.515433
vt 0.932471 0.493253
vt 0.942419 0.486204
vt 0.950898 0.486204
vt 0.954850 0.513921
vt 0.938467 0.606438
vt 0.932471 0.585769
vt 0.942419 0.578720
vt 0.950898 0.578720
vt 0.954850 0.606438
vt 0.942419 0.700467
vt 0.935074 0.696549
vt 0.932471 0.678287
vt 0.946659 0.670722
vt 0.942419 0.792982
vt 0.932471 0.770803
vt 0.938467 0.765265
vt 0.946659 0.763238
vt 0.954850 0.765265
vt 0.950831 0.960001
vt 0.851262 0.909205
vt 0.845266 0.888537
vt 0.851262 0.882999
vt 0.867645 0.882999
vt 0.867645 0.909205
vt 0.851262 0.580231
vt 0.863693 0.578720
vt 0.851262 0.606438
vt 0.855212 0.700467
vt 0.847869 0.696549
vt 0.845266 0.678287
vt 0.859453 0.670722
vt 0.851262 0.791471
vt 0.845266 0.770803
vt 0.851262 0.765265
vt 0.859453 0.763238
vt 0.851262 0.513921
vt 0.845266 0.493253
vt 0.851262 0.487716
vt 0.863693 0.486204
vt 0.867645 0.513921
vt 0.764056 0.909205
vt 0.764056 0.882999
vt 0.776487 0.881488
vt 0.764056 0.513921
vt 0.764056 0.487716
vt 0.776487 0.486204
vt 0.764056 0.606438
vt 0.764056 0.580231
vt 0.776487 0.578720
vt 0.768006 0.700467
vt 0.760663 0.696549
vt 0.760663 0.675153
vt 0.772248 0.670722
vt 0.764056 0.791471
vt 0.764056 0.765265
vt 0.772248 0.763238
vt 16.514999 3.534810
vt 20.287201 3.534810
vt 0.676849 0.513921
vt 0.669217 0.496903
vt 0.680801 0.486204
vt 0.693232 0.487716
vt 0.693232 0.513921
vt 0.680801 0.910716
vt 0.669217 0.892187
vt 0.680801 0.881488
vt 0.693232 0.882999
vt 0.693232 0.909205
vt 0.680801 0.700467
vt 0.673456 0.696549
vt 0.670853 0.678287
vt 0.685041 0.670722
vt 0.669217 0.589419
vt 0.673456 0.582636
vt 0.680801 0.578720
vt 0.693232 0.580231
vt 0.693232 0.606438
vt 0.693232 0.791471
vt 0.680801 0.792982
vt 0.673456 0.789067
vt 0.670853 0.770803
vt 0.685041 0.763238
vt 0.693232 0.765265
vt 0.776418 0.960001
vt 0.863624 0.960001
vt 0.689213 0.960001
vt 0.111206 0.422932
vt 0.067688 0.422932
vt 0.067688 0.421898
vt 0.077605 0.193712
vt 0.108286 0.144634
vt 0.101290 0.193712
vt 0.089447 0.195888
vt 1.747560 5.410830
vt 0.073974 0.092053
vt 0.058501 0.067302
vt 0.089447 0.038722
vt 0.108286 0.044628
vt 0.108286 0.089976
vt 0.557810 0.672114
vt 0.574193 0.687244
vt 0.566001 0.700347
vt 0.074970 0.788300
vt 0.397059 0.672114
vt 0.412883 0.691160
vt 0.382871 0.679679
vt 0.477434 0.672114
vt 0.493817 0.687244
vt 0.485626 0.700347
vt 0.463246 0.679679
s 0
usemtl SlipButton_Mat
f 3378/2398/950 3487/2489/951 3485/2488/951
f 3472/2475/952 3488/2490/949 3489/2491/948
f 3474/2477/953 3488/2490/954 3473/2476/954
f 3475/2478/955 3490/2492/956 3474/2477/956
f 3475/2478/957 3492/2493/958 3491/2494/955
f 3476/2479/959 3493/2495/960 3492/2493/959
f 3477/2480/961 3494/2496/962 3493/2495/961
f 3478/2481/963 3495/2497/964 3494/2496/965
f 3479/2482/964 3496/2498/966 3495/2497/964
f 3481/2484/967 3497/2499/968 3496/2498/967
f 3483/2486/969 3497/2499/970 3482/2485/970
f 3483/2486/971 3499/2500/972 3498/2501/971
f 3484/2487/973 3487/2489/974 3499/2500/975
f 3490/2492/1 3498/2501/1 3512/2502/1
f 3378/2398/976 3500/2503/977 3486/2504/978
f 3380/2400/979 3500/2503/980 3379/2399/980
f 3381/2401/981 3501/2505/982 3380/2400/983
f 3381/2401/984 3503/2506/985 3502/2507/984
f 3383/2403/986 3503/2506/987 3382/2402/987
f 3384/2404/988 3504/2508/989 3383/2403/989
f 3385/2405/990 3505/2509/988 3384/2404/988
f 3386/2406/991 3506/2510/990 3385/2405/990
f 3387/2407/992 3507/2511/991 3386/2406/991
f 3398/2410/993 3508/2512/994 3387/2407/994
f 3398/2410/995 3510/2513/996 3509/2514/995
f 3400/2412/997 3510/2513/998 3399/2411/998
f 3400/2412/999 3512/2502/1000 3511/2515/999
f 3401/2413/1001 3513/2516/1002 3512/2502/1001
f 3402/2414/1003 3514/2517/1004 3513/2516/1003
f 3403/2415/1005 3515/2518/1006 3514/2517/1005
f 3404/2416/1006 3516/2519/1007 3515/2518/1006
f 3406/2418/1008 3516/2519/1009 3405/2417/1009
f 3406/2418/1010 3518/2520/947 3517/2521/1010
f 3408/2420/1011 3518/2520/1012 3407/2419/1012
f 3408/2420/1013 3520/2522/1014 3519/2523/1015
f 3410/2422/1016 3520/2522/1017 3409/2421/1018
f 3410/2422/1019 3522/2524/1020 3521/2525/1019
f 3411/2423/1020 3523/2526/1021 3522/2524/1020
f 3461/2464/1022 3523/2526/1023 3412/2424/1023
f 3462/2465/1024 3524/2527/1025 3461/2464/1025
f 3462/2465/1026 3526/2528/1027 3525/2529/1026
f 3464/2467/1028 3526/2528/1027 3463/2466/1027
f 3464/2467/1029 3528/2530/1030 3527/2531/1029
f 3466/2469/1031 3528/2530/1030 3465/2468/1030
f 3466/2469/1032 3530/2532/1033 3529/2533/1032
f 3468/2471/1034 3530/2532/1033 3467/2470/1033
f 3470/2473/1035 3531/2534/1036 3468/2471/1036
f 3471/2474/1037 3532/2535/1038 3470/2473/1038
f 3472/2475/1039 3533/2536/1040 3471/2474/1037
f 5243/2398/1337 5352/2489/1338 5350/2488/1338
f 5337/2475/948 5353/2490/949 5354/2491/948
f 5339/2477/1376 5353/2490/949 5338/2476/949
f 5340/2478/955 5355/2492/956 5339/2477/956
f 5340/2478/957 5357/2493/959 5356/2494/957
f 5341/2479/2230 5358/2495/961 5357/2493/959
f 5342/2480/1372 5359/2496/962 5358/2495/1372
f 5343/2481/1371 5360/2497/1369 5359/2496/1371
f 5344/2482/1368 5361/2498/966 5360/2497/1368
f 5346/2484/967 5362/2499/970 5361/2498/967
f 5348/2486/969 5362/2499/970 5347/2485/970
f 5348/2486/2231 5364/2500/1336 5363/2501/2231
f 5349/2487/2232 5352/2489/2233 5364/2500/1336
f 5355/2492/1 5363/2501/1 5377/2502/1
f 5243/2398/2234 5365/2503/2235 5351/2504/2234
f 5245/2400/979 5365/2503/980 5244/2399/980
f 5246/2401/981 5366/2505/983 5245/2400/983
f 5246/2401/1342 5368/2506/1346 5367/2507/1342
f 5248/2403/1347 5368/2506/1346 5247/2402/1346
f 5249/2404/2236 5369/2508/2237 5248/2403/2237
f 5250/2405/990 5370/2509/1348 5249/2404/1348
f 5251/2406/991 5371/2510/2238 5250/2405/2239
f 5252/2407/1352 5372/2511/991 5251/2406/991
f 5263/2410/1354 5373/2512/994 5252/2407/994
f 5263/2410/1354 5375/2513/1355 5374/2514/1354
f 5265/2412/1357 5375/2513/1356 5264/2411/1356
f 5266/2413/1000 5376/2515/1357 5265/2412/1357
f 5266/2413/1359 5378/2516/1002 5377/2502/1359
f 5267/2414/1002 5379/2517/1005 5378/2516/1358
f 5268/2415/2240 5380/2518/1006 5379/2517/1005
f 5269/2416/1006 5381/2519/1362 5380/2518/1006
f 5271/2418/2241 5381/2519/2242 5270/2417/2242
f 5271/2418/2228 5383/2520/2243 5382/2521/2228
f 5273/2420/1011 5383/2520/1012 5272/2419/1012
f 5273/2420/2244 5385/2522/2245 5384/2523/2244
f 5275/2422/1016 5385/2522/1014 5274/2421/1014
f 5275/2422/1019 5387/2524/1020 5386/2525/1019
f 5276/2423/1020 5388/2526/1021 5387/2524/1020
f 5326/2464/1022 5388/2526/1023 5277/2424/2246
f 5327/2465/1024 5389/2527/1022 5326/2464/1022
f 5327/2465/1392 5391/2528/1027 5390/2529/1392
f 5329/2467/1391 5391/2528/1390 5328/2466/1390
f 5329/2467/1028 5393/2530/2247 5392/2531/1028
f 5331/2469/1031 5393/2530/2248 5330/2468/2248
f 5331/2469/1386 5395/2532/1033 5394/2533/1386
f 5333/2471/1034 5395/2532/2249 5332/2470/2249
f 5335/2473/2250 5396/2534/1034 5333/2471/1036
f 5336/2474/1382 5397/2535/1035 5335/2473/1035
f 5337/2475/2251 5398/2536/1334 5336/2474/1334
f 3378/2398/2858 3486/2504/2858 3487/2489/2859
f 3472/2475/948 3473/2476/949 3488/2490/949
f 3474/2477/1376 3490/2492/1376 3488/2490/949
f 3475/2478/2860 3491/2494/2860 3490/2492/2861
f 3475/2478/957 3476/2479/959 3492/2493/959
f 3476/2479/959 3477/2480/2862 3493/2495/2863
f 3477/2480/2863 3478/2481/1371 3494/2496/2281
f 3478/2481/1371 3479/2482/1369 3495/2497/1369
f 3479/2482/964 3481/2484/2864 3496/2498/967
f 3481/2484/2865 3482/2485/2866 3497/2499/1365
f 3483/2486/2867 3498/2501/2867 3497/2499/1365
f 3483/2486/971 3484/2487/972 3499/2500/972
f 3484/2487/972 3485/2488/1335 3487/2489/1335
f 3498/2501/1 3499/2500/1 3487/2489/1
f 3487/2489/1 3486/2504/1 3498/2501/1
f 3486/2504/1 3500/2503/1 3498/2501/1
f 3500/2503/1 3501/2505/1 3504/2508/1
f 3501/2505/1 3502/2507/1 3504/2508/1
f 3502/2507/361 3503/2506/361 3504/2508/361
f 3504/2508/1 3505/2509/1 3506/2510/1
f 3506/2510/1 3507/2511/1 3508/2512/1
f 3508/2512/1 3509/2514/1 3510/2513/1
f 3510/2513/1 3511/2515/1 3508/2512/1
f 3511/2515/1 3512/2502/1 3508/2512/1
f 3512/2502/1 3513/2516/1 3514/2517/1
f 3514/2517/1 3515/2518/1 3512/2502/1
f 3515/2518/1 3516/2519/1 3512/2502/1
f 3516/2519/1 3517/2521/1 3520/2522/1
f 3517/2521/1 3518/2520/1 3520/2522/1
f 3518/2520/370 3519/2523/370 3520/2522/370
f 3520/2522/1 3521/2525/1 3524/2527/1
f 3521/2525/1 3522/2524/1 3524/2527/1
f 3522/2524/361 3523/2526/361 3524/2527/361
f 3524/2527/1 3525/2529/1 3526/2528/1
f 3526/2528/1 3527/2531/1 3524/2527/1
f 3527/2531/1 3528/2530/1 3524/2527/1
f 3528/2530/1 3529/2533/1 3532/2535/1
f 3529/2533/1 3530/2532/1 3532/2535/1
f 3530/2532/1 3531/2534/1 3532/2535/1
f 3532/2535/1 3533/2536/1 3490/2492/1
f 3533/2536/1 3489/2491/1 3490/2492/1
f 3489/2491/1 3488/2490/1 3490/2492/1
f 3490/2492/1 3491/2494/1 3492/2493/1
f 3492/2493/1 3493/2495/1 3494/2496/1
f 3494/2496/1 3495/2497/1 3496/2498/1
f 3496/2498/1 3497/2499/1 3494/2496/1
f 3497/2499/1 3498/2501/1 3494/2496/1
f 3504/2508/1 3506/2510/1 3508/2512/1
f 3490/2492/1 3492/2493/1 3498/2501/1
f 3492/2493/1 3494/2496/1 3498/2501/1
f 3498/2501/1 3500/2503/1 3504/2508/1
f 3504/2508/1 3508/2512/1 3512/2502/1
f 3512/2502/1 3516/2519/1 3520/2522/1
f 3520/2522/1 3524/2527/1 3528/2530/1
f 3528/2530/1 3532/2535/1 3490/2492/1
f 3498/2501/1 3504/2508/1 3512/2502/1
f 3512/2502/1 3520/2522/1 3528/2530/1
f 3528/2530/1 3490/2492/1 3512/2502/1
f 3378/2398/2234 3379/2399/2235 3500/2503/2235
f 3380/2400/2868 3501/2505/2868 3500/2503/2235
f 3381/2401/984 3502/2507/984 3501/2505/982
f 3381/2401/1342 3382/2402/1346 3503/2506/1346
f 3383/2403/2237 3504/2508/2237 3503/2506/1344
f 3384/2404/1349 3505/2509/988 3504/2508/2869
f 3385/2405/2870 3506/2510/2870 3505/2509/2871
f 3386/2406/2273 3507/2511/2273 3506/2510/2872
f 3387/2407/994 3508/2512/994 3507/2511/1351
f 3398/2410/993 3509/2514/993 3508/2512/2873
f 3398/2410/1354 3399/2411/1355 3510/2513/1355
f 3400/2412/1357 3511/2515/2874 3510/2513/1356
f 3400/2412/1357 3401/2413/1001 3512/2502/1001
f 3401/2413/1359 3402/2414/1002 3513/2516/1358
f 3402/2414/2875 3403/2415/2276 3514/2517/2276
f 3403/2415/1005 3404/2416/2876 3515/2518/2876
f 3404/2416/1006 3405/2417/1009 3516/2519/1009
f 3406/2418/1008 3517/2521/1008 3516/2519/1009
f 3406/2418/1010 3407/2419/1012 3518/2520/947
f 3408/2420/2877 3519/2523/2877 3518/2520/947
f 3408/2420/2244 3409/2421/2245 3520/2522/2245
f 3410/2422/2878 3521/2525/2879 3520/2522/2245
f 3410/2422/1016 3411/2423/2284 3522/2524/2284
f 3411/2423/1020 3412/2424/1023 3523/2526/1023
f 3461/2464/1022 3524/2527/1022 3523/2526/2880
f 3462/2465/1392 3525/2529/1392 3524/2527/1022
f 3462/2465/1024 3463/2466/2881 3526/2528/2881
f 3464/2467/1391 3527/2531/1391 3526/2528/1390
f 3464/2467/2288 3465/2468/1387 3528/2530/1387
f 3466/2469/1031 3529/2533/1031 3528/2530/2248
f 3466/2469/1032 3467/2470/1033 3530/2532/1033
f 3468/2471/2882 3531/2534/2882 3530/2532/1033
f 3470/2473/2250 3532/2535/1035 3531/2534/1034
f 3471/2474/1382 3533/2536/1382 3532/2535/1035
f 3472/2475/2251 3489/2491/1039 3533/2536/1382
f 5243/2398/950 5351/2504/950 5352/2489/951
f 5337/2475/948 5338/2476/949 5353/2490/949
f 5339/2477/1376 5355/2492/1376 5353/2490/949
f 5340/2478/955 5356/2494/955 5355/2492/956
f 5340/2478/957 5341/2479/959 5357/2493/959
f 5341/2479/2925 5342/2480/2863 5358/2495/2863
f 5342/2480/1372 5343/2481/2281 5359/2496/962
f 5343/2481/1371 5344/2482/1369 5360/2497/1369
f 5344/2482/2279 5346/2484/967 5361/2498/967
f 5346/2484/967 5347/2485/970 5362/2499/970
f 5348/2486/969 5363/2501/969 5362/2499/970
f 5348/2486/971 5349/2487/972 5364/2500/972
f 5349/2487/1336 5350/2488/1335 5352/2489/1335
f 5363/2501/1 5364/2500/1 5352/2489/1
f 5352/2489/1 5351/2504/1 5363/2501/1
f 5351/2504/1 5365/2503/1 5363/2501/1
f 5365/2503/1 5366/2505/1 5369/2508/1
f 5366/2505/1 5367/2507/1 5369/2508/1
f 5367/2507/1 5368/2506/1 5369/2508/1
f 5369/2508/1 5370/2509/1 5371/2510/1
f 5371/2510/1 5372/2511/1 5373/2512/1
f 5373/2512/1 5374/2514/1 5375/2513/1
f 5375/2513/1 5376/2515/1 5373/2512/1
f 5376/2515/1 5377/2502/1 5373/2512/1
f 5377/2502/1 5378/2516/1 5379/2517/1
f 5379/2517/1 5380/2518/1 5377/2502/1
f 5380/2518/1 5381/2519/1 5377/2502/1
f 5381/2519/1 5382/2521/1 5385/2522/1
f 5382/2521/1 5383/2520/1 5385/2522/1
f 5383/2520/1 5384/2523/1 5385/2522/1
f 5385/2522/1 5386/2525/1 5389/2527/1
f 5386/2525/1 5387/2524/1 5389/2527/1
f 5387/2524/361 5388/2526/361 5389/2527/361
f 5389/2527/1 5390/2529/1 5391/2528/1
f 5391/2528/1 5392/2531/1 5389/2527/1
f 5392/2531/1 5393/2530/1 5389/2527/1
f 5393/2530/1 5394/2533/1 5397/2535/1
f 5394/2533/1 5395/2532/1 5397/2535/1
f 5395/2532/1 5396/2534/1 5397/2535/1
f 5397/2535/1 5398/2536/1 5355/2492/1
f 5398/2536/1 5354/2491/1 5355/2492/1
f 5354/2491/1 5353/2490/1 5355/2492/1
f 5355/2492/1 5356/2494/1 5357/2493/1
f 5357/2493/1 5358/2495/1 5359/2496/1
f 5359/2496/1 5360/2497/1 5361/2498/1
f 5361/2498/1 5362/2499/1 5359/2496/1
f 5362/2499/1 5363/2501/1 5359/2496/1
f 5369/2508/1 5371/2510/1 5373/2512/1
f 5355/2492/1 5357/2493/1 5363/2501/1
f 5357/2493/1 5359/2496/1 5363/2501/1
f 5363/2501/1 5365/2503/1 5369/2508/1
f 5369/2508/1 5373/2512/1 5377/2502/1
f 5377/2502/1 5381/2519/1 5385/2522/1
f 5385/2522/1 5389/2527/1 5393/2530/1
f 5393/2530/1 5397/2535/1 5355/2492/1
f 5363/2501/1 5369/2508/1 5377/2502/1
f 5377/2502/1 5385/2522/1 5393/2530/1
f 5393/2530/1 5355/2492/1 5377/2502/1
f 5243/2398/3287 5244/2399/1340 5365/2503/1340
f 5245/2400/3288 5366/2505/979 5365/2503/3289
f 5246/2401/3290 5367/2507/3290 5366/2505/979
f 5246/2401/981 5247/2402/1346 5368/2506/3291
f 5248/2403/1347 5369/2508/1347 5368/2506/1346
f 5249/2404/3292 5370/2509/2871 5369/2508/2869
f 5250/2405/990 5371/2510/990 5370/2509/1348
f 5251/2406/1351 5372/2511/1351 5371/2510/2872
f 5252/2407/994 5373/2512/994 5372/2511/2273
f 5263/2410/993 5374/2514/993 5373/2512/994
f 5263/2410/1354 5264/2411/1355 5375/2513/1355
f 5265/2412/1357 5376/2515/1357 5375/2513/1356
f 5266/2413/1000 5377/2502/1000 5376/2515/999
f 5266/2413/1001 5267/2414/1002 5378/2516/1002
f 5267/2414/3293 5268/2415/2276 5379/2517/2276
f 5268/2415/1005 5269/2416/2876 5380/2518/2876
f 5269/2416/1006 5270/2417/1007 5381/2519/1007
f 5271/2418/2241 5382/2521/2241 5381/2519/2242
f 5271/2418/1010 5272/2419/947 5383/2520/947
f 5273/2420/2244 5384/2523/2244 5383/2520/2282
f 5273/2420/1015 5274/2421/3294 5385/2522/3294
f 5275/2422/1019 5386/2525/1019 5385/2522/1014
f 5275/2422/1016 5276/2423/1020 5387/2524/1020
f 5276/2423/1020 5277/2424/1021 5388/2526/1023
f 5326/2464/1022 5389/2527/1022 5388/2526/2246
f 5327/2465/1392 5390/2529/1392 5389/2527/1022
f 5327/2465/1392 5328/2466/1390 5391/2528/1390
f 5329/2467/1028 5392/2531/1028 5391/2528/1027
f 5329/2467/2288 5330/2468/1387 5393/2530/1387
f 5331/2469/1032 5394/2533/2286 5393/2530/1387
f 5331/2469/3295 5332/2470/3296 5395/2532/3296
f 5333/2471/1034 5396/2534/1034 5395/2532/1033
f 5335/2473/2250 5397/2535/1035 5396/2534/1034
f 5336/2474/1382 5398/2536/1382 5397/2535/1035
f 5337/2475/1039 5354/2491/1039 5398/2536/1037
usemtl BrakeButton_mat
f 3429/2441/946 3430/2442/947 3431/2443/946
f 3432/2446/948 3457/2447/949 3458/2448/948
f 3456/2445/1334 3458/2448/1039 3918/3055/1334
f 3934/3056/1 3948/3057/1 3961/3058/1
f 3444/2462/1335 3919/3059/1336 3443/2461/1336
f 3445/2463/1337 3920/3060/1338 3444/2462/1338
f 3446/3061/980 3921/3062/1339 3445/2463/1339
f 3413/2425/979 3922/3063/1340 3446/3061/1340
f 3413/2425/1341 3924/3064/1342 3923/3065/1341
f 3414/2426/1343 3925/3066/1344 3924/3064/1345
f 3415/2427/1346 3926/3067/1347 3925/3066/1346
f 3416/2428/989 3927/3068/1348 3926/3067/989
f 3418/2430/990 3927/3068/988 3417/2429/1349
f 3418/2430/1350 3929/3069/1351 3928/3070/990
f 3420/2432/1352 3929/3069/991 3419/2431/991
f 3421/2433/1353 3930/3071/992 3420/2432/992
f 3421/2433/1354 3932/3072/1355 3931/3073/1354
f 3422/2434/1356 3933/3074/1357 3932/3072/1356
f 3424/2436/1000 3933/3074/1357 3423/2435/1357
f 3425/2437/1358 3934/3056/1359 3424/2436/1359
f 3425/2437/1003 3936/3075/1360 3935/3076/1002
f 3426/2438/1005 3937/3077/1361 3936/3075/1005
f 3428/2440/1362 3937/3077/1006 3427/2439/1006
f 3428/2440/1363 3431/2443/1010 3938/3078/1363
f 3443/2461/975 3961/3058/1364 3442/2459/1364
f 3442/2459/969 3960/3079/970 3441/2458/1365
f 3441/2458/1366 3959/3080/1367 3440/2457/1367
f 3440/2457/967 3958/3081/1368 3439/2456/1368
f 3439/2456/1369 3957/3082/1370 3438/2455/1371
f 3437/2454/1372 3957/3082/1370 3956/3083/1372
f 3436/2453/959 3956/3083/961 3955/3084/959
f 3435/2452/955 3955/3084/1373 3954/3085/957
f 3435/2452/1374 3953/3086/1375 3434/2451/1375
f 3434/2451/1376 3457/2447/949 3433/2450/949
f 2842/1915/1011 3430/2442/1012 2841/1914/1012
f 2843/1916/1377 3939/3087/1011 2842/1915/1011
f 2843/1916/1017 3941/3088/1016 3940/3089/1018
f 2845/1918/1020 3941/3088/1016 2844/1917/1016
f 2845/1918/1378 3943/3090/1379 3942/3091/1378
f 3447/3092/1380 3943/3090/1381 2846/1919/1381
f 3456/2445/1382 3952/3100/1035 3455/3099/1035
f 3455/3099/1383 3951/3101/1384 3454/3098/1384
f 3454/3098/1034 3950/3102/1385 3453/3097/1033
f 3453/3097/1033 3949/3103/1032 3452/3096/1032
f 3452/3096/1386 3948/3057/1387 3451/3095/1387
f 3450/3094/1388 3948/3057/1389 3947/3104/1029
f 3449/3093/1390 3947/3104/1391 3946/3105/1390
f 3449/3093/1390 3945/3106/1392 3448/2444/1392
f 3447/3092/1022 3945/3106/1024 3944/3107/1022
f 5294/2441/2228 5295/2442/1012 5296/2443/2229
f 5297/2446/948 5322/2447/949 5323/2448/948
f 5321/2445/1334 5323/2448/1039 5783/3055/1334
f 5818/3086/1 5826/3058/1 5799/3056/1
f 5309/2462/1338 5784/3059/1336 5308/2461/1336
f 5310/2463/1337 5785/3060/1338 5309/2462/1338
f 5311/3061/1340 5786/3062/2234 5310/2463/2234
f 5278/2425/983 5787/3063/977 5311/3061/977
f 5278/2425/983 5789/3064/981 5788/3065/983
f 5279/2426/1342 5790/3066/1346 5789/3064/1342
f 5281/2428/2237 5790/3066/1344 5280/2427/1344
f 5281/2428/2237 5792/3068/2236 5791/3067/2237
f 5283/2430/2272 5792/3068/988 5282/2429/988
f 5283/2430/1350 5794/3069/2273 5793/3070/1350
f 5285/2432/994 5794/3069/991 5284/2431/1351
f 5286/2433/2274 5795/3071/992 5285/2432/992
f 5286/2433/1354 5797/3072/1355 5796/3073/1354
f 5287/2434/1356 5798/3074/1357 5797/3072/1356
f 5289/2436/1000 5798/3074/1357 5288/2435/1357
f 5290/2437/1002 5799/3056/1001 5289/2436/1001
f 5290/2437/1003 5801/3075/1005 5800/3076/1003
f 5291/2438/1005 5802/3077/2275 5801/3075/2276
f 5293/2440/1009 5802/3077/2277 5292/2439/2278
f 5293/2440/1009 5296/2443/1008 5803/3078/1009
f 5308/2461/972 5826/3058/971 5307/2459/971
f 5307/2459/971 5825/3079/970 5306/2458/1366
f 5306/2458/970 5824/3080/967 5305/2457/967
f 5305/2457/967 5823/3081/2279 5304/2456/1369
f 5304/2456/2280 5822/3082/2281 5303/2455/2281
f 5302/2454/1372 5822/3082/1371 5821/3083/1372
f 5301/2453/959 5821/3083/961 5820/3084/959
f 5300/2452/957 5820/3084/959 5819/3085/957
f 5300/2452/955 5818/3086/956 5299/2451/956
f 5299/2451/1376 5322/2447/949 5298/2450/949
f 4707/1915/2244 5295/2442/2282 4706/1914/2282
f 4708/1916/1014 5804/3087/2283 4707/1915/2283
f 4708/1916/1014 5806/3088/1019 5805/3089/1014
f 4710/1918/1020 5806/3088/1016 4709/1917/1016
f 4710/1918/2284 5808/3090/1023 5807/3091/2284
f 4711/1919/1023 5809/3107/1025 5808/3090/1023
f 5321/2445/1382 5817/3100/1035 5320/3099/1035
f 5320/3099/2250 5816/3101/2285 5319/3098/1036
f 5319/3098/1034 5815/3102/2249 5318/3097/1033
f 5318/3097/1033 5814/3103/1386 5317/3096/1386
f 5317/3096/2286 5813/3057/1387 5316/3095/1387
f 5315/3094/1028 5813/3057/2287 5812/3104/2288
f 5314/3093/1390 5812/3104/1391 5811/3105/1390
f 5314/3093/1390 5810/3106/1392 5313/2444/1392
f 5312/3092/1022 5810/3106/1024 5809/3107/1022
f 3429/2441/2229 2841/1914/2243 3430/2442/2243
f 3432/2446/948 3433/2450/949 3457/2447/949
f 3456/2445/1040 3432/2446/1039 3458/2448/1039
f 3961/3058/1 3919/3059/1 3920/3060/1
f 3920/3060/1 3921/3062/1 3922/3063/1
f 3922/3063/1 3923/3065/1 3924/3064/1
f 3924/3064/1 3925/3066/1 3926/3067/1
f 3926/3067/1 3927/3068/1 3928/3070/1
f 3928/3070/1 3929/3069/1 3930/3071/1
f 3930/3071/1 3931/3073/1 3932/3072/1
f 3932/3072/1 3933/3074/1 3934/3056/1
f 3934/3056/1 3935/3076/1 3936/3075/1
f 3936/3075/1 3937/3077/1 3938/3078/1
f 3938/3078/1 3431/2443/1 3430/2442/1
f 3430/2442/1 3939/3087/1 3938/3078/1
f 3939/3087/1 3940/3089/1 3938/3078/1
f 3940/3089/1 3941/3088/1 3942/3091/1
f 3942/3091/1 3943/3090/1 3944/3107/1
f 3944/3107/1 3945/3106/1 3946/3105/1
f 3946/3105/1 3947/3104/1 3944/3107/1
f 3947/3104/1 3948/3057/1 3944/3107/1
f 3948/3057/1 3949/3103/1 3950/3102/1
f 3950/3102/1 3951/3101/1 3952/3100/1
f 3952/3100/1 3918/3055/1 3458/2448/1
f 3458/2448/1 3457/2447/1 3953/3086/1
f 3953/3086/1 3954/3085/1 3957/3082/1
f 3954/3085/1 3955/3084/1 3957/3082/1
f 3955/3084/1 3956/3083/1 3957/3082/1
f 3957/3082/1 3958/3081/1 3959/3080/1
f 3959/3080/1 3960/3079/1 3961/3058/1
f 3961/3058/1 3920/3060/1 3922/3063/1
f 3922/3063/1 3924/3064/1 3961/3058/1
f 3924/3064/1 3926/3067/1 3961/3058/1
f 3926/3067/1 3928/3070/1 3930/3071/1
f 3930/3071/1 3932/3072/1 3934/3056/1
f 3934/3056/1 3936/3075/1 3940/3089/1
f 3936/3075/1 3938/3078/1 3940/3089/1
f 3940/3089/1 3942/3091/1 3944/3107/1
f 3948/3057/1 3950/3102/1 3952/3100/1
f 3952/3100/1 3458/2448/1 3948/3057/1
f 3458/2448/1 3953/3086/1 3948/3057/1
f 3957/3082/1 3959/3080/1 3961/3058/1
f 3926/3067/1 3930/3071/1 3961/3058/1
f 3930/3071/1 3934/3056/1 3961/3058/1
f 3940/3089/1 3944/3107/1 3934/3056/1
f 3944/3107/1 3948/3057/1 3934/3056/1
f 3953/3086/1 3957/3082/1 3961/3058/1
f 3948/3057/1 3953/3086/1 3961/3058/1
f 3444/2462/974 3920/3060/974 3919/3059/2917
f 3445/2463/1337 3921/3062/1337 3920/3060/1335
f 3446/3061/1340 3922/3063/1340 3921/3062/2234
f 3413/2425/979 3923/3065/979 3922/3063/980
f 3413/2425/2868 3414/2426/2918 3924/3064/2918
f 3414/2426/1342 3415/2427/1346 3925/3066/1346
f 3415/2427/1346 3416/2428/1347 3926/3067/986
f 3416/2428/2237 3417/2429/2236 3927/3068/2236
f 3418/2430/1350 3928/3070/2872 3927/3068/1348
f 3418/2430/1350 3419/2431/1351 3929/3069/1351
f 3420/2432/994 3930/3071/994 3929/3069/2919
f 3421/2433/993 3931/3073/993 3930/3071/2920
f 3421/2433/2921 3422/2434/996 3932/3072/996
f 3422/2434/1356 3423/2435/997 3933/3074/997
f 3424/2436/1000 3934/3056/1000 3933/3074/1357
f 3425/2437/1358 3935/3076/1358 3934/3056/1359
f 3425/2437/1003 3426/2438/1005 3936/3075/1005
f 3426/2438/2922 3427/2439/2277 3937/3077/2277
f 3428/2440/1362 3938/3078/1007 3937/3077/2876
f 3428/2440/1009 3429/2441/2229 3431/2443/2229
f 3443/2461/2923 3919/3059/2923 3961/3058/969
f 3442/2459/2924 3961/3058/969 3960/3079/968
f 3441/2458/970 3960/3079/970 3959/3080/1367
f 3440/2457/2864 3959/3080/2864 3958/3081/1369
f 3439/2456/1369 3958/3081/964 3957/3082/1371
f 3437/2454/1372 3438/2455/1370 3957/3082/1370
f 3436/2453/2925 3437/2454/2863 3956/3083/2863
f 3435/2452/2926 3436/2453/2927 3955/3084/2927
f 3435/2452/955 3954/3085/955 3953/3086/956
f 3434/2451/1376 3953/3086/1376 3457/2447/949
f 2842/1915/2877 3939/3087/2877 3430/2442/2928
f 2843/1916/1014 3940/3089/1014 3939/3087/1013
f 2843/1916/1014 2844/1917/1019 3941/3088/1019
f 2845/1918/2284 3942/3091/2284 3941/3088/1016
f 2845/1918/2929 2846/1919/1379 3943/3090/1379
f 3447/3092/2930 3944/3107/2930 3943/3090/1381
f 3456/2445/1382 3918/3055/1382 3952/3100/1035
f 3455/3099/1035 3952/3100/1035 3951/3101/2285
f 3454/3098/2931 3951/3101/2932 3950/3102/2933
f 3453/3097/2934 3950/3102/1033 3949/3103/1386
f 3452/3096/1031 3949/3103/2935 3948/3057/2248
f 3450/3094/2288 3451/3095/2936 3948/3057/1387
f 3449/3093/2937 3450/3094/2288 3947/3104/2288
f 3449/3093/2881 3946/3105/2938 3945/3106/1024
f 3447/3092/1022 3448/2444/1024 3945/3106/1024
f 5294/2441/2228 4706/1914/1012 5295/2442/1012
f 5297/2446/3286 5298/2450/954 5322/2447/954
f 5321/2445/1334 5297/2446/2251 5323/2448/2251
f 5826/3058/1 5784/3059/1 5785/3060/1
f 5785/3060/1 5786/3062/1 5787/3063/1
f 5787/3063/1 5788/3065/1 5789/3064/1
f 5789/3064/1 5790/3066/1 5791/3067/1
f 5791/3067/1 5792/3068/1 5793/3070/1
f 5793/3070/1 5794/3069/1 5795/3071/1
f 5795/3071/1 5796/3073/1 5797/3072/1
f 5797/3072/1 5798/3074/1 5799/3056/1
f 5799/3056/1 5800/3076/1 5801/3075/1
f 5801/3075/1 5802/3077/1 5803/3078/1
f 5803/3078/1 5296/2443/1 5295/2442/1
f 5295/2442/1 5804/3087/1 5803/3078/1
f 5804/3087/1 5805/3089/1 5803/3078/1
f 5805/3089/1 5806/3088/1 5807/3091/1
f 5807/3091/1 5808/3090/1 5809/3107/1
f 5809/3107/1 5810/3106/1 5811/3105/1
f 5811/3105/1 5812/3104/1 5809/3107/1
f 5812/3104/1 5813/3057/1 5809/3107/1
f 5813/3057/1 5814/3103/1 5815/3102/1
f 5815/3102/1 5816/3101/1 5817/3100/1
f 5817/3100/1 5783/3055/1 5818/3086/1
f 5783/3055/1 5323/2448/1 5818/3086/1
f 5323/2448/1 5322/2447/1 5818/3086/1
f 5818/3086/1 5819/3085/1 5822/3082/1
f 5819/3085/1 5820/3084/1 5822/3082/1
f 5820/3084/1 5821/3083/1 5822/3082/1
f 5822/3082/1 5823/3081/1 5824/3080/1
f 5824/3080/1 5825/3079/1 5826/3058/1
f 5826/3058/1 5785/3060/1 5787/3063/1
f 5787/3063/1 5789/3064/1 5826/3058/1
f 5789/3064/1 5791/3067/1 5826/3058/1
f 5791/3067/1 5793/3070/1 5795/3071/1
f 5795/3071/1 5797/3072/1 5799/3056/1
f 5799/3056/1 5801/3075/1 5805/3089/1
f 5801/3075/1 5803/3078/1 5805/3089/1
f 5805/3089/1 5807/3091/1 5809/3107/1
f 5813/3057/1 5815/3102/1 5818/3086/1
f 5815/3102/1 5817/3100/1 5818/3086/1
f 5822/3082/1 5824/3080/1 5826/3058/1
f 5791/3067/1 5795/3071/1 5826/3058/1
f 5795/3071/1 5799/3056/1 5826/3058/1
f 5805/3089/1 5809/3107/1 5799/3056/1
f 5809/3107/1 5813/3057/1 5799/3056/1
f 5818/3086/1 5822/3082/1 5826/3058/1
f 5813/3057/1 5818/3086/1 5799/3056/1
f 5309/2462/2859 5785/3060/2859 5784/3059/972
f 5310/2463/2234 5786/3062/2234 5785/3060/1338
f 5311/3061/1340 5787/3063/1340 5786/3062/2234
f 5278/2425/3307 5788/3065/3307 5787/3063/1340
f 5278/2425/983 5279/2426/981 5789/3064/981
f 5279/2426/981 5280/2427/3291 5790/3066/1346
f 5281/2428/3308 5791/3067/3308 5790/3066/1346
f 5281/2428/989 5282/2429/1348 5792/3068/1348
f 5283/2430/990 5793/3070/990 5792/3068/1348
f 5283/2430/1350 5284/2431/1351 5794/3069/1351
f 5285/2432/994 5795/3071/994 5794/3069/2273
f 5286/2433/993 5796/3073/1354 5795/3071/994
f 5286/2433/1354 5287/2434/1355 5797/3072/1355
f 5287/2434/1356 5288/2435/1357 5798/3074/1357
f 5289/2436/1000 5799/3056/1000 5798/3074/1357
f 5290/2437/1358 5800/3076/1358 5799/3056/1359
f 5290/2437/1003 5291/2438/1005 5801/3075/1005
f 5291/2438/1005 5292/2439/2876 5802/3077/1361
f 5293/2440/1362 5803/3078/1007 5802/3077/1006
f 5293/2440/1009 5294/2441/2229 5296/2443/2229
f 5308/2461/972 5784/3059/972 5826/3058/971
f 5307/2459/969 5826/3058/969 5825/3079/970
f 5306/2458/968 5825/3079/968 5824/3080/967
f 5305/2457/966 5824/3080/967 5823/3081/1368
f 5304/2456/1369 5823/3081/964 5822/3082/1371
f 5302/2454/961 5303/2455/1370 5822/3082/1370
f 5301/2453/2230 5302/2454/1372 5821/3083/1372
f 5300/2452/2926 5301/2453/2927 5820/3084/2927
f 5300/2452/1374 5819/3085/955 5818/3086/1375
f 5299/2451/1376 5818/3086/1376 5322/2447/949
f 4707/1915/1011 5804/3087/1011 5295/2442/3309
f 4708/1916/1014 5805/3089/1014 5804/3087/2283
f 4708/1916/1014 4709/1917/1019 5806/3088/1019
f 4710/1918/1020 5807/3091/1020 5806/3088/1016
f 4710/1918/2284 4711/1919/1021 5808/3090/1023
f 4711/1919/1023 5312/3092/1025 5809/3107/1025
f 5321/2445/1382 5783/3055/1382 5817/3100/1035
f 5320/3099/2250 5817/3100/1035 5816/3101/1384
f 5319/3098/1034 5816/3101/1034 5815/3102/1385
f 5318/3097/1033 5815/3102/1033 5814/3103/1032
f 5317/3096/2286 5814/3103/2286 5813/3057/1387
f 5315/3094/1028 5316/3095/1387 5813/3057/2287
f 5314/3093/1390 5315/3094/3310 5812/3104/3310
f 5314/3093/1390 5811/3105/1390 5810/3106/1392
f 5312/3092/3311 5313/2444/1024 5810/3106/1024
usemtl bluetip_mat
f 844/598/145 843/597/145 869/598/145
f 870/599/146 869/598/146 843/597/146
f 870/599/1 872/600/1 873/601/1
f 844/598/5 871/602/5 845/602/5
f 845/602/147 873/601/148 874/601/148
f 874/601/167 872/600/172 867/600/172
f 867/600/3 870/599/3 868/599/3
f 868/599/173 870/599/173 843/597/173
f 1328/931/500 1327/930/500 1338/931/500
f 1339/932/146 1338/931/146 1327/930/146
f 1339/932/1 1341/933/1 1342/934/1
f 1328/931/5 1340/935/5 1329/935/5
f 1329/935/147 1342/934/148 1343/934/148
f 1343/934/243 1341/933/502 1336/933/502
f 1336/933/3 1339/932/3 1337/932/3
f 1337/932/503 1339/932/503 1327/930/503
f 1796/1192/145 1795/1191/145 1821/1192/145
f 1822/1193/146 1821/1192/146 1795/1191/146
f 1822/1193/1 1824/1194/1 1825/1195/1
f 1796/1192/5 1823/1196/5 1797/1196/5
f 1797/1196/147 1825/1195/148 1826/1195/148
f 1826/1195/243 1824/1194/502 1819/1194/502
f 1819/1194/3 1822/1193/3 1820/1193/3
f 1820/1193/503 1822/1193/503 1795/1191/503
f 2402/1555/575 2401/1554/575 2413/1555/575
f 2414/1556/146 2413/1555/146 2401/1554/146
f 2414/1556/1 2416/1557/1 2417/1558/1
f 2402/1555/5 2415/1559/5 2403/1559/5
f 2403/1559/576 2417/1558/148 2418/1558/242
f 2418/1558/243 2416/1557/580 2411/1557/580
f 2411/1557/3 2414/1556/3 2412/1556/3
f 2412/1556/581 2414/1556/581 2401/1554/581
f 873/601/1 871/602/1 869/598/1
f 869/598/1 870/599/1 873/601/1
f 844/598/5 869/598/5 871/602/5
f 845/602/147 871/602/147 873/601/148
f 874/601/167 873/601/167 872/600/172
f 867/600/3 872/600/3 870/599/3
f 1342/934/1 1340/935/1 1338/931/1
f 1338/931/1 1339/932/1 1342/934/1
f 1328/931/5 1338/931/5 1340/935/5
f 1329/935/147 1340/935/147 1342/934/148
f 1343/934/167 1342/934/2713 1341/933/502
f 1336/933/3 1341/933/3 1339/932/3
f 1825/1195/1 1823/1196/1 1821/1192/1
f 1821/1192/1 1822/1193/1 1825/1195/1
f 1796/1192/5 1821/1192/5 1823/1196/5
f 1797/1196/147 1823/1196/147 1825/1195/148
f 1826/1195/167 1825/1195/2713 1824/1194/502
f 1819/1194/3 1824/1194/3 1822/1193/3
f 2417/1558/1 2415/1559/1 2413/1555/1
f 2413/1555/1 2414/1556/1 2417/1558/1
f 2402/1555/5 2413/1555/5 2415/1559/5
f 2403/1559/576 2415/1559/576 2417/1558/148
f 2418/1558/243 2417/1558/243 2416/1557/299
f 2411/1557/3 2416/1557/3 2414/1556/3
usemtl YellowTip_mat
f 983/679/145 982/678/145 997/679/145
f 998/680/146 997/679/146 982/678/146
f 998/680/1 1000/670/1 1001/673/1
f 983/679/5 999/672/5 978/672/5
f 978/672/293 1001/673/165 975/673/165
f 975/673/167 1000/670/299 976/670/299
f 976/670/3 998/680/3 996/680/3
f 996/680/173 998/680/173 982/678/173
f 1451/992/145 1450/991/145 1476/992/145
f 1477/993/146 1476/992/146 1450/991/146
f 1477/993/1 1479/994/1 1480/995/1
f 1451/992/5 1478/996/5 1452/996/5
f 1452/996/527 1480/995/165 1481/995/165
f 1481/995/167 1479/994/529 1474/994/529
f 1474/994/3 1477/993/3 1475/993/3
f 1475/993/503 1477/993/503 1450/991/503
f 1934/1266/145 1933/1265/145 1956/1266/145
f 1957/1267/146 1956/1266/146 1933/1265/146
f 1957/1267/1 1959/1268/1 1960/1260/1
f 1934/1266/5 1958/1259/5 1928/1259/5
f 1928/1259/562 1960/1260/165 1929/1260/165
f 1929/1260/167 1959/1268/529 1954/1268/529
f 1954/1268/3 1957/1267/3 1955/1267/3
f 1955/1267/503 1957/1267/503 1933/1265/503
f 2461/1585/575 2460/1584/575 2479/1585/575
f 2480/1586/146 2479/1585/146 2460/1584/146
f 2480/1586/1 2482/1578/1 2483/1580/1
f 2461/1585/5 2481/1579/5 2453/1579/5
f 2453/1579/592 2483/1580/165 2449/1580/166
f 2449/1580/167 2482/1578/594 2450/1578/594
f 2450/1578/3 2480/1586/3 2478/1586/3
f 2478/1586/173 2480/1586/173 2460/1584/173
f 1001/673/1 999/672/1 997/679/1
f 997/679/1 998/680/1 1001/673/1
f 983/679/5 997/679/5 999/672/5
f 978/672/293 999/672/293 1001/673/165
f 975/673/167 1001/673/167 1000/670/299
f 976/670/3 1000/670/3 998/680/3
f 1480/995/1 1478/996/1 1476/992/1
f 1476/992/1 1477/993/1 1480/995/1
f 1451/992/5 1476/992/5 1478/996/5
f 1452/996/562 1478/996/562 1480/995/165
f 1481/995/167 1480/995/2713 1479/994/529
f 1474/994/3 1479/994/3 1477/993/3
f 1960/1260/1 1958/1259/1 1956/1266/1
f 1956/1266/1 1957/1267/1 1960/1260/1
f 1934/1266/5 1956/1266/5 1958/1259/5
f 1928/1259/527 1958/1259/527 1960/1260/165
f 1929/1260/167 1960/1260/2713 1959/1268/529
f 1954/1268/3 1959/1268/3 1957/1267/3
f 2483/1580/1 2481/1579/1 2479/1585/1
f 2479/1585/1 2480/1586/1 2483/1580/1
f 2461/1585/5 2479/1585/5 2481/1579/5
f 2453/1579/592 2481/1579/592 2483/1580/165
f 2449/1580/167 2483/1580/167 2482/1578/594
f 2450/1578/3 2482/1578/3 2480/1586/3
usemtl RedTip_mat
f 919/642/145 918/641/145 944/642/145
f 945/643/146 944/642/146 918/641/146
f 945/643/1 947/644/1 948/645/1
f 919/642/5 946/646/5 920/646/5
f 920/646/293 948/645/165 949/645/165
f 949/645/167 947/644/299 942/644/299
f 942/644/3 945/643/3 943/643/3
f 943/643/173 945/643/173 918/641/173
f 1384/967/145 1383/966/145 1409/967/145
f 1410/968/146 1409/967/146 1383/966/146
f 1410/968/1 1412/969/1 1413/970/1
f 1384/967/5 1411/971/5 1385/971/5
f 1385/971/527 1413/970/165 1414/970/165
f 1414/970/167 1412/969/529 1407/969/529
f 1407/969/3 1410/968/3 1408/968/3
f 1408/968/503 1410/968/503 1383/966/503
f 1871/1238/145 1870/1237/145 1896/1238/145
f 1897/1239/146 1896/1238/146 1870/1237/146
f 1897/1239/1 1899/1240/1 1900/1241/1
f 1871/1238/5 1898/1242/5 1872/1242/5
f 1872/1242/562 1900/1241/165 1901/1241/165
f 1901/1241/167 1899/1240/529 1894/1240/529
f 1894/1240/3 1897/1239/3 1895/1239/3
f 1895/1239/503 1897/1239/503 1870/1237/503
f 2332/1511/575 2331/1510/575 2357/1511/575
f 2358/1512/146 2357/1511/146 2331/1510/146
f 2358/1512/1 2360/1513/1 2361/1514/1
f 2333/1515/592 2361/1514/165 2362/1514/166
f 2362/1514/167 2360/1513/594 2355/1513/594
f 2355/1513/3 2358/1512/3 2356/1512/3
f 2356/1512/173 2358/1512/173 2331/1510/173
f 948/645/1 946/646/1 944/642/1
f 944/642/1 945/643/1 948/645/1
f 919/642/5 944/642/5 946/646/5
f 920/646/293 946/646/293 948/645/165
f 949/645/167 948/645/167 947/644/299
f 942/644/3 947/644/3 945/643/3
f 1413/970/1 1411/971/1 1409/967/1
f 1409/967/1 1410/968/1 1413/970/1
f 1384/967/5 1409/967/5 1411/971/5
f 1385/971/562 1411/971/562 1413/970/165
f 1414/970/167 1413/970/2713 1412/969/529
f 1407/969/3 1412/969/3 1410/968/3
f 1900/1241/1 1898/1242/1 1896/1238/1
f 1896/1238/1 1897/1239/1 1900/1241/1
f 1871/1238/5 1896/1238/5 1898/1242/5
f 1872/1242/527 1898/1242/527 1900/1241/165
f 1901/1241/167 1900/1241/2713 1899/1240/529
f 1894/1240/3 1899/1240/3 1897/1239/3
f 2361/1514/1 2359/1515/1 2357/1511/1
f 2357/1511/1 2358/1512/1 2361/1514/1
f 2333/1515/592 2359/1515/592 2361/1514/165
f 2362/1514/167 2361/1514/167 2360/1513/594
f 2355/1513/3 2360/1513/3 2358/1512/3
usemtl WhiteTip_mat
f 6/1/2 1/3/2 5/3/2
f 6/1/1 8/4/1 7/5/1
f 2/1/3 6/1/3 9/5/3
f 8/4/4 9/5/4 7/5/4
f 5/3/5 1/3/5 13/4/5
f 80/59/5 75/61/5 79/61/5
f 80/59/1 82/62/1 81/63/1
f 76/59/2 80/59/2 83/63/2
f 82/62/3 83/63/3 81/63/3
f 79/61/4 75/61/4 87/62/4
f 154/117/2 149/119/2 153/119/2
f 154/117/1 156/120/1 155/121/1
f 150/117/3 158/121/3 160/117/3
f 156/120/77 157/121/77 155/121/77
f 153/119/5 149/119/5 161/120/5
f 228/175/2 223/177/2 227/177/2
f 228/175/1 230/178/1 229/179/1
f 224/175/3 228/175/3 231/179/3
f 230/178/4 231/179/4 229/179/4
f 227/177/5 223/177/5 235/178/5
f 302/233/2 297/235/2 301/235/2
f 302/233/1 304/236/1 303/237/1
f 298/233/3 306/237/3 308/233/3
f 304/236/77 305/237/77 303/237/77
f 301/235/5 297/235/5 309/236/5
f 680/522/145 679/521/145 705/522/145
f 706/523/146 705/522/146 679/521/146
f 706/523/1 708/524/1 709/525/1
f 680/522/5 707/526/5 681/526/5
f 681/526/147 709/525/148 710/525/148
f 710/525/167 708/524/172 703/524/172
f 703/524/3 706/523/3 704/523/3
f 704/523/173 706/523/173 679/521/173
f 752/547/145 751/546/145 777/547/145
f 778/548/146 777/547/146 751/546/146
f 778/548/1 780/549/1 781/550/1
f 752/547/5 779/551/5 753/551/5
f 753/551/147 781/550/148 782/550/148
f 782/550/167 780/549/172 775/549/172
f 775/549/3 778/548/3 776/548/3
f 776/548/173 778/548/173 751/546/173
f 1170/835/500 1169/834/500 1195/835/500
f 1196/836/146 1195/835/146 1169/834/146
f 1196/836/1 1198/837/1 1199/838/1
f 1170/835/5 1197/839/5 1171/839/5
f 1171/839/147 1199/838/148 1200/838/148
f 1200/838/243 1198/837/502 1193/837/502
f 1193/837/3 1196/836/3 1194/836/3
f 1194/836/503 1196/836/503 1169/834/503
f 1486/1018/500 1485/1017/500 1511/1018/500
f 1512/1019/146 1511/1018/146 1485/1017/146
f 1512/1019/1 1514/1020/1 1515/1021/1
f 1486/1018/5 1513/1022/5 1487/1022/5
f 1487/1022/147 1515/1021/148 1516/1021/148
f 1516/1021/243 1514/1020/502 1509/1020/502
f 1509/1020/3 1512/1019/3 1510/1019/3
f 1510/1019/503 1512/1019/503 1485/1017/503
f 1635/1103/145 1634/1102/145 1660/1103/145
f 1661/1104/146 1660/1103/146 1634/1102/146
f 1661/1104/1 1663/1105/1 1664/1106/1
f 1635/1103/5 1662/1107/5 1636/1107/5
f 1636/1107/147 1664/1106/148 1665/1106/148
f 1665/1106/167 1663/1105/502 1658/1105/502
f 1658/1105/3 1661/1104/3 1659/1104/3
f 1659/1104/503 1661/1104/503 1634/1102/503
f 1704/1138/145 1703/1137/145 1729/1138/145
f 1730/1139/146 1729/1138/146 1703/1137/146
f 1730/1139/1 1732/1140/1 1733/1141/1
f 1728/1139/503 1730/1139/503 1703/1137/503
f 2149/1398/575 2148/1397/575 2174/1398/575
f 2175/1399/146 2174/1398/146 2148/1397/146
f 2175/1399/1 2177/1400/1 2178/1401/1
f 2149/1398/5 2176/1402/5 2150/1402/5
f 2150/1402/576 2178/1401/148 2179/1401/242
f 2179/1401/243 2177/1400/580 2172/1400/580
f 2172/1400/3 2175/1399/3 2173/1399/3
f 2173/1399/581 2175/1399/581 2148/1397/581
f 2227/1450/575 2226/1449/575 2252/1450/575
f 2253/1451/146 2252/1450/146 2226/1449/146
f 2253/1451/1 2255/1452/1 2256/1453/1
f 2227/1450/5 2254/1454/5 2228/1454/5
f 2228/1454/576 2256/1453/165 2257/1453/166
f 2257/1453/243 2255/1452/580 2250/1452/580
f 2250/1452/3 2253/1451/3 2251/1451/3
f 2251/1451/581 2253/1451/581 2226/1449/581
f 2714/360/2 2709/362/2 2713/362/2
f 2714/360/1 2716/1810/1 2715/1811/1
f 2710/360/3 2714/360/3 2717/1811/3
f 2716/1810/4 2717/1811/4 2715/1811/4
f 2713/362/5 2709/362/5 2721/1810/5
f 4048/3141/1406 4047/3140/1406 4073/3141/1406
f 4074/3142/1407 4073/3141/1407 4047/3140/1407
f 4074/3142/1 4076/3143/1 4077/3144/1
f 4048/3141/1408 4075/3145/1408 4049/3145/1408
f 4049/3145/1409 4077/3144/1410 4078/3144/1410
f 4078/3144/114 4076/3143/1415 4071/3143/1415
f 4071/3143/1416 4074/3142/1416 4072/3142/1416
f 4276/3328/1611 4275/3327/1611 4293/3328/1611
f 4294/3329/1612 4293/3328/1612 4275/3327/1612
f 4294/3329/1 4296/3330/1 4297/3331/1
f 4276/3328/1613 4295/3332/1613 4277/3332/1613
f 4277/3332/131 4297/3331/118 4298/3331/118
f 4298/3331/114 4296/3330/1615 4291/3330/1615
f 4291/3330/1616 4294/3329/1616 4292/3329/1616
f 4292/3329/1617 4294/3329/1617 4275/3327/1617
f 4354/3372/1624 4353/3371/1624 4377/3372/1624
f 4378/3373/1407 4377/3372/1407 4353/3371/1407
f 4378/3373/1 4380/3374/1 4381/3375/1
f 4354/3372/1408 4379/3376/1408 4355/3376/1408
f 4355/3376/1409 4381/3375/1410 4382/3375/1410
f 4382/3375/114 4380/3374/1627 4375/3374/1627
f 4375/3374/1616 4378/3373/1616 4376/3373/1616
f 4376/3373/1417 4378/3373/1417 4353/3371/1417
f 4580/360/2 4575/362/2 4579/362/2
f 4580/360/1 4582/1810/1 4581/1811/1
f 4576/360/3 4580/360/3 4583/1811/3
f 4582/1810/4 4583/1811/4 4581/1811/4
f 4579/362/5 4575/362/5 4587/1810/5
f 5913/3141/1624 5912/3140/1624 5938/3141/1624
f 5939/3142/1407 5938/3141/1407 5912/3140/1407
f 5939/3142/1 5941/3143/1 5942/3144/1
f 5913/3141/1408 5940/3145/1408 5914/3145/1408
f 5914/3145/1409 5942/3144/1410 5943/3144/1410
f 5943/3144/114 5941/3143/1415 5936/3143/1415
f 5936/3143/2293 5939/3142/2293 5937/3142/2293
f 6139/3328/1611 6138/3327/1611 6156/3328/1611
f 6157/3329/2378 6156/3328/2378 6138/3327/2378
f 6157/3329/1 6159/3330/1 6160/3331/1
f 6139/3328/1613 6158/3332/1613 6140/3332/1613
f 6140/3332/2379 6160/3331/1410 6161/3331/1410
f 6161/3331/114 6159/3330/2382 6154/3330/2382
f 6154/3330/1616 6157/3329/1616 6155/3329/1616
f 6155/3329/1617 6157/3329/1617 6138/3327/1617
f 6217/3372/1624 6216/3371/1624 6240/3372/1624
f 6241/3373/1407 6240/3372/1407 6216/3371/1407
f 6241/3373/1 6243/3374/1 6244/3375/1
f 6217/3372/1408 6242/3376/1408 6218/3376/1408
f 6218/3376/1409 6244/3375/118 6245/3375/118
f 6245/3375/114 6243/3374/2382 6238/3374/2382
f 6238/3374/1616 6241/3373/1616 6239/3373/1616
f 6239/3373/1417 6241/3373/1417 6216/3371/1417
f 6/1/2 2/1/2 1/3/2
f 6/1/1 5/3/1 8/4/1
f 6/1/3 7/5/3 9/5/3
f 9/5/3 10/5/3 2/1/3
f 10/5/3 11/3456/3 12/1/3
f 2/1/3 10/5/3 12/1/3
f 8/4/4 13/4/4 9/5/4
f 1/3/5 14/3/5 16/4/5
f 14/3/5 15/3457/5 16/4/5
f 16/4/5 13/4/5 1/3/5
f 13/4/5 8/4/5 5/3/5
f 80/59/5 76/59/5 75/61/5
f 80/59/1 79/61/1 82/62/1
f 80/59/2 81/63/2 83/63/2
f 83/63/2 84/63/2 76/59/2
f 84/63/2 85/3460/2 86/59/2
f 76/59/2 84/63/2 86/59/2
f 82/62/3 87/62/3 83/63/3
f 75/61/4 88/61/4 90/62/4
f 88/61/4 89/3461/4 90/62/4
f 90/62/4 87/62/4 75/61/4
f 87/62/4 82/62/4 79/61/4
f 154/117/98 150/117/98 149/119/98
f 154/117/1 153/119/1 156/120/1
f 154/117/3 155/121/3 150/117/3
f 155/121/3 157/121/3 150/117/3
f 157/121/3 158/121/3 150/117/3
f 158/121/3 159/3464/3 160/117/3
f 156/120/4 161/120/4 157/121/4
f 149/119/5 162/119/5 164/120/5
f 162/119/5 163/3465/5 164/120/5
f 164/120/5 161/120/5 149/119/5
f 161/120/5 156/120/5 153/119/5
f 228/175/2 224/175/2 223/177/2
f 228/175/1 227/177/1 230/178/1
f 228/175/3 229/179/3 231/179/3
f 231/179/3 232/179/3 224/175/3
f 232/179/3 233/3468/3 234/175/3
f 224/175/3 232/179/3 234/175/3
f 230/178/4 235/178/4 231/179/4
f 223/177/5 236/177/5 238/178/5
f 236/177/5 237/3469/5 238/178/5
f 238/178/5 235/178/5 223/177/5
f 235/178/5 230/178/5 227/177/5
f 302/233/98 298/233/98 297/235/98
f 302/233/1 301/235/1 304/236/1
f 302/233/3 303/237/3 298/233/3
f 303/237/3 305/237/3 298/233/3
f 305/237/3 306/237/3 298/233/3
f 306/237/3 307/3472/3 308/233/3
f 304/236/4 309/236/4 305/237/4
f 297/235/5 310/235/5 312/236/5
f 310/235/5 311/3473/5 312/236/5
f 312/236/5 309/236/5 297/235/5
f 309/236/5 304/236/5 301/235/5
f 709/525/1 707/526/1 705/522/1
f 705/522/1 706/523/1 709/525/1
f 680/522/5 705/522/5 707/526/5
f 681/526/147 707/526/147 709/525/148
f 710/525/167 709/525/167 708/524/172
f 703/524/3 708/524/3 706/523/3
f 781/550/1 779/551/1 777/547/1
f 777/547/1 778/548/1 781/550/1
f 752/547/5 777/547/5 779/551/5
f 753/551/147 779/551/147 781/550/148
f 782/550/167 781/550/167 780/549/172
f 775/549/3 780/549/3 778/548/3
f 1199/838/1 1197/839/1 1195/835/1
f 1195/835/1 1196/836/1 1199/838/1
f 1170/835/5 1195/835/5 1197/839/5
f 1171/839/147 1197/839/147 1199/838/148
f 1200/838/167 1199/838/2713 1198/837/502
f 1193/837/3 1198/837/3 1196/836/3
f 1515/1021/1 1513/1022/1 1511/1018/1
f 1511/1018/1 1512/1019/1 1515/1021/1
f 1486/1018/5 1511/1018/5 1513/1022/5
f 1487/1022/147 1513/1022/147 1515/1021/148
f 1516/1021/167 1515/1021/2713 1514/1020/502
f 1509/1020/3 1514/1020/3 1512/1019/3
f 1664/1106/1 1662/1107/1 1660/1103/1
f 1660/1103/1 1661/1104/1 1664/1106/1
f 1635/1103/5 1660/1103/5 1662/1107/5
f 1636/1107/147 1662/1107/147 1664/1106/148
f 1665/1106/167 1664/1106/2713 1663/1105/502
f 1658/1105/3 1663/1105/3 1661/1104/3
f 1733/1141/1 1731/1142/1 1729/1138/1
f 1729/1138/1 1730/1139/1 1733/1141/1
f 2178/1401/1 2176/1402/1 2174/1398/1
f 2174/1398/1 2175/1399/1 2178/1401/1
f 2149/1398/5 2174/1398/5 2176/1402/5
f 2150/1402/576 2176/1402/576 2178/1401/148
f 2179/1401/243 2178/1401/243 2177/1400/299
f 2172/1400/3 2177/1400/3 2175/1399/3
f 2256/1453/1 2254/1454/1 2252/1450/1
f 2252/1450/1 2253/1451/1 2256/1453/1
f 2227/1450/5 2252/1450/5 2254/1454/5
f 2228/1454/576 2254/1454/576 2256/1453/148
f 2257/1453/243 2256/1453/243 2255/1452/299
f 2250/1452/3 2255/1452/3 2253/1451/3
f 2714/360/2 2710/360/2 2709/362/2
f 2714/360/1 2713/362/1 2716/1810/1
f 2714/360/3 2715/1811/3 2717/1811/3
f 2717/1811/3 2718/1811/3 2720/360/3
f 2718/1811/3 2719/3570/3 2720/360/3
f 2720/360/3 2710/360/3 2717/1811/3
f 2716/1810/4 2721/1810/4 2717/1811/4
f 2709/362/5 2722/362/5 2721/1810/5
f 2722/362/5 2723/3571/5 2724/1810/5
f 2721/1810/5 2722/362/5 2724/1810/5
f 2721/1810/5 2716/1810/5 2713/362/5
f 4077/3144/1 4075/3145/1 4073/3141/1
f 4073/3141/1 4074/3142/1 4077/3144/1
f 4048/3141/1408 4073/3141/1408 4075/3145/1408
f 4049/3145/1409 4075/3145/1409 4077/3144/1410
f 4078/3144/114 4077/3144/114 4076/3143/1415
f 4071/3143/2293 4076/3143/2293 4074/3142/2293
f 4297/3331/1 4295/3332/1 4293/3328/1
f 4293/3328/1 4294/3329/1 4297/3331/1
f 4276/3328/1613 4293/3328/1613 4295/3332/1613
f 4277/3332/2379 4295/3332/2379 4297/3331/118
f 4298/3331/3016 4297/3331/3016 4296/3330/3017
f 4291/3330/1616 4296/3330/1616 4294/3329/1616
f 4381/3375/1 4379/3376/1 4377/3372/1
f 4377/3372/1 4378/3373/1 4381/3375/1
f 4354/3372/1408 4377/3372/1408 4379/3376/1408
f 4355/3376/3020 4379/3376/3020 4381/3375/118
f 4382/3375/114 4381/3375/114 4380/3374/1627
f 4375/3374/1616 4380/3374/1616 4378/3373/1616
f 4580/360/2 4576/360/2 4575/362/2
f 4580/360/1 4579/362/1 4582/1810/1
f 4580/360/3 4581/1811/3 4583/1811/3
f 4583/1811/3 4584/1811/3 4586/360/3
f 4584/1811/3 4585/3570/3 4586/360/3
f 4586/360/3 4576/360/3 4583/1811/3
f 4582/1810/4 4587/1810/4 4583/1811/4
f 4575/362/5 4588/362/5 4587/1810/5
f 4588/362/5 4589/3571/5 4590/1810/5
f 4587/1810/5 4588/362/5 4590/1810/5
f 4587/1810/5 4582/1810/5 4579/362/5
f 5942/3144/1 5940/3145/1 5938/3141/1
f 5938/3141/1 5939/3142/1 5942/3144/1
f 5913/3141/1408 5938/3141/1408 5940/3145/1408
f 5914/3145/1409 5940/3145/1409 5942/3144/118
f 5943/3144/114 5942/3144/114 5941/3143/1415
f 5936/3143/2293 5941/3143/2293 5939/3142/2293
f 6160/3331/1 6158/3332/1 6156/3328/1
f 6156/3328/1 6157/3329/1 6160/3331/1
f 6139/3328/1613 6156/3328/1613 6158/3332/1613
f 6140/3332/2379 6158/3332/2379 6160/3331/1410
f 6161/3331/114 6160/3331/114 6159/3330/2382
f 6154/3330/1616 6159/3330/1616 6157/3329/1616
f 6244/3375/1 6242/3376/1 6240/3372/1
f 6240/3372/1 6241/3373/1 6244/3375/1
f 6217/3372/1408 6240/3372/1408 6242/3376/1408
f 6218/3376/1409 6242/3376/1409 6244/3375/1410
f 6245/3375/114 6244/3375/2733 6243/3374/2382
f 6238/3374/1616 6243/3374/1616 6241/3373/1616
usemtl MixerMain_mat
f 62/38/24 31/35/24 30/39/24
f 136/96/24 105/93/24 104/97/24
f 210/154/24 179/151/24 178/155/24
f 284/212/24 253/209/24 252/213/24
f 358/270/24 327/267/24 326/271/24
f 372/291/1 374/292/1 371/293/1
f 375/294/1 372/291/1 371/293/1
f 376/295/1 372/291/1 375/294/1
f 376/295/1 373/296/1 372/291/1
f 377/297/1 373/296/1 376/295/1
f 373/296/93 377/297/93 374/292/93
f 377/297/1 378/298/1 374/292/1
f 377/297/1 379/299/1 378/298/1
f 380/300/1 379/299/1 377/297/1
f 379/299/1 380/300/1 381/301/1
f 382/302/1 381/301/1 380/300/1
f 383/303/1 381/301/1 382/302/1
f 384/304/1 381/301/1 383/303/1
f 385/305/1 381/301/1 384/304/1
f 381/301/1 385/305/1 386/306/1
f 386/306/1 385/305/1 387/307/1
f 387/307/1 385/305/1 388/308/1
f 388/308/1 385/305/1 389/309/1
f 389/309/1 385/305/1 390/310/1
f 385/305/1 391/311/1 390/310/1
f 391/311/1 385/305/1 392/312/1
f 393/313/1 392/312/1 385/305/1
f 392/312/1 393/313/1 394/314/1
f 393/313/1 395/315/1 394/314/1
f 395/315/1 393/313/1 396/316/1
f 397/317/1 396/316/1 393/313/1
f 396/316/1 397/317/1 398/318/1
f 397/317/1 399/319/1 398/318/1
f 397/317/1 400/320/1 399/319/1
f 397/317/4 401/96/2 400/320/4
f 397/317/94 402/97/95 401/96/4
f 397/317/3 403/321/3 402/97/3
f 397/317/1 404/322/1 403/321/1
f 397/317/1 405/323/1 404/322/1
f 406/324/1 405/323/1 397/317/1
f 405/323/1 406/324/1 407/325/1
f 408/326/1 407/325/1 406/324/1
f 407/325/1 408/326/1 409/327/1
f 414/328/1 415/329/1 413/330/1
f 416/331/1 415/329/1 414/328/1
f 415/329/1 416/331/1 417/332/1
f 417/332/1 416/331/1 418/333/1
f 418/333/1 416/331/1 419/334/1
f 419/334/1 416/331/1 420/335/1
f 420/335/1 416/331/1 385/305/1
f 416/331/1 421/336/1 385/305/1
f 421/336/1 416/331/1 422/337/1
f 423/338/1 422/337/1 416/331/1
f 422/337/1 423/338/1 393/313/1
f 423/338/1 424/339/1 393/313/1
f 424/339/1 423/338/1 425/340/1
f 406/324/1 425/340/1 423/338/1
f 425/340/1 406/324/1 397/317/1
f 425/340/1 397/317/1 426/341/1
f 426/341/1 397/317/1 427/342/1
f 427/342/1 397/317/1 428/343/1
f 428/343/1 397/317/1 429/211/1
f 429/211/1 397/317/1 430/212/1
f 430/212/1 397/317/1 431/344/1
f 393/313/1 431/344/1 397/317/1
f 393/313/1 432/345/1 431/344/1
f 393/313/1 433/346/1 432/345/1
f 393/313/1 424/339/1 433/346/1
f 426/341/1 424/339/1 425/340/1
f 426/341/1 427/342/1 433/346/1
f 432/345/1 433/346/1 427/342/1
f 432/345/5 427/342/5 434/209/5
f 253/209/3 427/342/3 435/342/3
f 436/343/1 440/347/1 435/342/1
f 429/211/5 436/343/5 428/343/5
f 437/211/5 430/212/5 442/212/5
f 438/348/1 442/212/1 443/349/1
f 438/348/5 443/349/5 445/350/5
f 450/351/1 444/350/1 447/344/1
f 442/212/5 431/344/5 447/344/5
f 432/345/4 447/344/4 431/344/4
f 451/213/3 448/345/3 432/345/3
f 432/345/96 434/209/97 451/213/4
f 451/213/3 253/209/3 252/213/3
f 253/209/1 449/352/1 252/213/1
f 452/347/3 453/351/3 441/353/3
f 439/354/2 452/347/2 440/347/2
f 450/351/4 445/350/4 444/350/4
f 428/343/2 435/342/2 427/342/2
f 414/328/94 406/324/95 423/338/4
f 414/328/4 408/326/2 406/324/4
f 406/324/3 408/326/3 410/326/3
f 458/363/1 461/364/1 459/365/1
f 458/363/1 462/366/1 461/364/1
f 458/363/1 463/367/1 462/366/1
f 458/363/1 464/368/1 463/367/1
f 465/369/1 464/368/1 458/363/1
f 464/368/1 465/369/1 466/370/1
f 467/371/1 466/370/1 465/369/1
f 466/370/1 467/371/1 459/365/1
f 467/371/1 409/327/1 459/365/1
f 399/319/1 409/327/1 467/371/1
f 468/372/1 409/327/1 399/319/1
f 403/321/1 409/327/1 468/372/1
f 469/373/1 409/327/1 403/321/1
f 407/325/1 409/327/1 469/373/1
f 407/325/1 471/374/1 470/375/1
f 405/323/3 407/325/3 470/375/3
f 405/323/96 470/375/97 472/376/4
f 471/374/1 472/376/1 470/375/1
f 472/376/1 471/374/1 473/377/1
f 471/374/1 403/321/1 473/377/1
f 469/373/1 403/321/1 471/374/1
f 473/377/1 403/321/1 404/322/1
f 473/377/1 405/323/1 472/376/1
f 468/372/2 475/321/2 403/321/2
f 399/319/5 474/372/5 468/372/5
f 400/320/4 476/319/4 399/319/4
f 401/96/3 477/320/3 400/320/3
f 478/96/3 402/97/3 479/97/3
f 480/378/1 479/97/1 485/379/1
f 481/380/4 487/378/4 488/381/4
f 486/381/1 489/382/1 474/372/1
f 486/381/5 490/382/5 489/382/5
f 484/383/2 490/382/2 491/379/2
f 485/379/3 487/378/3 480/378/3
f 479/97/3 403/321/3 475/321/3
f 398/318/1 399/319/1 467/371/1
f 492/384/1 398/318/1 467/371/1
f 398/318/1 492/384/1 394/314/1
f 493/385/1 394/314/1 492/384/1
f 394/314/1 493/385/1 465/369/1
f 465/369/1 493/385/1 494/386/1
f 495/387/1 493/385/1 492/384/1
f 492/384/1 467/371/1 495/387/1
f 495/387/1 467/371/1 496/151/1
f 496/151/1 467/371/1 497/153/1
f 497/153/1 467/371/1 498/154/1
f 498/154/1 467/371/1 499/388/1
f 465/369/1 499/388/1 467/371/1
f 465/369/1 500/389/1 499/388/1
f 465/369/1 494/386/1 500/389/1
f 500/389/1 494/386/1 496/151/1
f 495/387/1 496/151/1 494/386/1
f 500/389/98 496/151/77 501/155/4
f 502/155/3 496/151/3 179/151/3
f 209/153/1 505/390/1 179/151/1
f 498/154/5 209/153/5 497/153/5
f 210/154/5 499/388/5 507/388/5
f 508/391/1 507/388/1 509/389/1
f 503/392/5 511/391/5 512/393/5
f 510/394/4 511/391/4 508/391/4
f 506/395/3 514/390/3 513/394/3
f 504/393/2 514/390/2 505/390/2
f 500/389/4 507/388/4 499/388/4
f 500/389/3 502/155/3 509/389/3
f 497/153/2 179/151/2 496/151/2
f 515/399/1 394/314/1 465/369/1
f 394/314/1 515/399/1 390/310/1
f 516/400/1 390/310/1 515/399/1
f 390/310/1 516/400/1 517/401/1
f 517/401/1 516/400/1 518/402/1
f 516/400/1 520/403/1 518/402/1
f 516/400/5 521/404/5 519/405/5
f 516/400/1 515/399/1 521/404/1
f 521/404/1 523/406/1 522/407/1
f 522/407/1 519/405/1 521/404/1
f 519/405/1 522/407/1 520/403/1
f 522/407/1 524/408/1 520/403/1
f 523/406/1 524/408/1 522/407/1
f 523/406/1 465/369/1 524/408/1
f 515/399/1 465/369/1 523/406/1
f 524/408/1 465/369/1 525/409/1
f 525/409/1 465/369/1 526/410/1
f 526/410/1 465/369/1 527/411/1
f 527/411/1 465/369/1 528/412/1
f 517/401/1 528/412/1 465/369/1
f 517/401/1 529/413/1 528/412/1
f 517/401/1 518/402/1 529/413/1
f 529/413/1 518/402/1 524/408/1
f 520/403/1 524/408/1 518/402/1
f 529/413/96 524/408/97 530/414/4
f 524/408/1 526/410/1 530/414/1
f 526/410/1 535/415/1 530/414/1
f 535/415/1 526/410/1 527/411/1
f 535/415/1 528/412/1 529/413/1
f 529/413/4 530/414/2 535/415/4
f 465/369/1 540/416/1 517/401/1
f 540/416/1 465/369/1 458/363/1
f 540/416/1 458/363/1 541/417/1
f 541/417/1 458/363/1 542/418/1
f 542/418/1 458/363/1 543/419/1
f 543/419/1 458/363/1 544/420/1
f 544/420/1 458/363/1 545/421/1
f 545/421/1 458/363/1 546/422/1
f 460/423/1 546/422/1 458/363/1
f 460/423/1 547/424/1 546/422/1
f 460/423/1 548/425/1 547/424/1
f 460/423/1 549/426/1 548/425/1
f 517/401/1 549/426/1 460/423/1
f 549/426/1 517/401/1 540/416/1
f 549/426/4 540/416/2 550/427/4
f 550/427/1 541/417/1 551/428/1
f 551/428/1 552/429/1 550/427/1
f 552/429/1 551/428/1 553/430/1
f 551/428/1 542/418/1 553/430/1
f 541/417/1 542/418/1 551/428/1
f 553/430/1 542/418/1 548/425/1
f 547/424/1 548/425/1 542/418/1
f 547/424/4 542/418/2 554/431/4
f 542/418/1 544/420/1 554/431/1
f 544/420/1 559/432/1 554/431/1
f 559/432/1 544/420/1 545/421/1
f 559/432/1 546/422/1 547/424/1
f 547/424/5 554/431/5 559/432/5
f 549/426/1 553/430/1 548/425/1
f 549/426/4 550/427/2 552/429/4
f 564/433/1 517/401/1 460/423/1
f 565/434/1 517/401/1 564/433/1
f 566/435/1 517/401/1 565/434/1
f 567/436/1 517/401/1 566/435/1
f 568/437/1 517/401/1 567/436/1
f 517/401/1 568/437/1 456/438/1
f 456/438/1 568/437/1 569/439/1
f 569/439/1 568/437/1 570/440/1
f 570/440/1 568/437/1 571/441/1
f 572/442/1 571/441/1 568/437/1
f 571/441/1 572/442/1 573/443/1
f 573/443/1 572/442/1 574/444/1
f 590/445/1 594/446/1 598/447/1
f 577/449/1 601/450/1 578/448/1
f 577/449/1 602/451/1 601/450/1
f 598/447/1 602/451/1 577/449/1
f 598/447/1 603/452/1 602/451/1
f 597/453/1 603/452/1 598/447/1
f 597/453/1 604/454/1 603/452/1
f 596/455/1 604/454/1 597/453/1
f 596/455/1 605/456/1 604/454/1
f 595/457/1 605/456/1 596/455/1
f 595/457/1 606/458/1 605/456/1
f 594/446/1 606/458/1 595/457/1
f 594/446/1 607/459/1 606/458/1
f 593/460/1 607/459/1 594/446/1
f 593/460/1 608/461/1 607/459/1
f 592/462/1 608/461/1 593/460/1
f 592/462/1 609/463/1 608/461/1
f 591/464/1 609/463/1 592/462/1
f 591/464/1 610/465/1 609/463/1
f 590/445/1 610/465/1 591/464/1
f 590/445/1 611/466/1 610/465/1
f 572/442/1 611/466/1 590/445/1
f 611/466/1 572/442/1 612/467/1
f 572/442/4 613/468/2 612/467/4
f 572/442/104 614/469/104 613/468/104
f 572/442/3 568/437/3 614/469/3
f 615/470/1 614/469/1 568/437/1
f 614/469/1 615/470/1 616/471/1
f 616/471/1 615/470/1 617/472/1
f 564/433/1 460/423/1 625/473/1
f 625/473/1 460/423/1 627/474/1
f 627/474/1 460/423/1 628/475/1
f 628/475/1 460/423/1 629/476/1
f 629/476/1 460/423/1 630/477/1
f 630/477/1 460/423/1 631/478/1
f 631/478/1 460/423/1 632/479/1
f 632/479/1 460/423/1 633/480/1
f 633/480/1 460/423/1 634/481/1
f 634/481/1 460/423/1 635/482/1
f 635/482/1 460/423/1 636/483/1
f 636/483/1 460/423/1 579/484/1
f 579/484/1 460/423/1 637/485/1
f 637/485/1 460/423/1 638/486/1
f 638/486/1 460/423/1 639/487/1
f 457/359/1 639/487/1 460/423/1
f 457/359/1 640/488/1 639/487/1
f 457/359/1 641/489/1 640/488/1
f 457/359/1 642/490/1 641/489/1
f 457/359/1 643/491/1 642/490/1
f 457/359/1 644/492/1 643/491/1
f 457/359/1 645/493/1 644/492/1
f 456/438/1 645/493/1 457/359/1
f 645/493/1 456/438/1 646/494/1
f 646/494/1 456/438/1 647/495/1
f 647/495/1 456/438/1 569/439/1
f 648/496/119 647/495/120 569/439/121
f 638/486/122 650/485/123 637/485/123
f 639/487/124 651/486/125 638/486/125
f 640/488/126 652/487/108 639/487/108
f 641/489/112 653/488/127 640/488/127
f 642/490/128 654/489/129 641/489/129
f 643/491/130 655/490/131 642/490/131
f 644/492/4 656/491/4 643/491/4
f 644/492/132 658/499/133 657/492/132
f 645/493/134 659/497/135 658/499/136
f 649/500/137 646/494/138 647/495/139
f 637/485/140 665/501/141 666/501/141
f 666/501/1 580/502/1 637/485/1
f 667/503/1 580/502/1 666/501/1
f 667/503/1 581/504/1 580/502/1
f 667/503/1 582/505/1 581/504/1
f 667/503/1 583/506/1 582/505/1
f 668/507/1 583/506/1 667/503/1
f 583/506/1 668/507/1 584/508/1
f 669/509/1 584/508/1 668/507/1
f 669/509/1 585/510/1 584/508/1
f 669/509/1 586/511/1 585/510/1
f 669/509/1 670/512/1 586/511/1
f 671/513/1 670/512/1 669/509/1
f 671/513/1 672/514/1 670/512/1
f 673/515/1 672/514/1 671/513/1
f 673/515/1 674/516/1 672/514/1
f 573/443/1 674/516/1 673/515/1
f 674/516/93 573/443/93 675/517/93
f 573/443/1 574/444/1 675/517/1
f 675/517/1 574/444/1 589/518/1
f 670/512/1 589/518/1 588/530/1
f 675/517/1 589/518/1 670/512/1
f 672/514/1 675/517/1 670/512/1
f 670/512/1 588/530/1 587/528/1
f 670/512/1 587/528/1 586/511/1
f 637/485/1 580/502/1 579/484/1
f 578/448/1 636/483/1 579/484/1
f 578/448/1 601/450/1 636/483/1
f 612/467/1 736/538/1 734/537/1
f 736/538/1 612/467/1 613/468/1
f 613/468/1 741/540/1 739/539/1
f 741/540/1 613/468/1 614/469/1
f 616/471/1 617/472/1 745/541/1
f 745/541/1 617/472/1 747/542/1
f 787/556/1 747/542/1 786/555/1
f 745/541/1 747/542/1 787/556/1
f 787/556/1 786/555/1 789/557/1
f 789/557/1 786/555/1 791/554/1
f 793/558/1 791/554/1 792/552/1
f 789/557/1 791/554/1 793/558/1
f 793/558/1 792/552/1 795/559/1
f 795/559/1 792/552/1 797/560/1
f 805/570/1 804/567/1 633/480/1
f 806/571/1 804/567/1 805/570/1
f 806/571/1 807/565/1 804/567/1
f 808/572/1 807/565/1 806/571/1
f 808/572/1 809/564/1 807/565/1
f 810/573/1 809/564/1 808/572/1
f 810/573/1 811/562/1 809/564/1
f 812/574/1 811/562/1 810/573/1
f 812/574/1 797/560/1 811/562/1
f 795/559/1 797/560/1 812/574/1
f 805/570/1 633/480/1 634/481/1
f 821/576/1 819/575/1 634/481/1
f 822/577/1 819/575/1 821/576/1
f 822/577/1 823/578/1 819/575/1
f 824/579/1 823/578/1 822/577/1
f 824/579/1 825/580/1 823/578/1
f 826/581/1 825/580/1 824/579/1
f 826/581/1 827/582/1 825/580/1
f 828/583/1 827/582/1 826/581/1
f 828/583/1 829/584/1 827/582/1
f 830/585/1 829/584/1 828/583/1
f 830/585/1 831/586/1 829/584/1
f 832/587/1 831/586/1 830/585/1
f 832/587/1 833/588/1 831/586/1
f 834/589/1 833/588/1 832/587/1
f 834/589/1 835/590/1 833/588/1
f 836/591/1 835/590/1 834/589/1
f 836/591/1 837/592/1 835/590/1
f 838/593/1 837/592/1 836/591/1
f 838/593/1 839/594/1 837/592/1
f 739/539/1 839/594/1 838/593/1
f 739/539/1 741/540/1 839/594/1
f 821/576/1 634/481/1 635/482/1
f 896/620/1 894/619/1 635/482/1
f 897/621/1 894/619/1 896/620/1
f 897/621/1 898/622/1 894/619/1
f 899/623/1 898/622/1 897/621/1
f 899/623/1 900/624/1 898/622/1
f 901/625/1 900/624/1 899/623/1
f 901/625/1 902/626/1 900/624/1
f 903/627/1 902/626/1 901/625/1
f 903/627/1 904/628/1 902/626/1
f 905/629/1 904/628/1 903/627/1
f 905/629/1 906/630/1 904/628/1
f 907/631/1 906/630/1 905/629/1
f 907/631/1 908/632/1 906/630/1
f 909/633/1 908/632/1 907/631/1
f 909/633/1 910/634/1 908/632/1
f 911/635/1 910/634/1 909/633/1
f 911/635/1 912/636/1 910/634/1
f 913/637/1 912/636/1 911/635/1
f 913/637/1 914/638/1 912/636/1
f 734/537/1 914/638/1 913/637/1
f 734/537/1 736/538/1 914/638/1
f 896/620/1 635/482/1 636/483/1
f 662/705/348 673/515/349 663/706/349
f 661/498/350 573/443/351 662/705/352
f 660/707/353 571/441/354 661/498/355
f 660/707/356 569/439/357 570/440/358
f 671/513/2 664/513/2 673/515/2
f 666/501/359 664/513/360 671/513/360
f 671/513/1 1019/708/1 666/501/1
f 671/513/1 669/509/1 1019/708/1
f 1019/708/1 668/507/1 667/503/1
f 666/501/361 1019/708/361 667/503/361
f 664/513/362 663/706/362 673/515/362
f 1017/709/363 1024/710/364 1023/711/363
f 1018/712/365 1023/711/366 1025/713/365
f 1021/715/370 1024/710/370 1023/711/370
f 1032/716/1 1020/714/1 1028/717/1
f 1039/718/371 1026/719/372 1022/720/373
f 1024/710/374 1022/720/375 1021/715/376
f 1018/712/377 1020/714/377 1021/715/377
f 1022/720/364 1041/721/363 1039/718/378
f 1017/709/366 1042/722/365 1041/721/379
f 1050/735/403 1035/736/404 1051/737/405
f 1051/737/406 1036/738/407 1052/739/408
f 1052/739/409 1037/740/410 1053/741/411
f 1053/741/412 1038/742/413 1054/743/414
f 1038/742/415 1040/744/416 1054/743/415
f 1040/744/417 1056/745/418 1054/743/418
f 1039/718/419 1055/746/420 1040/744/421
f 1069/757/448 1053/741/449 1070/758/449
f 1070/758/454 1054/743/455 1056/745/455
f 456/438/1 1087/777/1 517/401/1
f 456/438/1 1088/778/1 1087/777/1
f 456/438/1 1089/779/1 1088/778/1
f 456/438/1 1090/780/1 1089/779/1
f 456/438/1 1091/781/1 1090/780/1
f 456/438/1 1092/782/1 1091/781/1
f 456/438/1 1093/783/1 1092/782/1
f 455/358/1 1093/783/1 456/438/1
f 1093/783/1 455/358/1 1094/784/1
f 1094/784/1 455/358/1 1095/785/1
f 1095/785/1 455/358/1 1096/786/1
f 455/358/1 1097/787/1 1096/786/1
f 390/310/1 1097/787/1 455/358/1
f 1097/787/1 390/310/1 1098/788/1
f 1098/788/1 390/310/1 1099/789/1
f 1099/789/1 390/310/1 1100/790/1
f 1100/790/1 390/310/1 1101/791/1
f 1101/791/1 390/310/1 517/401/1
f 1101/791/1 517/401/1 1102/792/1
f 1102/792/1 517/401/1 1103/793/1
f 1103/793/1 517/401/1 1104/794/1
f 1104/794/1 517/401/1 1105/795/1
f 1105/795/1 517/401/1 1106/796/1
f 1106/796/1 517/401/1 1107/797/1
f 1107/797/1 517/401/1 1108/798/1
f 1108/798/1 517/401/1 1109/799/1
f 1109/799/1 517/401/1 1110/800/1
f 1110/800/1 517/401/1 1111/801/1
f 1111/801/1 517/401/1 1112/802/1
f 1112/802/1 517/401/1 1113/803/1
f 1113/803/1 517/401/1 1114/804/1
f 1114/804/1 517/401/1 1115/805/1
f 1115/805/1 517/401/1 1087/777/1
f 1087/777/124 1117/805/125 1115/805/125
f 1088/778/126 1116/777/490 1087/777/490
f 1089/779/212 1118/778/127 1088/778/127
f 1090/780/128 1119/779/129 1089/779/129
f 1091/781/491 1120/780/131 1090/780/131
f 1092/782/4 1121/781/4 1091/781/4
f 1093/783/492 1122/782/493 1092/782/493
f 1094/784/343 1123/783/494 1093/783/494
f 1095/785/495 1124/784/232 1094/784/232
f 1096/786/199 1125/785/496 1095/785/496
f 1127/806/497 1126/786/187 1096/786/187
f 1096/786/1 1097/787/1 1127/806/1
f 1127/806/1 1097/787/1 1129/807/1
f 1130/808/1 1129/807/1 1097/787/1
f 1129/807/1 1130/808/1 1131/809/1
f 1131/809/1 1130/808/1 1132/810/1
f 1147/811/1 1151/812/1 1155/813/1
f 1114/804/1 1135/814/1 1113/803/1
f 1156/815/1 1135/814/1 1114/804/1
f 1157/816/1 1135/814/1 1156/815/1
f 1157/816/1 1136/817/1 1135/814/1
f 1157/816/1 1137/818/1 1136/817/1
f 1157/816/1 1138/819/1 1137/818/1
f 1158/820/1 1138/819/1 1157/816/1
f 1138/819/1 1158/820/1 1139/821/1
f 1159/822/1 1139/821/1 1158/820/1
f 1159/822/1 1140/823/1 1139/821/1
f 1159/822/1 1141/824/1 1140/823/1
f 1159/822/1 1160/825/1 1141/824/1
f 1161/826/1 1160/825/1 1159/822/1
f 1161/826/1 1162/827/1 1160/825/1
f 1163/828/1 1162/827/1 1161/826/1
f 1163/828/1 1164/829/1 1162/827/1
f 1131/809/1 1164/829/1 1163/828/1
f 1164/829/93 1131/809/93 1165/830/93
f 1131/809/1 1132/810/1 1165/830/1
f 1165/830/1 1132/810/1 1144/831/1
f 1160/825/1 1144/831/1 1143/843/1
f 1165/830/1 1144/831/1 1160/825/1
f 1162/827/1 1165/830/1 1160/825/1
f 1160/825/1 1143/843/1 1142/840/1
f 1160/825/1 1142/840/1 1141/824/1
f 1155/813/1 1112/802/1 1113/803/1
f 1155/813/1 1212/850/1 1112/802/1
f 1154/851/1 1212/850/1 1155/813/1
f 1154/851/1 1213/852/1 1212/850/1
f 1153/853/1 1213/852/1 1154/851/1
f 1153/853/1 1214/854/1 1213/852/1
f 1152/855/1 1214/854/1 1153/853/1
f 1152/855/1 1215/856/1 1214/854/1
f 1151/812/1 1215/856/1 1152/855/1
f 1151/812/1 1216/857/1 1215/856/1
f 1150/858/1 1216/857/1 1151/812/1
f 1150/858/1 1217/859/1 1216/857/1
f 1149/860/1 1217/859/1 1150/858/1
f 1149/860/1 1218/861/1 1217/859/1
f 1148/862/1 1218/861/1 1149/860/1
f 1148/862/1 1219/863/1 1218/861/1
f 1147/811/1 1219/863/1 1148/862/1
f 1147/811/1 1220/864/1 1219/863/1
f 1146/865/1 1220/864/1 1147/811/1
f 1146/865/1 1221/866/1 1220/864/1
f 1145/867/1 1221/866/1 1146/865/1
f 1145/867/1 1222/868/1 1221/866/1
f 1130/808/1 1222/868/1 1145/867/1
f 1222/868/1 1130/808/1 1223/869/1
f 1130/808/4 1224/870/2 1223/869/4
f 1130/808/96 1225/871/97 1224/870/4
f 1130/808/3 1097/787/3 1225/871/3
f 1226/872/1 1225/871/1 1097/787/1
f 1225/871/1 1226/872/1 1227/873/1
f 1227/873/1 1226/872/1 1228/874/1
f 1246/876/1 1244/875/1 1109/799/1
f 1247/877/1 1244/875/1 1246/876/1
f 1247/877/1 1248/878/1 1244/875/1
f 1249/879/1 1248/878/1 1247/877/1
f 1249/879/1 1250/880/1 1248/878/1
f 1251/881/1 1250/880/1 1249/879/1
f 1251/881/1 1252/882/1 1250/880/1
f 1253/883/1 1252/882/1 1251/881/1
f 1253/883/1 1254/884/1 1252/882/1
f 1255/885/1 1254/884/1 1253/883/1
f 1255/885/1 1256/886/1 1254/884/1
f 1257/887/1 1256/886/1 1255/885/1
f 1257/887/1 1258/888/1 1256/886/1
f 1259/889/1 1258/888/1 1257/887/1
f 1259/889/1 1260/890/1 1258/888/1
f 1261/891/1 1260/890/1 1259/889/1
f 1261/891/1 1262/892/1 1260/890/1
f 1263/893/1 1262/892/1 1261/891/1
f 1263/893/1 1228/874/1 1262/892/1
f 1227/873/1 1228/874/1 1263/893/1
f 1246/876/1 1109/799/1 1110/800/1
f 1278/895/1 1276/894/1 1110/800/1
f 1279/896/1 1276/894/1 1278/895/1
f 1279/896/1 1280/897/1 1276/894/1
f 1281/898/1 1280/897/1 1279/896/1
f 1281/898/1 1282/899/1 1280/897/1
f 1283/900/1 1282/899/1 1281/898/1
f 1283/900/1 1284/901/1 1282/899/1
f 1285/902/1 1284/901/1 1283/900/1
f 1285/902/1 1286/903/1 1284/901/1
f 1287/904/1 1286/903/1 1285/902/1
f 1287/904/1 1288/905/1 1286/903/1
f 1289/906/1 1288/905/1 1287/904/1
f 1289/906/1 1290/907/1 1288/905/1
f 1291/908/1 1290/907/1 1289/906/1
f 1291/908/1 1292/909/1 1290/907/1
f 1293/910/1 1292/909/1 1291/908/1
f 1293/910/1 1294/911/1 1292/909/1
f 1295/912/1 1294/911/1 1293/910/1
f 1295/912/1 1296/913/1 1294/911/1
f 1297/914/1 1296/913/1 1295/912/1
f 1297/914/1 1298/915/1 1296/913/1
f 1224/870/1 1298/915/1 1297/914/1
f 1298/915/1 1224/870/1 1225/871/1
f 1278/895/1 1110/800/1 1111/801/1
f 1359/943/1 1357/942/1 1111/801/1
f 1360/944/1 1357/942/1 1359/943/1
f 1360/944/1 1361/945/1 1357/942/1
f 1362/946/1 1361/945/1 1360/944/1
f 1362/946/1 1363/947/1 1361/945/1
f 1364/948/1 1363/947/1 1362/946/1
f 1364/948/1 1365/949/1 1363/947/1
f 1366/950/1 1365/949/1 1364/948/1
f 1366/950/1 1367/951/1 1365/949/1
f 1368/952/1 1367/951/1 1366/950/1
f 1368/952/1 1369/953/1 1367/951/1
f 1370/954/1 1369/953/1 1368/952/1
f 1370/954/1 1371/955/1 1369/953/1
f 1372/956/1 1371/955/1 1370/954/1
f 1372/956/1 1373/957/1 1371/955/1
f 1374/958/1 1373/957/1 1372/956/1
f 1374/958/1 1375/959/1 1373/957/1
f 1376/960/1 1375/959/1 1374/958/1
f 1376/960/1 1377/961/1 1375/959/1
f 1378/962/1 1377/961/1 1376/960/1
f 1378/962/1 1379/963/1 1377/961/1
f 1223/869/1 1379/963/1 1378/962/1
f 1379/963/1 1223/869/1 1224/870/1
f 1359/943/1 1111/801/1 1112/802/1
f 1163/828/539 1535/809/540 1131/809/540
f 1161/826/2 1534/828/2 1163/828/2
f 1156/815/359 1536/826/541 1161/826/541
f 1161/826/1 1538/1046/1 1156/815/1
f 1161/826/1 1159/822/1 1538/1046/1
f 1538/1046/1 1158/820/1 1157/816/1
f 1156/815/361 1538/1046/361 1157/816/361
f 1114/804/140 1537/815/141 1156/815/141
f 1115/805/122 1539/804/542 1114/804/542
f 1129/807/191 1128/806/543 1127/806/543
f 1131/809/544 1540/807/203 1129/807/203
f 455/358/1 1541/1047/1 390/310/1
f 455/358/1 1542/1048/1 1541/1047/1
f 455/358/1 1543/1049/1 1542/1048/1
f 455/358/1 1544/1050/1 1543/1049/1
f 455/358/1 1545/1051/1 1544/1050/1
f 455/358/1 1546/1052/1 1545/1051/1
f 455/358/1 1547/1053/1 1546/1052/1
f 384/304/1 1547/1053/1 455/358/1
f 1547/1053/1 384/304/1 1548/1054/1
f 1548/1054/1 384/304/1 1549/1055/1
f 1549/1055/1 384/304/1 383/303/1
f 383/303/199 1551/1055/545 1549/1055/545
f 382/302/546 1550/303/187 383/303/187
f 380/300/547 1552/302/543 382/302/543
f 377/297/544 1553/300/203 380/300/203
f 376/295/539 1554/297/540 377/297/540
f 375/294/2 1555/295/2 376/295/2
f 1557/1056/359 1556/294/360 375/294/360
f 375/294/1 1559/1057/1 1557/1056/1
f 375/294/1 1560/1058/1 1559/1057/1
f 375/294/1 371/293/1 1560/1058/1
f 1560/1058/1 371/293/1 1561/1059/1
f 371/293/1 1562/1060/1 1561/1059/1
f 371/293/1 1563/1061/1 1562/1060/1
f 371/293/1 1564/1062/1 1563/1061/1
f 374/292/1 1564/1062/1 371/293/1
f 374/292/1 378/298/1 1564/1062/1
f 1574/1063/1 1582/1064/1 1584/1065/1
f 1567/1066/1 1585/1067/1 1568/1068/1
f 1567/1066/1 1586/1069/1 1585/1067/1
f 1584/1065/1 1586/1069/1 1567/1066/1
f 1584/1065/1 1587/1070/1 1586/1069/1
f 1583/1071/1 1587/1070/1 1584/1065/1
f 1583/1071/1 1588/1072/1 1587/1070/1
f 379/299/1 1588/1072/1 1583/1071/1
f 1588/1072/1 379/299/1 1589/1073/1
f 379/299/4 1590/1074/2 1589/1073/4
f 379/299/104 1591/1075/104 1590/1074/104
f 379/299/4 381/301/2 1591/1075/4
f 1592/1076/1 1591/1075/1 381/301/1
f 1591/1075/1 1592/1076/1 1593/1077/1
f 1593/1077/1 1592/1076/1 1594/1078/1
f 389/309/1 390/310/1 1602/1079/1
f 1602/1079/1 390/310/1 1604/1080/1
f 1604/1080/1 390/310/1 1605/1081/1
f 1605/1081/1 390/310/1 1606/1082/1
f 1606/1082/1 390/310/1 1607/1083/1
f 1607/1083/1 390/310/1 1608/1084/1
f 1608/1084/1 390/310/1 1609/1085/1
f 1609/1085/1 390/310/1 1610/1086/1
f 1610/1086/1 390/310/1 1611/1087/1
f 1611/1087/1 390/310/1 1612/1088/1
f 1612/1088/1 390/310/1 1613/1089/1
f 1613/1089/1 390/310/1 1576/1090/1
f 1576/1090/1 390/310/1 1614/1091/1
f 1614/1091/1 390/310/1 1615/1092/1
f 1615/1092/1 390/310/1 1541/1047/1
f 1541/1047/124 1617/1092/549 1615/1092/549
f 1542/1048/126 1616/1047/490 1541/1047/490
f 1543/1049/212 1618/1048/127 1542/1048/127
f 1544/1050/128 1619/1049/129 1543/1049/129
f 1545/1051/130 1620/1050/131 1544/1050/131
f 1546/1052/4 1621/1051/4 1545/1051/4
f 1547/1053/492 1622/1052/493 1546/1052/493
f 1548/1054/343 1623/1053/494 1547/1053/494
f 1549/1055/495 1624/1054/290 1548/1054/232
f 1614/1091/140 1558/1056/141 1557/1056/141
f 1557/1056/1 1577/1093/1 1614/1091/1
f 1626/1094/1 1577/1093/1 1557/1056/1
f 1626/1094/1 1578/1095/1 1577/1093/1
f 1626/1094/1 1579/1096/1 1578/1095/1
f 1626/1094/1 1580/1097/1 1579/1096/1
f 1627/1098/1 1580/1097/1 1626/1094/1
f 1580/1097/1 1627/1098/1 1581/1099/1
f 1560/1058/1 1581/1099/1 1627/1098/1
f 1560/1058/1 1582/1064/1 1581/1099/1
f 1560/1058/1 1561/1059/1 1582/1064/1
f 1614/1091/1 1577/1093/1 1576/1090/1
f 1575/1116/1 1613/1089/1 1576/1090/1
f 1575/1116/1 1673/1117/1 1613/1089/1
f 1574/1063/1 1673/1117/1 1575/1116/1
f 1574/1063/1 1674/1118/1 1673/1117/1
f 1573/1119/1 1674/1118/1 1574/1063/1
f 1573/1119/1 1675/1120/1 1674/1118/1
f 1572/1121/1 1675/1120/1 1573/1119/1
f 1572/1121/1 1676/1122/1 1675/1120/1
f 1571/1123/1 1676/1122/1 1572/1121/1
f 1571/1123/1 1677/1124/1 1676/1122/1
f 1570/1125/1 1677/1124/1 1571/1123/1
f 1570/1125/1 1678/1126/1 1677/1124/1
f 1569/1127/1 1678/1126/1 1570/1125/1
f 1569/1127/1 1679/1128/1 1678/1126/1
f 1568/1068/1 1679/1128/1 1569/1127/1
f 1568/1068/1 1585/1067/1 1679/1128/1
f 1589/1073/1 1688/1130/1 1686/1129/1
f 1688/1130/1 1589/1073/1 1590/1074/1
f 1590/1074/1 1693/1132/1 1691/1131/1
f 1693/1132/1 1590/1074/1 1591/1075/1
f 1593/1077/1 1594/1078/1 1697/1133/1
f 1697/1133/1 1594/1078/1 1699/1134/1
f 1739/1148/1 1699/1134/1 1738/1144/1
f 1697/1133/1 1699/1134/1 1739/1148/1
f 1739/1148/1 1738/1144/1 1741/1149/1
f 1741/1149/1 1738/1144/1 1743/1146/1
f 1745/1150/1 1743/1146/1 1744/1143/1
f 1741/1149/1 1743/1146/1 1745/1150/1
f 1745/1150/1 1744/1143/1 1747/1151/1
f 1747/1151/1 1744/1143/1 1749/1152/1
f 1757/1162/1 1756/1159/1 1610/1086/1
f 1758/1163/1 1756/1159/1 1757/1162/1
f 1758/1163/1 1759/1164/1 1756/1159/1
f 1760/1165/1 1759/1164/1 1758/1163/1
f 1760/1165/1 1761/1156/1 1759/1164/1
f 1762/1166/1 1761/1156/1 1760/1165/1
f 1762/1166/1 1763/1155/1 1761/1156/1
f 1764/1167/1 1763/1155/1 1762/1166/1
f 1764/1167/1 1749/1152/1 1763/1155/1
f 1747/1151/1 1749/1152/1 1764/1167/1
f 1757/1162/1 1610/1086/1 1611/1087/1
f 1773/1169/1 1771/1168/1 1611/1087/1
f 1774/1170/1 1771/1168/1 1773/1169/1
f 1774/1170/1 1775/1171/1 1771/1168/1
f 1776/1172/1 1775/1171/1 1774/1170/1
f 1776/1172/1 1777/1173/1 1775/1171/1
f 1778/1174/1 1777/1173/1 1776/1172/1
f 1778/1174/1 1779/1175/1 1777/1173/1
f 1780/1176/1 1779/1175/1 1778/1174/1
f 1780/1176/1 1781/1177/1 1779/1175/1
f 1782/1178/1 1781/1177/1 1780/1176/1
f 1782/1178/1 1783/1179/1 1781/1177/1
f 1784/1180/1 1783/1179/1 1782/1178/1
f 1784/1180/1 1785/1181/1 1783/1179/1
f 1786/1182/1 1785/1181/1 1784/1180/1
f 1786/1182/1 1787/1183/1 1785/1181/1
f 1788/1184/1 1787/1183/1 1786/1182/1
f 1788/1184/1 1789/1185/1 1787/1183/1
f 1790/1186/1 1789/1185/1 1788/1184/1
f 1790/1186/1 1791/1187/1 1789/1185/1
f 1691/1131/1 1791/1187/1 1790/1186/1
f 1691/1131/1 1693/1132/1 1791/1187/1
f 1773/1169/1 1611/1087/1 1612/1088/1
f 1848/1215/1 1846/1214/1 1612/1088/1
f 1849/1216/1 1846/1214/1 1848/1215/1
f 1849/1216/1 1850/1217/1 1846/1214/1
f 1851/1218/1 1850/1217/1 1849/1216/1
f 1851/1218/1 1852/1219/1 1850/1217/1
f 1853/1220/1 1852/1219/1 1851/1218/1
f 1853/1220/1 1854/1221/1 1852/1219/1
f 1855/1222/1 1854/1221/1 1853/1220/1
f 1855/1222/1 1856/1223/1 1854/1221/1
f 1857/1224/1 1856/1223/1 1855/1222/1
f 1857/1224/1 1858/1225/1 1856/1223/1
f 1859/1226/1 1858/1225/1 1857/1224/1
f 1859/1226/1 1860/1227/1 1858/1225/1
f 1861/1228/1 1860/1227/1 1859/1226/1
f 1861/1228/1 1862/1229/1 1860/1227/1
f 1863/1230/1 1862/1229/1 1861/1228/1
f 1863/1230/1 1864/1231/1 1862/1229/1
f 1865/1232/1 1864/1231/1 1863/1230/1
f 1865/1232/1 1866/1233/1 1864/1231/1
f 1686/1129/1 1866/1233/1 1865/1232/1
f 1686/1129/1 1688/1130/1 1866/1233/1
f 1848/1215/1 1612/1088/1 1613/1089/1
f 1559/1057/1 1627/1098/1 1626/1094/1
f 1557/1056/361 1559/1057/361 1626/1094/361
f 1615/1092/122 1625/1091/159 1614/1091/159
f 390/310/1 1978/1305/1 394/314/1
f 390/310/1 1979/1306/1 1978/1305/1
f 390/310/1 1980/1307/1 1979/1306/1
f 390/310/1 391/311/1 1980/1307/1
f 391/311/1 1982/1308/1 1980/1307/1
f 391/311/4 1983/1309/2 1981/1310/4
f 391/311/1 392/312/1 1983/1309/1
f 1983/1309/1 1985/1311/1 1984/1312/1
f 1984/1312/1 1981/1310/1 1983/1309/1
f 1981/1310/1 1984/1312/1 1982/1308/1
f 1984/1312/1 1986/1313/1 1982/1308/1
f 1985/1311/1 1986/1313/1 1984/1312/1
f 1985/1311/1 394/314/1 1986/1313/1
f 392/312/1 394/314/1 1985/1311/1
f 1986/1313/1 394/314/1 1987/1314/1
f 1987/1314/1 394/314/1 1988/1315/1
f 1988/1315/1 394/314/1 1989/1316/1
f 1989/1316/1 394/314/1 1978/1305/1
f 1992/1317/1 1978/1305/1 1979/1306/1
f 1979/1306/5 1993/1318/5 1992/1317/5
f 1979/1306/4 1986/1313/2 1993/1318/4
f 1979/1306/1 1980/1307/1 1986/1313/1
f 1982/1308/1 1986/1313/1 1980/1307/1
f 1986/1313/1 1988/1315/1 1993/1318/1
f 1988/1315/1 1992/1317/1 1993/1318/1
f 1992/1317/1 1988/1315/1 1989/1316/1
f 394/314/1 2000/1319/1 398/318/1
f 394/314/1 2001/1320/1 2000/1319/1
f 394/314/1 2002/1321/1 2001/1320/1
f 394/314/1 395/315/1 2002/1321/1
f 2003/1322/1 395/315/1 396/316/1
f 396/316/1 398/318/1 2003/1322/1
f 2003/1322/1 398/318/1 2004/1323/1
f 2004/1323/1 398/318/1 2005/1324/1
f 2005/1324/1 398/318/1 2006/37/1
f 2006/37/1 398/318/1 2007/38/1
f 2007/38/1 398/318/1 2000/1319/1
f 62/38/5 2000/1319/5 2008/1319/5
f 2013/1325/1 2009/1326/1 2008/1319/1
f 2015/1327/5 2010/1328/5 2016/1326/5
f 2018/1324/1 2019/1329/1 2021/1323/1
f 2006/37/5 2018/1324/5 2005/1324/5
f 61/37/5 2007/38/5 62/38/5
f 2015/1327/1 62/38/1 2010/1328/1
f 2005/1324/2 2021/1323/2 2004/1323/2
f 31/35/3 2004/1323/3 2021/1323/3
f 2023/39/3 31/35/3 30/39/3
f 2001/1320/5 2022/35/5 2023/39/5
f 2001/1320/5 2004/1323/5 2022/35/5
f 2001/1320/1 2002/1321/1 2004/1323/1
f 2003/1322/1 2004/1323/1 2002/1321/1
f 2023/39/3 2011/1320/3 2001/1320/3
f 2001/1320/4 2008/1319/4 2000/1319/4
f 31/35/1 2012/1330/1 30/39/1
f 2024/1329/3 2025/1325/3 2020/1331/3
f 2014/1332/2 2024/1329/2 2019/1329/2
f 2013/1325/4 2016/1326/4 2009/1326/4
f 466/370/1 459/365/1 2026/1336/1
f 2026/1336/1 459/365/1 2027/267/1
f 2027/267/1 459/365/1 2028/269/1
f 2028/269/1 459/365/1 2029/270/1
f 2029/270/1 459/365/1 461/364/1
f 2031/270/5 461/364/5 2030/364/5
f 2036/1337/1 2032/1338/1 2030/364/1
f 2033/1339/5 2038/1338/5 2039/1340/5
f 2040/269/1 2041/1341/1 2042/267/1
f 2029/270/5 2040/269/5 2028/269/5
f 2028/269/2 2042/267/2 2027/267/2
f 326/271/3 2027/267/3 2042/267/3
f 462/366/3 326/271/3 2034/366/3
f 462/366/4 2027/267/2 2043/271/4
f 462/366/1 463/367/1 2027/267/1
f 2026/1336/1 2027/267/1 463/367/1
f 2026/1336/1 464/368/1 466/370/1
f 462/366/4 2030/364/4 461/364/4
f 2037/1340/2 2044/1341/2 2041/1341/2
f 2035/1345/3 2044/1341/3 2045/1337/3
f 2036/1337/4 2038/1338/4 2032/1338/4
f 413/330/1 2046/1346/1 384/304/1
f 2046/1346/1 413/330/1 2047/1347/1
f 2047/1347/1 413/330/1 2048/1348/1
f 2048/1348/1 413/330/1 2049/1349/1
f 413/330/1 415/329/1 2049/1349/1
f 2049/1349/1 415/329/1 2050/1350/1
f 2050/1350/1 415/329/1 2051/1351/1
f 2052/1352/1 2051/1351/1 415/329/1
f 2051/1351/1 2052/1352/1 2053/1353/1
f 2053/1353/1 2052/1352/1 2054/1354/1
f 2064/1355/1 2066/1356/1 2058/1357/1
f 2075/1358/1 2077/1359/1 2057/1360/1
f 2057/1360/1 2079/1361/1 2068/1362/1
f 2057/1360/1 2080/1363/1 2079/1361/1
f 2067/1364/1 2080/1363/1 2057/1360/1
f 2067/1364/1 2081/1365/1 2080/1363/1
f 2066/1356/1 2081/1365/1 2067/1364/1
f 2066/1356/1 2082/1366/1 2081/1365/1
f 2065/1367/1 2082/1366/1 2066/1356/1
f 2065/1367/1 2083/1368/1 2082/1366/1
f 2064/1355/1 2083/1368/1 2065/1367/1
f 2064/1355/1 2084/1369/1 2083/1368/1
f 2063/1370/1 2084/1369/1 2064/1355/1
f 2063/1370/1 2085/1371/1 2084/1369/1
f 2052/1352/1 2085/1371/1 2063/1370/1
f 2085/1371/1 2052/1352/1 2086/1372/1
f 2052/1352/4 2087/1373/2 2086/1372/4
f 2052/1352/104 2088/1374/104 2087/1373/104
f 2052/1352/94 415/329/95 2088/1374/4
f 2089/1375/1 2088/1374/1 415/329/1
f 2088/1374/1 2089/1375/1 2090/1376/1
f 2090/1376/1 2089/1375/1 2091/1377/1
f 2102/1378/1 2106/1379/1 2110/1380/1
f 2111/1381/1 2095/1382/1 2094/1383/1
f 2112/1384/1 2095/1382/1 2111/1381/1
f 2112/1384/1 2096/1385/1 2095/1382/1
f 2113/1386/1 2096/1385/1 2112/1384/1
f 2113/1386/1 2097/1387/1 2096/1385/1
f 2114/1388/1 2097/1387/1 2113/1386/1
f 2114/1388/1 2098/1389/1 2097/1387/1
f 2115/1390/1 2098/1389/1 2114/1388/1
f 2115/1390/1 2091/1377/1 2098/1389/1
f 2090/1376/1 2091/1377/1 2115/1390/1
f 2132/1391/1 2090/1376/1 2120/1392/1
f 2111/1381/1 2094/1383/1 2118/1393/1
f 2118/1393/1 2094/1383/1 2110/1380/1
f 2122/1412/1 2107/1411/1 2106/1379/1
f 2121/1413/1 2107/1411/1 2122/1412/1
f 2121/1413/1 2108/1407/1 2107/1411/1
f 2120/1392/1 2108/1407/1 2121/1413/1
f 2120/1392/1 2109/1406/1 2108/1407/1
f 2119/1414/1 2109/1406/1 2120/1392/1
f 2119/1414/1 2110/1380/1 2109/1406/1
f 2118/1393/1 2110/1380/1 2119/1414/1
f 2122/1412/1 2106/1379/1 2123/1415/1
f 2106/1379/1 385/305/1 2123/1415/1
f 2105/1416/1 385/305/1 2106/1379/1
f 2104/1417/1 385/305/1 2105/1416/1
f 2103/1418/1 385/305/1 2104/1417/1
f 2102/1378/1 385/305/1 2103/1418/1
f 2101/1419/1 385/305/1 2102/1378/1
f 2100/1420/1 385/305/1 2101/1419/1
f 2099/1421/1 385/305/1 2100/1420/1
f 420/335/1 385/305/1 2099/1421/1
f 2123/1415/1 385/305/1 2201/1431/1
f 2201/1431/1 385/305/1 2202/1432/1
f 2202/1432/1 385/305/1 2073/1433/1
f 2073/1433/1 385/305/1 2203/1434/1
f 2203/1434/1 385/305/1 2204/1435/1
f 2204/1435/1 385/305/1 2205/1436/1
f 384/304/1 2205/1436/1 385/305/1
f 384/304/1 2206/1437/1 2205/1436/1
f 384/304/1 2207/1438/1 2206/1437/1
f 384/304/1 2208/1439/1 2207/1438/1
f 384/304/1 2209/1440/1 2208/1439/1
f 384/304/1 2210/1441/1 2209/1440/1
f 384/304/1 2046/1346/1 2210/1441/1
f 2046/1346/492 2212/1441/585 2210/1441/585
f 2047/1347/229 2211/1346/494 2046/1346/494
f 2048/1348/495 2213/1347/232 2047/1347/232
f 2049/1349/199 2214/1348/496 2048/1348/496
f 2050/1350/586 2215/1349/187 2049/1349/187
f 2051/1351/191 2216/1350/543 2050/1350/543
f 2053/1353/544 2217/1351/203 2051/1351/203
f 2219/1442/587 2218/1353/540 2053/1353/540
f 2053/1353/1 2221/1443/1 2219/1442/1
f 2221/1443/93 2053/1353/93 2222/1444/93
f 2053/1353/1 2054/1354/1 2222/1444/1
f 2222/1444/1 2054/1354/1 2062/1445/1
f 2262/1460/1 2062/1445/1 2061/1459/1
f 2222/1444/1 2062/1445/1 2262/1460/1
f 2263/1461/1 2222/1444/1 2262/1460/1
f 2264/1462/1 2263/1461/1 2262/1460/1
f 2219/1442/1 2263/1461/1 2264/1462/1
f 2219/1442/1 2221/1443/1 2263/1461/1
f 2264/1462/2 2220/1442/2 2219/1442/2
f 2266/1463/359 2265/1462/360 2264/1462/360
f 2264/1462/1 2268/1464/1 2266/1463/1
f 2264/1462/1 2269/1465/1 2268/1464/1
f 2264/1462/1 2262/1460/1 2269/1465/1
f 2269/1465/1 2262/1460/1 2059/1456/1
f 2262/1460/1 2060/1457/1 2059/1456/1
f 2262/1460/1 2061/1459/1 2060/1457/1
f 2269/1465/1 2059/1456/1 2058/1357/1
f 2269/1465/1 2058/1357/1 2078/1466/1
f 2203/1434/1 2074/1473/1 2073/1433/1
f 2266/1463/1 2074/1473/1 2203/1434/1
f 2276/1474/1 2074/1473/1 2266/1463/1
f 2276/1474/1 2075/1358/1 2074/1473/1
f 2276/1474/1 2076/1469/1 2075/1358/1
f 2276/1474/1 2077/1359/1 2076/1469/1
f 2277/1475/1 2077/1359/1 2276/1474/1
f 2077/1359/1 2277/1475/1 2078/1466/1
f 2269/1465/1 2078/1466/1 2277/1475/1
f 2268/1464/1 2277/1475/1 2276/1474/1
f 2266/1463/361 2268/1464/361 2276/1474/361
f 2203/1434/140 2267/1463/141 2266/1463/141
f 2204/1435/122 2278/1434/159 2203/1434/159
f 2205/1436/124 2279/1435/549 2204/1435/549
f 2206/1437/126 2280/1436/490 2205/1436/490
f 2207/1438/212 2281/1437/127 2206/1437/127
f 2208/1439/128 2282/1438/129 2207/1438/129
f 2209/1440/130 2283/1439/131 2208/1439/131
f 2210/1441/4 2284/1440/4 2209/1440/4
f 2072/1476/1 2202/1432/1 2073/1433/1
f 2072/1476/1 2286/1477/1 2202/1432/1
f 2071/1478/1 2286/1477/1 2072/1476/1
f 2071/1478/1 2287/1479/1 2286/1477/1
f 2070/1480/1 2287/1479/1 2071/1478/1
f 2070/1480/1 2288/1481/1 2287/1479/1
f 2069/1482/1 2288/1481/1 2070/1480/1
f 2069/1482/1 2289/1483/1 2288/1481/1
f 2068/1362/1 2289/1483/1 2069/1482/1
f 2068/1362/1 2079/1361/1 2289/1483/1
f 2298/1484/1 2302/1485/1 2080/1363/1
f 2292/1486/1 2201/1431/1 2202/1432/1
f 2292/1486/1 2303/1487/1 2201/1431/1
f 2302/1485/1 2303/1487/1 2292/1486/1
f 2302/1485/1 2304/1488/1 2303/1487/1
f 2301/1489/1 2304/1488/1 2302/1485/1
f 2301/1489/1 2305/1490/1 2304/1488/1
f 2300/1491/1 2305/1490/1 2301/1489/1
f 2300/1491/1 2306/1492/1 2305/1490/1
f 2299/1493/1 2306/1492/1 2300/1491/1
f 2299/1493/1 2307/1494/1 2306/1492/1
f 2298/1484/1 2307/1494/1 2299/1493/1
f 2298/1484/1 2308/1495/1 2307/1494/1
f 2297/1496/1 2308/1495/1 2298/1484/1
f 2297/1496/1 2309/1497/1 2308/1495/1
f 2296/1498/1 2309/1497/1 2297/1496/1
f 2296/1498/1 2310/1499/1 2309/1497/1
f 2295/1500/1 2310/1499/1 2296/1498/1
f 2295/1500/1 2311/1501/1 2310/1499/1
f 2294/1502/1 2311/1501/1 2295/1500/1
f 2294/1502/1 2312/1503/1 2311/1501/1
f 2293/1504/1 2312/1503/1 2294/1502/1
f 2293/1504/1 2313/1505/1 2312/1503/1
f 2086/1372/1 2313/1505/1 2293/1504/1
f 2313/1505/1 2086/1372/1 2087/1373/1
f 2319/1506/1 2201/1431/1 2310/1499/1
f 2332/1511/5 2359/1515/5 2333/1515/5
f 2326/1523/1 2123/1415/1 2201/1431/1
f 2326/1523/1 2124/1524/1 2123/1415/1
f 2325/1525/1 2124/1524/1 2326/1523/1
f 2325/1525/1 2125/1526/1 2124/1524/1
f 2324/1527/1 2125/1526/1 2325/1525/1
f 2324/1527/1 2126/1528/1 2125/1526/1
f 2323/1529/1 2126/1528/1 2324/1527/1
f 2323/1529/1 2127/1530/1 2126/1528/1
f 2322/1531/1 2127/1530/1 2323/1529/1
f 2322/1531/1 2128/1532/1 2127/1530/1
f 2321/1533/1 2128/1532/1 2322/1531/1
f 2321/1533/1 2129/1534/1 2128/1532/1
f 2320/1535/1 2129/1534/1 2321/1533/1
f 2320/1535/1 2130/1536/1 2129/1534/1
f 2319/1506/1 2130/1536/1 2320/1535/1
f 2319/1506/1 2131/1537/1 2130/1536/1
f 2318/1538/1 2131/1537/1 2319/1506/1
f 2318/1538/1 2132/1391/1 2131/1537/1
f 2317/1539/1 2132/1391/1 2318/1538/1
f 2317/1539/1 2133/1540/1 2132/1391/1
f 2316/1541/1 2133/1540/1 2317/1539/1
f 2316/1541/1 2134/1542/1 2133/1540/1
f 2087/1373/1 2134/1542/1 2316/1541/1
f 2134/1542/1 2087/1373/1 2088/1374/1
f 414/328/3 423/338/3 416/331/3
f 422/337/1 393/313/1 2495/1607/1
f 2495/1607/1 393/313/1 2496/1608/1
f 2496/1608/1 393/313/1 2497/1609/1
f 2497/1609/1 393/313/1 2498/1610/1
f 2498/1610/1 393/313/1 2499/1611/1
f 2499/1611/1 393/313/1 2500/1612/1
f 385/305/1 2500/1612/1 393/313/1
f 385/305/1 2501/1613/1 2500/1612/1
f 385/305/1 2502/1614/1 2501/1613/1
f 385/305/1 421/336/1 2502/1614/1
f 421/336/1 2504/1615/1 2502/1614/1
f 421/336/4 2505/1616/2 2503/1617/4
f 421/336/4 422/337/2 2505/1616/4
f 2505/1616/1 2495/1607/1 2506/1618/1
f 2506/1618/1 2503/1617/1 2505/1616/1
f 2503/1617/1 2506/1618/1 2504/1615/1
f 2506/1618/1 2496/1608/1 2504/1615/1
f 2495/1607/1 2496/1608/1 2506/1618/1
f 2504/1615/1 2496/1608/1 2502/1614/1
f 2501/1613/1 2502/1614/1 2496/1608/1
f 2501/1613/4 2496/1608/2 2507/1619/4
f 2496/1608/1 2498/1610/1 2507/1619/1
f 2498/1610/1 2512/1620/1 2507/1619/1
f 2512/1620/1 2498/1610/1 2499/1611/1
f 2512/1620/1 2500/1612/1 2501/1613/1
f 2501/1613/5 2507/1619/5 2512/1620/5
f 2530/1632/609 2527/1631/610 2529/1633/609
f 2532/1634/378 2529/1633/363 2531/1635/611
f 2534/1636/612 2531/1635/613 2533/1637/614
f 2536/1638/615 2533/1637/616 2535/1639/617
f 2537/1640/618 2536/1638/619 2535/1639/413
f 2539/1641/620 2538/1642/411 2537/1640/621
f 2541/1643/622 2540/1644/407 2539/1641/407
f 2543/1645/623 2542/1646/404 2541/1643/405
f 2532/1634/1 2538/1642/1 2534/1636/1
f 2556/1658/448 2537/1640/635 2557/1659/636
f 2557/1659/640 2535/1639/641 2560/1663/641
f 2562/1664/417 2535/1639/418 2533/1637/417
f 2531/1635/419 2562/1664/420 2533/1637/421
f 2582/1684/681 2588/1689/682 2587/1690/636
f 2587/1690/454 2592/1694/455 2590/1695/455
f 2588/1689/412 2594/1696/619 2592/1694/413
f 2585/1688/620 2593/1697/411 2588/1689/411
f 2586/1687/406 2595/1698/407 2585/1688/407
f 2597/1699/623 2596/1700/404 2586/1687/404
f 2616/1717/366 2613/1716/365 2615/1718/366
f 2618/1719/378 2615/1718/363 2617/1720/611
f 2620/1721/612 2617/1720/371 2619/1722/372
f 2594/1696/415 2619/1722/695 2592/1694/415
f 2618/1719/1 2593/1697/1 2620/1721/1
f 2619/1722/696 2590/1695/697 2592/1694/697
f 2617/1720/698 2621/1723/699 2619/1722/699
f 2660/1747/1 2657/1748/1 2659/1749/1
f 2645/1750/722 2662/1751/723 2661/1752/609
f 2660/1747/611 2661/1752/724 2663/1753/378
f 2659/1749/612 2663/1753/725 2664/1754/612
f 2658/1755/415 2664/1754/616 2665/1756/415
f 2666/1757/412 2658/1755/619 2665/1756/726
f 2667/1758/620 2657/1748/411 2666/1757/411
f 2668/1759/406 2656/1760/407 2667/1758/407
f 2669/1761/623 2655/1762/404 2668/1759/404
f 2687/1786/741 2666/1757/449 2688/1787/682
f 2688/1787/454 2665/1756/455 2691/1791/455
f 2664/1754/696 2691/1791/697 2665/1756/697
f 2663/1753/419 2693/1792/421 2664/1754/421
f 2770/1844/24 2739/1841/24 2738/1845/24
f 2794/1867/2 2791/1868/2 2790/1867/2
f 2796/1869/5 2794/1867/5 2790/1867/5
f 2796/1869/757 2797/1870/757 2794/1867/757
f 2797/1870/757 2796/1869/757 2798/1871/757
f 2796/1869/1 2799/1872/1 2798/1871/1
f 2796/1869/1 2800/1873/1 2799/1872/1
f 2796/1869/4 2801/1874/2 2800/1873/4
f 2796/1869/94 2802/1875/95 2801/1874/4
f 2796/1869/1 2803/1876/1 2802/1875/1
f 2796/1869/1 2804/1877/1 2803/1876/1
f 2796/1869/1 2805/1878/1 2804/1877/1
f 2796/1869/1 2806/1879/1 2805/1878/1
f 2796/1869/1 2807/1880/1 2806/1879/1
f 2796/1869/1 2808/1881/1 2807/1880/1
f 2796/1869/1 2809/1882/1 2808/1881/1
f 2796/1869/370 2810/1883/370 2809/1882/370
f 2810/1883/1 2796/1869/1 2811/1884/1
f 2790/1867/1 2811/1884/1 2796/1869/1
f 2787/1865/1 2812/1885/1 2811/1884/1
f 2812/1885/1 2787/1865/1 2813/1886/1
f 2813/1886/1 2787/1865/1 2814/1887/1
f 2814/1887/1 2787/1865/1 2815/1888/1
f 2815/1888/1 2787/1865/1 2816/1889/1
f 2816/1889/1 2787/1865/1 2817/1890/1
f 2817/1890/1 2787/1865/1 2818/1891/1
f 2818/1891/1 2787/1865/1 2819/1892/1
f 2819/1892/1 2787/1865/1 2820/1893/1
f 2820/1893/1 2787/1865/1 2821/1894/1
f 2821/1894/1 2787/1865/1 2822/1895/1
f 2822/1895/1 2787/1865/1 2823/1896/1
f 2823/1896/1 2787/1865/1 2824/1897/1
f 2824/1897/1 2787/1865/1 2825/1898/1
f 2825/1898/1 2787/1865/1 2784/326/1
f 2825/1898/1 2784/326/1 2826/1899/1
f 2826/1899/1 2784/326/1 2827/1900/1
f 2827/1900/1 2784/326/1 2828/1901/1
f 2828/1901/1 2784/326/1 2829/1902/1
f 2829/1902/1 2784/326/1 2830/1903/1
f 2830/1903/1 2784/326/1 2831/1904/1
f 2831/1904/1 2784/326/1 2832/1905/1
f 2832/1905/1 2784/326/1 2833/1906/1
f 2833/1906/1 2784/326/1 2834/1907/1
f 2834/1907/1 2784/326/1 2835/1908/1
f 2835/1908/1 2784/326/1 2836/1909/1
f 2836/1909/1 2784/326/1 2837/1910/1
f 2837/1910/1 2784/326/1 2838/1911/1
f 2838/1911/1 2784/326/1 2839/1912/1
f 2839/1912/1 2784/326/1 2840/1913/1
f 2840/1913/1 2784/326/1 2841/1914/1
f 2841/1914/1 2784/326/1 2842/1915/1
f 2842/1915/1 2784/326/1 2843/1916/1
f 2843/1916/1 2784/326/1 2844/1917/1
f 2844/1917/1 2784/326/1 2845/1918/1
f 2845/1918/1 2784/326/1 2846/1919/1
f 2846/1919/1 2784/326/1 2847/1920/1
f 2847/1920/1 2784/326/1 2848/1921/1
f 2848/1921/1 2784/326/1 2849/1922/1
f 2849/1922/1 2784/326/1 2850/1923/1
f 2850/1923/1 2784/326/1 2851/1924/1
f 2851/1924/1 2784/326/1 2852/1925/1
f 2852/1925/1 2784/326/1 2853/1926/1
f 2853/1926/1 2784/326/1 2854/1927/1
f 2854/1927/1 2784/326/1 2855/1928/1
f 2855/1928/1 2784/326/1 2856/1929/1
f 2856/1929/1 2784/326/1 2857/1930/1
f 2857/1930/1 2784/326/1 2858/1931/1
f 2858/1931/1 2784/326/1 2859/1932/1
f 2859/1932/1 2784/326/1 2860/1933/1
f 2861/328/1 2860/1933/1 2784/326/1
f 2861/328/1 2862/1934/1 2860/1933/1
f 2861/328/1 2863/1935/1 2862/1934/1
f 2861/328/1 2864/1936/1 2863/1935/1
f 2861/328/1 2865/1937/1 2864/1936/1
f 2861/328/1 2866/1938/1 2865/1937/1
f 2861/328/1 2867/1939/1 2866/1938/1
f 2861/328/1 2868/1940/1 2867/1939/1
f 2798/1871/1 2868/1940/1 2861/328/1
f 2798/1871/1 2869/1941/1 2868/1940/1
f 2798/1871/1 2870/1942/1 2869/1941/1
f 2871/1943/1 2870/1942/1 2798/1871/1
f 2872/1944/1 2870/1942/1 2871/1943/1
f 2873/1945/1 2870/1942/1 2872/1944/1
f 2874/1946/1 2870/1942/1 2873/1945/1
f 2874/1946/1 2875/1947/1 2870/1942/1
f 2874/1946/1 2876/1948/1 2875/1947/1
f 2877/1949/1 2876/1948/1 2874/1946/1
f 2876/1948/1 2877/1949/1 2878/1950/1
f 2879/1951/1 2878/1950/1 2877/1949/1
f 2879/1951/1 2880/1952/1 2878/1950/1
f 2881/1953/1 2880/1952/1 2879/1951/1
f 2881/1953/1 2882/1954/1 2880/1952/1
f 2881/1953/1 2883/1955/1 2882/1954/1
f 2881/1953/1 2884/1956/1 2883/1955/1
f 2798/1871/1 2884/1956/1 2881/1953/1
f 2798/1871/1 2885/1957/1 2884/1956/1
f 2798/1871/1 2886/1958/1 2885/1957/1
f 2798/1871/1 2887/1959/1 2886/1958/1
f 2798/1871/1 2888/1960/1 2887/1959/1
f 2798/1871/1 2889/1961/1 2888/1960/1
f 2798/1871/1 2890/1962/1 2889/1961/1
f 2798/1871/1 2799/1872/1 2890/1962/1
f 2890/1962/1 2799/1872/1 2891/1963/1
f 2892/1964/1 2891/1963/1 2799/1872/1
f 2893/1965/1 2891/1963/1 2892/1964/1
f 2894/1966/1 2891/1963/1 2893/1965/1
f 2894/1966/1 2895/1967/1 2891/1963/1
f 2894/1966/1 2896/1968/1 2895/1967/1
f 2897/1969/1 2896/1968/1 2894/1966/1
f 2898/1970/1 2896/1968/1 2897/1969/1
f 2899/1971/1 2896/1968/1 2898/1970/1
f 2899/1971/1 2900/1972/1 2896/1968/1
f 2899/1971/1 2901/1973/1 2900/1972/1
f 2899/1971/1 2902/1974/1 2901/1973/1
f 2903/1975/1 2902/1974/1 2899/1971/1
f 2904/1976/1 2902/1974/1 2903/1975/1
f 2905/1977/1 2902/1974/1 2904/1976/1
f 2905/1977/1 2906/1978/1 2902/1974/1
f 2905/1977/1 2907/1979/1 2906/1978/1
f 2905/1977/1 2908/1980/1 2907/1979/1
f 2905/1977/1 2909/1981/1 2908/1980/1
f 2910/1982/1 2909/1981/1 2905/1977/1
f 2909/1981/1 2910/1982/1 2911/1983/1
f 2911/1983/1 2910/1982/1 2912/1984/1
f 2913/1985/1 2912/1984/1 2910/1982/1
f 2913/1985/1 2914/1986/1 2912/1984/1
f 2913/1985/1 2830/1903/1 2914/1986/1
f 2915/1987/1 2830/1903/1 2913/1985/1
f 2916/1988/1 2830/1903/1 2915/1987/1
f 2917/1989/1 2830/1903/1 2916/1988/1
f 2918/1990/1 2830/1903/1 2917/1989/1
f 2919/1991/1 2830/1903/1 2918/1990/1
f 2920/1992/1 2830/1903/1 2919/1991/1
f 2921/1993/1 2830/1903/1 2920/1992/1
f 2829/1902/1 2830/1903/1 2921/1993/1
f 2922/1994/1 2829/1902/1 2921/1993/1
f 2923/1995/1 2829/1902/1 2922/1994/1
f 2923/1995/1 2828/1901/1 2829/1902/1
f 2924/1996/1 2828/1901/1 2923/1995/1
f 2924/1996/1 2827/1900/1 2828/1901/1
f 2925/1997/1 2827/1900/1 2924/1996/1
f 2925/1997/1 2826/1899/1 2827/1900/1
f 2926/1998/1 2826/1899/1 2925/1997/1
f 2927/1999/1 2826/1899/1 2926/1998/1
f 2927/1999/1 2825/1898/1 2826/1899/1
f 2928/2000/1 2825/1898/1 2927/1999/1
f 2928/2000/1 2824/1897/1 2825/1898/1
f 2929/2001/1 2824/1897/1 2928/2000/1
f 2929/2001/1 2823/1896/1 2824/1897/1
f 2930/2002/1 2823/1896/1 2929/2001/1
f 2930/2002/1 2822/1895/1 2823/1896/1
f 2931/2003/1 2822/1895/1 2930/2002/1
f 2931/2003/1 2821/1894/1 2822/1895/1
f 2932/2004/1 2821/1894/1 2931/2003/1
f 2932/2004/1 2820/1893/1 2821/1894/1
f 2933/2005/1 2820/1893/1 2932/2004/1
f 2934/2006/1 2820/1893/1 2933/2005/1
f 2934/2006/1 2819/1892/1 2820/1893/1
f 2934/2006/1 2818/1891/1 2819/1892/1
f 2935/2007/1 2818/1891/1 2934/2006/1
f 2935/2007/1 2817/1890/1 2818/1891/1
f 2936/2008/1 2817/1890/1 2935/2007/1
f 2937/2009/1 2817/1890/1 2936/2008/1
f 2938/2010/1 2817/1890/1 2937/2009/1
f 2938/2010/1 2816/1889/1 2817/1890/1
f 2939/2011/1 2816/1889/1 2938/2010/1
f 2940/2012/1 2816/1889/1 2939/2011/1
f 2940/2012/1 2815/1888/1 2816/1889/1
f 2941/2013/1 2815/1888/1 2940/2012/1
f 2941/2013/1 2814/1887/1 2815/1888/1
f 2942/2014/1 2814/1887/1 2941/2013/1
f 2942/2014/1 2813/1886/1 2814/1887/1
f 2813/1886/1 2942/2014/1 2812/1885/1
f 2943/2015/1 2812/1885/1 2942/2014/1
f 2812/1885/1 2943/2015/1 2810/1883/1
f 2943/2015/1 2809/1882/1 2810/1883/1
f 2809/1882/1 2943/2015/1 2944/2016/1
f 2943/2015/1 2942/2014/1 2944/2016/1
f 2944/2016/1 2942/2014/1 2941/2013/1
f 2944/2016/1 2941/2013/1 2945/2017/1
f 2945/2017/1 2941/2013/1 2940/2012/1
f 2945/2017/1 2940/2012/1 2946/2018/1
f 2946/2018/1 2940/2012/1 2947/2019/1
f 2939/2011/1 2947/2019/1 2940/2012/1
f 2947/2019/1 2939/2011/1 2948/2020/1
f 2948/2020/758 2949/2021/759 2950/2022/758
f 2938/2010/760 2949/2021/759 2939/2011/759
f 2937/2009/761 2951/2023/760 2938/2010/760
f 2936/2008/762 2952/2024/761 2937/2009/761
f 2936/2008/762 2954/2025/763 2953/2026/762
f 2934/2006/764 2954/2025/763 2935/2007/763
f 2933/2005/765 2955/2027/764 2934/2006/764
f 2932/2004/766 2956/2028/765 2933/2005/765
f 2931/2003/767 2957/2029/766 2932/2004/766
f 2931/2003/768 2959/2030/769 2958/2031/768
f 2930/2002/769 2960/2032/770 2959/2030/769
f 2928/2000/771 2960/2032/772 2929/2001/772
f 2927/1999/773 2961/2033/771 2928/2000/771
f 2926/1998/774 2962/2034/773 2927/1999/773
f 2926/1998/774 2964/2035/775 2963/2036/774
f 2925/1997/776 2965/2037/777 2964/2035/776
f 2924/1996/778 2966/2038/779 2965/2037/778
f 2923/1995/780 2967/2039/781 2966/2038/779
f 2922/1994/781 2969/2040/782 2967/2039/781
f 2922/1994/1 2921/1993/1 2968/2041/1
f 2968/2041/1 2921/1993/1 2920/1992/1
f 2968/2041/1 2920/1992/1 2970/2042/1
f 2970/2042/1 2920/1992/1 2971/2043/1
f 2971/2043/1 2920/1992/1 2919/1991/1
f 2971/2043/1 2919/1991/1 2972/2044/1
f 2972/2044/1 2919/1991/1 2918/1990/1
f 2972/2044/1 2918/1990/1 2973/2045/1
f 2973/2045/1 2918/1990/1 2974/2046/1
f 2974/2046/1 2918/1990/1 2975/2047/1
f 2975/2047/1 2918/1990/1 2917/1989/1
f 2976/2048/1 2975/2047/1 2917/1989/1
f 2977/2049/1 2975/2047/1 2976/2048/1
f 2977/2049/1 2978/2050/1 2975/2047/1
f 2977/2049/1 2979/2051/1 2978/2050/1
f 2977/2049/1 2980/2052/1 2979/2051/1
f 2981/2053/1 2980/2052/1 2977/2049/1
f 2981/2053/1 2982/2054/1 2980/2052/1
f 2983/2055/1 2982/2054/1 2981/2053/1
f 2983/2055/1 2984/2056/1 2982/2054/1
f 2983/2055/1 2985/2057/1 2984/2056/1
f 2986/2058/1 2985/2057/1 2983/2055/1
f 2986/2058/1 2987/2059/1 2985/2057/1
f 2988/2060/1 2987/2059/1 2986/2058/1
f 2988/2060/1 2989/2061/1 2987/2059/1
f 2990/2062/1 2989/2061/1 2988/2060/1
f 2990/2062/1 2991/2063/1 2989/2061/1
f 2992/2064/1 2991/2063/1 2990/2062/1
f 2992/2064/1 2993/2065/1 2991/2063/1
f 2994/2066/1 2993/2065/1 2992/2064/1
f 2994/2066/1 2995/2067/1 2993/2065/1
f 2994/2066/1 2996/2068/1 2995/2067/1
f 2997/2069/1 2996/2068/1 2994/2066/1
f 2997/2069/1 2998/2070/1 2996/2068/1
f 2999/2071/1 2998/2070/1 2997/2069/1
f 2999/2071/1 3000/2072/1 2998/2070/1
f 3001/2073/1 3000/2072/1 2999/2071/1
f 3001/2073/1 3002/2074/1 3000/2072/1
f 3003/2075/1 3002/2074/1 3001/2073/1
f 3003/2075/1 3004/2076/1 3002/2074/1
f 3005/2077/1 3004/2076/1 3003/2075/1
f 3005/2077/1 3006/2078/1 3004/2076/1
f 3007/2079/1 3006/2078/1 3005/2077/1
f 3007/2079/1 3008/2080/1 3006/2078/1
f 3007/2079/1 3009/2081/1 3008/2080/1
f 3010/2082/1 3009/2081/1 3007/2079/1
f 3010/2082/1 3011/2083/1 3009/2081/1
f 3012/2084/1 3011/2083/1 3010/2082/1
f 3012/2084/1 3013/2085/1 3011/2083/1
f 3012/2084/1 3014/2086/1 3013/2085/1
f 3012/2084/1 2948/2020/1 3014/2086/1
f 2947/2019/1 2948/2020/1 3012/2084/1
f 3015/2087/1 2947/2019/1 3012/2084/1
f 2946/2018/1 2947/2019/1 3015/2087/1
f 3016/2088/1 2946/2018/1 3015/2087/1
f 3017/2089/1 2946/2018/1 3016/2088/1
f 2807/1880/1 2946/2018/1 3017/2089/1
f 2807/1880/1 2945/2017/1 2946/2018/1
f 2808/1881/1 2945/2017/1 2807/1880/1
f 2808/1881/1 2944/2016/1 2945/2017/1
f 2809/1882/1 2944/2016/1 2808/1881/1
f 3017/2089/1 2806/1879/1 2807/1880/1
f 2806/1879/1 3017/2089/1 3018/2090/1
f 3018/2090/758 3019/2091/759 3020/2092/758
f 3017/2089/759 3021/2093/760 3019/2091/759
f 3016/2088/760 3023/2094/761 3021/2093/760
f 3016/2088/1 3015/2087/1 3022/2095/1
f 3022/2095/1 3015/2087/1 3024/2096/1
f 3024/2096/1 3015/2087/1 3025/2097/1
f 3025/2097/1 3015/2087/1 3026/2098/1
f 3015/2087/1 3012/2084/1 3026/2098/1
f 3026/2098/1 3012/2084/1 3010/2082/1
f 3026/2098/1 3010/2082/1 3027/2099/1
f 3027/2099/1 3010/2082/1 3007/2079/1
f 3027/2099/1 3007/2079/1 3028/2100/1
f 3028/2100/1 3007/2079/1 3005/2077/1
f 3028/2100/1 3005/2077/1 3029/2101/1
f 3029/2101/1 3005/2077/1 3003/2075/1
f 3029/2101/1 3003/2075/1 3030/2102/1
f 3030/2102/1 3003/2075/1 3001/2073/1
f 3030/2102/1 3001/2073/1 3031/2103/1
f 3031/2103/1 3001/2073/1 2999/2071/1
f 3031/2103/1 2999/2071/1 2997/2069/1
f 3031/2103/1 2997/2069/1 3032/2104/1
f 3032/2104/1 2997/2069/1 2994/2066/1
f 3032/2104/1 2994/2066/1 3033/2105/1
f 3033/2105/1 2994/2066/1 2992/2064/1
f 3033/2105/1 2992/2064/1 3034/2106/1
f 3034/2106/1 2992/2064/1 2990/2062/1
f 3034/2106/1 2990/2062/1 3035/2107/1
f 3035/2107/1 2990/2062/1 2988/2060/1
f 3035/2107/1 2988/2060/1 3036/2108/1
f 3036/2108/1 2988/2060/1 2986/2058/1
f 3036/2108/1 2986/2058/1 3037/2109/1
f 3037/2109/1 2986/2058/1 2983/2055/1
f 3037/2109/1 2983/2055/1 3038/2110/1
f 3038/2110/1 2983/2055/1 3039/2111/1
f 3039/2111/1 2983/2055/1 2981/2053/1
f 3039/2111/1 2981/2053/1 3040/2112/1
f 3040/2112/1 2981/2053/1 2977/2049/1
f 3040/2112/1 2977/2049/1 2976/2048/1
f 3040/2112/1 2976/2048/1 3041/2113/1
f 3041/2113/1 2976/2048/1 3042/2114/1
f 3042/2114/1 2976/2048/1 3043/2115/1
f 2976/2048/1 2916/1988/1 3043/2115/1
f 2976/2048/1 2917/1989/1 2916/1988/1
f 3043/2115/1 2916/1988/1 2915/1987/1
f 3043/2115/1 2915/1987/1 3044/2116/1
f 3044/2116/1 2915/1987/1 2913/1985/1
f 3045/2117/1 3044/2116/1 2913/1985/1
f 3046/2118/1 3044/2116/1 3045/2117/1
f 3046/2118/1 3043/2115/1 3044/2116/1
f 3042/2114/1 3043/2115/1 3046/2118/1
f 3047/2119/1 3042/2114/1 3046/2118/1
f 3048/2120/1 3042/2114/1 3047/2119/1
f 3048/2120/1 3041/2113/1 3042/2114/1
f 3049/2121/1 3041/2113/1 3048/2120/1
f 3050/2122/1 3041/2113/1 3049/2121/1
f 3050/2122/1 3040/2112/1 3041/2113/1
f 3051/2123/1 3040/2112/1 3050/2122/1
f 3052/2124/1 3040/2112/1 3051/2123/1
f 3053/2125/1 3040/2112/1 3052/2124/1
f 3053/2125/1 3039/2111/1 3040/2112/1
f 3054/2126/1 3039/2111/1 3053/2125/1
f 3054/2126/1 3038/2110/1 3039/2111/1
f 3055/2127/1 3038/2110/1 3054/2126/1
f 3056/2128/1 3038/2110/1 3055/2127/1
f 3056/2128/1 3037/2109/1 3038/2110/1
f 3057/2129/1 3037/2109/1 3056/2128/1
f 3057/2129/1 3036/2108/1 3037/2109/1
f 3058/2130/1 3036/2108/1 3057/2129/1
f 3058/2130/1 3035/2107/1 3036/2108/1
f 3059/2131/1 3035/2107/1 3058/2130/1
f 3059/2131/1 3034/2106/1 3035/2107/1
f 3060/2132/1 3034/2106/1 3059/2131/1
f 3060/2132/1 3033/2105/1 3034/2106/1
f 3061/2133/1 3033/2105/1 3060/2132/1
f 3062/2134/1 3033/2105/1 3061/2133/1
f 3062/2134/1 3032/2104/1 3033/2105/1
f 3063/2135/1 3032/2104/1 3062/2134/1
f 3063/2135/1 3031/2103/1 3032/2104/1
f 3064/2136/1 3031/2103/1 3063/2135/1
f 3064/2136/1 3030/2102/1 3031/2103/1
f 3065/2137/1 3030/2102/1 3064/2136/1
f 3065/2137/1 3029/2101/1 3030/2102/1
f 3066/2138/1 3029/2101/1 3065/2137/1
f 3066/2138/1 3028/2100/1 3029/2101/1
f 3067/2139/1 3028/2100/1 3066/2138/1
f 3067/2139/1 3027/2099/1 3028/2100/1
f 3068/2140/1 3027/2099/1 3067/2139/1
f 3069/2141/1 3027/2099/1 3068/2140/1
f 3069/2141/1 3026/2098/1 3027/2099/1
f 3025/2097/1 3026/2098/1 3069/2141/1
f 3025/2097/783 3070/2142/764 3071/2143/763
f 3069/2141/764 3072/2144/765 3070/2142/764
f 3067/2139/766 3072/2144/765 3068/2140/765
f 3066/2138/767 3073/2145/766 3067/2139/766
f 3065/2137/769 3074/2146/767 3066/2138/767
f 3065/2137/769 3076/2147/770 3075/2148/769
f 3063/2135/771 3076/2147/772 3064/2136/772
f 3062/2134/773 3077/2149/771 3063/2135/771
f 3062/2134/773 3079/2150/774 3078/2151/773
f 3060/2132/775 3079/2150/774 3061/2133/774
f 3060/2132/776 3081/2152/777 3080/2153/776
f 3059/2131/777 3082/2154/779 3081/2152/777
f 3058/2130/780 3083/2155/781 3082/2154/780
f 3057/2129/781 3084/2156/782 3083/2155/781
f 3055/2127/784 3084/2156/782 3056/2128/782
f 3054/2126/785 3085/2157/786 3055/2127/784
f 3053/2125/787 3086/2158/788 3054/2126/788
f 3053/2125/787 3088/2159/789 3087/2160/787
f 3052/2124/790 3089/2161/791 3088/2159/790
f 3050/2122/792 3089/2161/791 3051/2123/791
f 3091/2162/793 3090/2163/792 3050/2122/794
f 3093/2164/1 3091/2162/1 3050/2122/1
f 3093/2164/1 3094/2165/1 3091/2162/1
f 3093/2164/1 3095/2166/1 3094/2165/1
f 3096/2167/1 3095/2166/1 3093/2164/1
f 3096/2167/1 3097/2168/1 3095/2166/1
f 3098/2169/1 3097/2168/1 3096/2167/1
f 3098/2169/1 3099/2170/1 3097/2168/1
f 3098/2169/1 3100/2171/1 3099/2170/1
f 3101/2172/1 3100/2171/1 3098/2169/1
f 3101/2172/1 3102/2173/1 3100/2171/1
f 3103/2174/1 3102/2173/1 3101/2172/1
f 3103/2174/1 3104/2175/1 3102/2173/1
f 3105/2176/1 3104/2175/1 3103/2174/1
f 3105/2176/1 3106/2177/1 3104/2175/1
f 3107/2178/1 3106/2177/1 3105/2176/1
f 3107/2178/1 3108/2179/1 3106/2177/1
f 3109/2180/1 3108/2179/1 3107/2178/1
f 3109/2180/1 3110/2181/1 3108/2179/1
f 3109/2180/1 3111/2182/1 3110/2181/1
f 3112/2183/1 3111/2182/1 3109/2180/1
f 3112/2183/1 3113/2184/1 3111/2182/1
f 3114/2185/1 3113/2184/1 3112/2183/1
f 3114/2185/1 3115/2186/1 3113/2184/1
f 3116/2187/1 3115/2186/1 3114/2185/1
f 3116/2187/1 3117/2188/1 3115/2186/1
f 3118/2189/1 3117/2188/1 3116/2187/1
f 3118/2189/1 3119/2190/1 3117/2188/1
f 3120/2191/1 3119/2190/1 3118/2189/1
f 3120/2191/1 3121/2192/1 3119/2190/1
f 2803/1876/1 3121/2192/1 3120/2191/1
f 2803/1876/1 3122/2193/1 3121/2192/1
f 2803/1876/1 3123/2194/1 3122/2193/1
f 2804/1877/1 3123/2194/1 2803/1876/1
f 2804/1877/1 3124/2195/1 3123/2194/1
f 2805/1878/1 3124/2195/1 2804/1877/1
f 2805/1878/1 3125/2196/1 3124/2195/1
f 2805/1878/1 3126/2197/1 3125/2196/1
f 2805/1878/1 3018/2090/1 3126/2197/1
f 2806/1879/1 3018/2090/1 2805/1878/1
f 3018/2090/758 3127/2198/795 3126/2197/795
f 3167/2201/1 3175/2202/1 3143/2203/1
f 3122/2193/807 3181/2213/808 3180/2210/807
f 3124/2195/809 3181/2213/808 3123/2194/808
f 3125/2196/810 3182/2215/809 3124/2195/809
f 3126/2197/811 3183/2216/812 3125/2196/812
f 3121/2192/818 3180/2210/807 3179/2209/819
f 3121/2192/819 3178/2208/820 3119/2190/820
f 3117/2188/821 3178/2208/822 3176/2204/821
f 3117/2188/823 3177/2206/824 3115/2186/824
f 3113/2184/825 3177/2206/826 3184/2219/827
f 3024/2096/762 3023/2094/761 3022/2095/761
f 3024/2096/885 3071/2143/763 3196/2259/885
f 3091/2162/793 3195/2263/886 3092/2238/793
f 3094/2165/887 3194/2237/888 3195/2263/887
f 3095/2166/889 3193/2233/890 3194/2237/889
f 3097/2168/890 3192/2231/891 3193/2233/890
f 3100/2171/892 3192/2231/891 3099/2170/891
f 3102/2173/893 3191/2230/892 3100/2171/892
f 3104/2175/894 3190/2228/895 3102/2173/893
f 3106/2177/896 3189/2227/894 3104/2175/894
f 3106/2177/897 3187/2223/898 3188/2225/897
f 3110/2181/899 3187/2223/900 3108/2179/900
f 3111/2182/901 3186/2222/899 3110/2181/899
f 3111/2182/902 3184/2219/825 3185/2220/902
f 3197/2264/1 2803/1876/1 3120/2191/1
f 2803/1876/1 3197/2264/1 2802/1875/1
f 3197/2264/77 3198/2265/4 2802/1875/98
f 3198/2265/4 3197/2264/2 3199/2266/4
f 3199/2266/3 3201/2264/3 3200/2266/3
f 3199/2266/4 3203/2267/4 3202/2267/4
f 3198/2265/1 3199/2266/1 3202/2267/1
f 3198/2265/1 3202/2267/1 3204/2268/1
f 3204/2268/1 3202/2267/1 3101/2172/1
f 3205/2269/1 3101/2172/1 3202/2267/1
f 3205/2269/1 3103/2174/1 3101/2172/1
f 3205/2269/1 3105/2176/1 3103/2174/1
f 3205/2269/1 3107/2178/1 3105/2176/1
f 3205/2269/1 3109/2180/1 3107/2178/1
f 3205/2269/1 3112/2183/1 3109/2180/1
f 3205/2269/1 3114/2185/1 3112/2183/1
f 3205/2269/1 3116/2187/1 3114/2185/1
f 3205/2269/1 3118/2189/1 3116/2187/1
f 3205/2269/1 3120/2191/1 3118/2189/1
f 3197/2264/1 3120/2191/1 3205/2269/1
f 3205/2269/2 3201/2264/2 3197/2264/2
f 3203/2267/5 3205/2269/5 3202/2267/5
f 3203/2267/1 3207/2270/1 3206/2269/1
f 3203/2267/1 3208/2271/1 3207/2270/1
f 3200/2266/1 3208/2271/1 3203/2267/1
f 3208/2271/1 3200/2266/1 3209/2272/1
f 3201/2264/1 3209/2272/1 3200/2266/1
f 3209/2272/1 3201/2264/1 3206/2269/1
f 3209/2272/1 3206/2269/1 3210/2273/1
f 3210/2273/1 3206/2269/1 3207/2270/1
f 3210/2273/5 3212/2270/5 3211/2273/5
f 3210/2273/2 3213/2272/2 3209/2272/2
f 3208/2271/3 3213/2272/3 3214/2271/3
f 3208/2271/4 3212/2270/4 3207/2270/4
f 3204/2268/1 3101/2172/1 3098/2169/1
f 3204/2268/1 3098/2169/1 3096/2167/1
f 3204/2268/1 3096/2167/1 3093/2164/1
f 3204/2268/903 3093/2164/903 3215/2277/903
f 3216/2278/1 3215/2277/1 3093/2164/1
f 2892/1964/1 3215/2277/1 3216/2278/1
f 2801/1874/1 3215/2277/1 2892/1964/1
f 3215/2277/1 2801/1874/1 2802/1875/1
f 3215/2277/1 3198/2265/1 3204/2268/1
f 2892/1964/2 3222/2279/2 2801/1874/2
f 2799/1872/904 3221/2280/904 2892/1964/904
f 2800/1873/4 3223/2281/4 2799/1872/4
f 2800/1873/905 3222/2279/905 3224/2282/905
f 2892/1964/1 3216/2278/1 2904/1976/1
f 2905/1977/1 3216/2278/1 2910/1982/1
f 3216/2278/1 2913/1985/1 2910/1982/1
f 3216/2278/1 3045/2117/1 2913/1985/1
f 3216/2278/1 3047/2119/1 3045/2117/1
f 3216/2278/1 3048/2120/1 3047/2119/1
f 3216/2278/1 3049/2121/1 3048/2120/1
f 3216/2278/1 3093/2164/1 3049/2121/1
f 3093/2164/1 3050/2122/1 3049/2121/1
f 3047/2119/1 3046/2118/1 3045/2117/1
f 2892/1964/1 2904/1976/1 3229/2283/1
f 3229/2283/1 2904/1976/1 2903/1975/1
f 2899/1971/1 3229/2283/1 2903/1975/1
f 2892/1964/1 3229/2283/1 2898/1970/1
f 2892/1964/1 2898/1970/1 3234/2284/1
f 3234/2284/1 2898/1970/1 2897/1969/1
f 2897/1969/1 2893/1965/1 3234/2284/1
f 2892/1964/1 3234/2284/1 2893/1965/1
f 3014/2086/811 2950/2022/758 3239/2285/811
f 3249/2288/1 3255/2289/1 3271/2290/1
f 3008/2080/807 3293/2300/808 3292/2298/807
f 3009/2081/808 3294/2302/809 3293/2300/808
f 3013/2085/810 3294/2302/809 3011/2083/809
f 3013/2085/810 3239/2285/795 3295/2303/810
f 3008/2080/807 3291/2297/819 3006/2078/819
f 3004/2076/822 3291/2297/819 3290/2294/822
f 3002/2074/821 3290/2294/820 3288/2291/821
f 3000/2072/824 3288/2291/821 3289/2293/824
f 2998/2070/825 3289/2293/824 3296/2305/825
f 2978/2050/793 3309/2330/794 2975/2047/794
f 2979/2051/887 3308/2328/793 2978/2050/793
f 2979/2051/887 3306/2324/889 3307/2326/887
f 2982/2054/915 3306/2324/889 2980/2052/889
f 2984/2056/916 3305/2322/890 2982/2054/890
f 2985/2057/892 3304/2320/891 2984/2056/891
f 2987/2059/893 3303/2319/892 2985/2057/892
f 2987/2059/893 3301/2315/917 3302/2317/893
f 2991/2063/896 3301/2315/894 2989/2061/894
f 2993/2065/918 3300/2313/896 2991/2063/896
f 2995/2067/899 3299/2311/898 2993/2065/898
f 2995/2067/899 3297/2307/901 3298/2309/899
f 2996/2068/902 3296/2305/825 3297/2307/902
f 2974/2046/791 3309/2330/792 3310/2332/791
f 2973/2045/919 3310/2332/791 3311/2335/919
f 2972/2044/787 3311/2335/789 3312/2336/787
f 2972/2044/921 3313/2338/785 2971/2043/785
f 2970/2042/784 3313/2338/785 3314/2339/784
f 2968/2041/782 3314/2339/784 2969/2040/782
f 2811/1884/1 2812/1885/1 2810/1883/1
f 2914/1986/1 2830/1903/1 3315/2354/1
f 3315/2354/1 2830/1903/1 3316/2355/1
f 3316/2355/1 2830/1903/1 3317/2356/1
f 3317/2356/1 2830/1903/1 3318/2357/1
f 3319/2358/1 3318/2357/1 2830/1903/1
f 3318/2357/1 3319/2358/1 3320/2359/1
f 3320/2359/1 3319/2358/1 3321/2360/1
f 3319/2358/2 3323/2360/2 3321/2360/2
f 3321/2360/1 3325/2361/1 3324/2362/1
f 3321/2360/3 3326/2362/3 3324/2362/3
f 3324/2362/1 2832/1905/1 3321/2360/1
f 3327/2363/1 2832/1905/1 3324/2362/1
f 2831/1904/1 2832/1905/1 3327/2363/1
f 3327/2363/3 3329/1904/3 2831/1904/3
f 2831/1904/1 3330/2364/1 2830/1903/1
f 2831/1904/4 3331/1903/4 2830/1903/4
f 3329/1904/1 3332/2364/1 3331/1903/1
f 3330/2364/2 3328/2363/2 3327/2363/2
f 3327/2363/1 3325/2361/1 3330/2364/1
f 3325/2361/1 3327/2363/1 3324/2362/1
f 3324/2362/4 3333/2361/4 3325/2361/4
f 3323/2360/1 3333/2361/1 3326/2362/1
f 3325/2361/5 3322/2358/5 3319/2358/5
f 3319/2358/4 3330/2364/2 3325/2361/4
f 3319/2358/1 2830/1903/1 3330/2364/1
f 2830/1903/5 3332/2364/5 3330/2364/5
f 3321/2360/1 2832/1905/1 3334/2365/1
f 3335/2366/1 3334/2365/1 2832/1905/1
f 3334/2365/1 3335/2366/1 3336/2367/1
f 3336/2367/1 3335/2366/1 3337/2368/1
f 3335/2366/2 3339/2368/2 3337/2368/2
f 2832/1905/1 3337/2368/1 3335/2366/1
f 2832/1905/5 3338/2366/5 3335/2366/5
f 2833/1906/4 3340/1905/4 2832/1905/4
f 3337/2368/3 3341/1906/3 2833/1906/3
f 2833/1906/1 2834/1907/1 3337/2368/1
f 3337/2368/1 2834/1907/1 3336/2367/1
f 3336/2367/1 2834/1907/1 3342/2369/1
f 3343/2370/1 3342/2369/1 2834/1907/1
f 3344/2371/1 3342/2369/1 3343/2370/1
f 3345/2372/1 3342/2369/1 3344/2371/1
f 3346/2373/1 3342/2369/1 3345/2372/1
f 3347/2374/1 3342/2369/1 3346/2373/1
f 3347/2374/1 3348/2375/1 3342/2369/1
f 3347/2374/1 3321/2360/1 3348/2375/1
f 3349/2376/1 3321/2360/1 3347/2374/1
f 3350/2377/1 3321/2360/1 3349/2376/1
f 3351/2378/1 3321/2360/1 3350/2377/1
f 3352/2379/1 3321/2360/1 3351/2378/1
f 3320/2359/1 3321/2360/1 3352/2379/1
f 3354/2380/931 3352/2379/932 3353/2381/933
f 3351/2378/933 3355/2382/934 3353/2381/933
f 3350/2377/935 3356/2383/936 3355/2382/935
f 3349/2376/937 3357/2384/938 3356/2383/937
f 3347/2374/938 3358/2385/939 3357/2384/938
f 3346/2373/940 3359/2386/941 3358/2385/940
f 3344/2371/942 3359/2386/941 3345/2372/941
f 3360/2387/943 3361/2388/944 3362/2389/944
f 3344/2371/1 3363/2390/1 3361/2388/1
f 3344/2371/1 3343/2370/1 3363/2390/1
f 3343/2370/2 3365/2390/2 3363/2390/2
f 3343/2370/1 3367/2391/1 3363/2390/1
f 3366/2392/5 3364/2370/5 3343/2370/5
f 3343/2370/94 3369/2393/95 3366/2392/4
f 3343/2370/4 2834/1907/2 3369/2393/4
f 2834/1907/5 3371/2393/5 3369/2393/5
f 3372/2394/1 2834/1907/1 2835/1908/1
f 3372/2394/3 3374/1908/3 2835/1908/3
f 2835/1908/1 2836/1909/1 3372/2394/1
f 3372/2394/1 2836/1909/1 3367/2391/1
f 3367/2391/1 2836/1909/1 3363/2390/1
f 3363/2390/1 2836/1909/1 3375/2395/1
f 3376/2396/1 3375/2395/1 2836/1909/1
f 3375/2395/1 3376/2396/1 3377/2397/1
f 3377/2397/1 3376/2396/1 3378/2398/1
f 3378/2398/1 3376/2396/1 3379/2399/1
f 3379/2399/1 3376/2396/1 3380/2400/1
f 3380/2400/1 3376/2396/1 3381/2401/1
f 3381/2401/1 3376/2396/1 3382/2402/1
f 3382/2402/1 3376/2396/1 3383/2403/1
f 3383/2403/1 3376/2396/1 3384/2404/1
f 3384/2404/1 3376/2396/1 3385/2405/1
f 3385/2405/1 3376/2396/1 3386/2406/1
f 3386/2406/1 3376/2396/1 3387/2407/1
f 3387/2407/1 3376/2396/1 2840/1913/1
f 3376/2396/2 3389/1913/2 2840/1913/2
f 2839/1912/1 3376/2396/1 3390/2408/1
f 2839/1912/4 3392/2408/4 3390/2408/4
f 3390/2408/1 2838/1911/1 2839/1912/1
f 2838/1911/1 3390/2408/1 3393/2409/1
f 3376/2396/3 3393/2409/3 3390/2408/3
f 3376/2396/96 2836/1909/97 3393/2409/4
f 2836/1909/5 3395/2409/5 3393/2409/5
f 3393/2409/1 2837/1910/1 2838/1911/1
f 3393/2409/2 3396/1911/2 2838/1911/2
f 3397/1910/1 3395/2409/1 3394/1909/1
f 2837/1910/4 3394/1909/4 2836/1909/4
f 2838/1911/3 3397/1910/3 2837/1910/3
f 3390/2408/5 3388/2396/5 3376/2396/5
f 3389/1913/1 3392/2408/1 3391/1912/1
f 2840/1913/3 3391/1912/3 2839/1912/3
f 3387/2407/1 2840/1913/1 3398/2410/1
f 3398/2410/1 2840/1913/1 3399/2411/1
f 3399/2411/1 2840/1913/1 3400/2412/1
f 3400/2412/1 2840/1913/1 3401/2413/1
f 3401/2413/1 2840/1913/1 3402/2414/1
f 3402/2414/1 2840/1913/1 3403/2415/1
f 3403/2415/1 2840/1913/1 3404/2416/1
f 3404/2416/1 2840/1913/1 3405/2417/1
f 3405/2417/1 2840/1913/1 3406/2418/1
f 3406/2418/1 2840/1913/1 3407/2419/1
f 3407/2419/1 2840/1913/1 3408/2420/1
f 3408/2420/1 2840/1913/1 3409/2421/1
f 3409/2421/1 2840/1913/1 3410/2422/1
f 3410/2422/1 2840/1913/1 3411/2423/1
f 3411/2423/1 2840/1913/1 3412/2424/1
f 3412/2424/1 2840/1913/1 3413/2425/1
f 3413/2425/945 2840/1913/945 3414/2426/945
f 3414/2426/1 2840/1913/1 3415/2427/1
f 3415/2427/1 2840/1913/1 3416/2428/1
f 3416/2428/1 2840/1913/1 3417/2429/1
f 3417/2429/1 2840/1913/1 3418/2430/1
f 3418/2430/1 2840/1913/1 3419/2431/1
f 3419/2431/1 2840/1913/1 3420/2432/1
f 3420/2432/1 2840/1913/1 3421/2433/1
f 3421/2433/1 2840/1913/1 3422/2434/1
f 3422/2434/1 2840/1913/1 3423/2435/1
f 3423/2435/1 2840/1913/1 3424/2436/1
f 3424/2436/1 2840/1913/1 3425/2437/1
f 3425/2437/1 2840/1913/1 3426/2438/1
f 3426/2438/1 2840/1913/1 3427/2439/1
f 3427/2439/1 2840/1913/1 3428/2440/1
f 3428/2440/1 2840/1913/1 3429/2441/1
f 3429/2441/1 2840/1913/1 2841/1914/1
f 3429/2441/1 3448/2444/1 3456/2445/1
f 3459/2449/1 3433/2450/1 3432/2446/1
f 3459/2449/1 3434/2451/1 3433/2450/1
f 3459/2449/1 3435/2452/1 3434/2451/1
f 3459/2449/1 3436/2453/1 3435/2452/1
f 3459/2449/1 3437/2454/1 3436/2453/1
f 3459/2449/1 3438/2455/1 3437/2454/1
f 3459/2449/1 3439/2456/1 3438/2455/1
f 3459/2449/1 3440/2457/1 3439/2456/1
f 3459/2449/1 3441/2458/1 3440/2457/1
f 3459/2449/1 3442/2459/1 3441/2458/1
f 3460/2460/1 3442/2459/1 3459/2449/1
f 3460/2460/1 3443/2461/1 3442/2459/1
f 3460/2460/1 3444/2462/1 3443/2461/1
f 3460/2460/1 3445/2463/1 3444/2462/1
f 3460/2460/1 3412/2424/1 3445/2463/1
f 3460/2460/1 3461/2464/1 3412/2424/1
f 3460/2460/1 3462/2465/1 3461/2464/1
f 3460/2460/1 3463/2466/1 3462/2465/1
f 3460/2460/1 3464/2467/1 3463/2466/1
f 3460/2460/1 3465/2468/1 3464/2467/1
f 3460/2460/1 3466/2469/1 3465/2468/1
f 3460/2460/1 3467/2470/1 3466/2469/1
f 3460/2460/1 3468/2471/1 3467/2470/1
f 3469/2472/1 3468/2471/1 3460/2460/1
f 3469/2472/1 3470/2473/1 3468/2471/1
f 3469/2472/1 3471/2474/1 3470/2473/1
f 3469/2472/1 3472/2475/1 3471/2474/1
f 3469/2472/1 3473/2476/1 3472/2475/1
f 3469/2472/1 3474/2477/1 3473/2476/1
f 3469/2472/1 3475/2478/1 3474/2477/1
f 3469/2472/1 3476/2479/1 3475/2478/1
f 3469/2472/1 3477/2480/1 3476/2479/1
f 3469/2472/1 3478/2481/1 3477/2480/1
f 3469/2472/1 3479/2482/1 3478/2481/1
f 3480/2483/1 3479/2482/1 3469/2472/1
f 3480/2483/1 3481/2484/1 3479/2482/1
f 3480/2483/1 3482/2485/1 3481/2484/1
f 3480/2483/1 3483/2486/1 3482/2485/1
f 3480/2483/1 3484/2487/1 3483/2486/1
f 3480/2483/1 3485/2488/1 3484/2487/1
f 3377/2397/1 3485/2488/1 3480/2483/1
f 3485/2488/370 3377/2397/370 3378/2398/370
f 3398/2410/1 3406/2418/1 3471/2474/1
f 3480/2483/1041 3469/2472/1042 3535/2537/1042
f 3536/2538/1043 3377/2397/1044 3534/2539/1044
f 3537/2540/1045 3375/2395/1043 3536/2538/1043
f 3362/2389/944 3538/2541/1045 3537/2540/1045
f 3361/2388/1 3363/2390/1 3538/2541/1
f 3538/2541/1 3363/2390/1 3375/2395/1
f 3539/2542/1046 3362/2389/1047 3537/2540/1046
f 3536/2538/1048 3539/2542/1049 3537/2540/1049
f 3542/2543/1050 3536/2538/1051 3534/2539/1050
f 3535/2537/1052 3542/2543/1053 3534/2539/1053
f 3544/2544/1054 3543/2545/1052 3535/2537/1055
f 3546/2546/1056 3545/2547/1057 3544/2544/1057
f 3548/2548/1058 3547/2549/1056 3546/2546/1056
f 3550/2550/1059 3549/2551/1060 3548/2548/1060
f 3552/2552/1061 3551/2553/1059 3550/2550/1062
f 3554/2554/1063 3553/2555/1061 3552/2552/1061
f 3556/2556/1064 3555/2557/1063 3554/2554/1063
f 3559/2558/1065 3556/2556/1064 3558/2559/1065
f 3561/2560/1066 3558/2559/1065 3560/2561/1066
f 3563/2562/1067 3560/2561/1068 3562/2563/1067
f 3564/2564/1069 3563/2562/1070 3562/2563/1067
f 3566/2565/1071 3565/2566/1072 3564/2564/1072
f 3569/2567/1073 3566/2565/1074 3568/2568/1073
f 3571/2569/1075 3568/2568/1076 3570/2570/1077
f 3572/2571/1078 3571/2569/1079 3570/2570/1079
f 3574/2572/1080 3573/2573/1081 3572/2571/1081
f 3576/2574/1082 3575/2575/1080 3574/2572/1080
f 3579/2576/1083 3576/2574/1084 3578/2577/1083
f 3581/2578/1085 3578/2577/1083 3580/2579/1085
f 3583/2580/1086 3580/2579/1085 3582/2581/1086
f 3585/2582/1087 3582/2581/1088 3584/2583/1087
f 3587/2584/1089 3584/2583/1090 3586/2585/1091
f 3588/2586/1092 3587/2584/1093 3586/2585/1093
f 3591/2587/1094 3588/2586/1095 3590/2588/1096
f 3593/2589/1097 3590/2588/1094 3592/2590/1097
f 3594/2591/1098 3593/2589/1099 3592/2590/1099
f 3597/2592/1100 3594/2591/1101 3596/2593/1100
f 3598/2594/1102 3597/2592/1103 3596/2593/1103
f 3600/2595/1104 3599/2596/1102 3598/2594/1102
f 3603/2597/1105 3600/2595/1104 3602/2598/1105
f 3605/2599/1106 3602/2598/1105 3604/2600/1106
f 3607/2601/1107 3604/2600/1106 3606/2602/1107
f 3609/2603/1108 3606/2602/1107 3608/2604/1108
f 3610/2605/1109 3609/2603/1110 3608/2604/1110
f 3613/2606/1111 3610/2605/1112 3612/2607/1111
f 3614/2608/1113 3612/2607/1114 3354/2380/1113
f 3353/2381/1115 3614/2608/1116 3354/2380/1116
f 3616/2609/1117 3353/2381/1118 3355/2382/1117
f 3617/2610/1119 3355/2382/1120 3356/2383/1119
f 3357/2384/1121 3617/2610/1122 3356/2383/1122
f 3358/2385/1123 3618/2611/1121 3357/2384/1121
f 3359/2386/1124 3619/2612/1123 3358/2385/1123
f 3360/2387/1125 3620/2613/1124 3359/2386/1124
f 3540/2614/1047 3360/2387/1125 3362/2389/1047
f 3545/2547/1 3561/2560/1 3593/2589/1
f 3671/2761/1 3718/2855/1 3717/2854/1
f 3671/2761/1 3719/2856/1 3718/2855/1
f 3671/2761/1 3720/2857/1 3719/2856/1
f 3670/2760/1 3720/2857/1 3671/2761/1
f 3670/2760/1 3721/2858/1 3720/2857/1
f 3721/2858/1 3670/2760/1 3672/2765/1
f 3672/2765/1 3675/2769/1 3721/2858/1
f 3672/2765/1 3674/2766/1 3675/2769/1
f 3674/2766/1 3672/2765/1 3673/2767/1
f 3721/2858/1 3675/2769/1 3722/2859/1
f 3722/2859/1 3675/2769/1 3676/2773/1
f 3722/2859/1 3676/2773/1 3723/2860/1
f 3723/2860/1 3676/2773/1 3724/2861/1
f 3724/2861/1 3676/2773/1 3677/2775/1
f 3724/2861/1 3677/2775/1 3725/2862/1
f 3725/2862/1 3677/2775/1 3678/2774/1
f 3725/2862/1 3678/2774/1 3726/2863/1
f 3726/2863/1 3678/2774/1 3679/2777/1
f 3726/2863/1 3679/2777/1 3727/2864/1
f 3727/2864/1 3679/2777/1 3680/2781/1
f 3727/2864/1 3680/2781/1 3728/2865/1
f 3728/2865/1 3680/2781/1 3681/2783/1
f 3728/2865/1 3681/2783/1 3729/2866/1
f 3729/2866/1 3681/2783/1 3682/2782/1
f 3729/2866/1 3682/2782/1 3730/2867/1
f 3730/2867/1 3682/2782/1 3683/2785/1
f 3730/2867/1 3683/2785/1 3731/2868/1
f 3731/2868/1 3683/2785/1 3684/2789/1
f 3731/2868/1 3684/2789/1 3732/2869/1
f 3732/2869/1 3684/2789/1 3685/2791/1
f 3732/2869/1 3685/2791/1 3733/2870/1
f 3733/2870/1 3685/2791/1 3686/2790/1
f 3733/2870/1 3686/2790/1 3734/2871/1
f 3734/2871/1 3686/2790/1 3735/2872/1
f 3735/2872/1 3686/2790/1 3687/2793/1
f 3735/2872/1 3687/2793/1 3736/2873/1
f 3736/2873/1 3687/2793/1 3688/2797/1
f 3736/2873/1 3688/2797/1 3737/2874/1
f 3737/2874/1 3688/2797/1 3689/2799/1
f 3737/2874/1 3689/2799/1 3738/2875/1
f 3738/2875/1 3689/2799/1 3690/2798/1
f 3738/2875/1 3690/2798/1 3739/2876/1
f 3739/2876/1 3690/2798/1 3691/2801/1
f 3739/2876/1 3691/2801/1 3740/2877/1
f 3740/2877/1 3691/2801/1 3692/2805/1
f 3740/2877/1 3692/2805/1 3741/2878/1
f 3741/2878/1 3692/2805/1 3693/2807/1
f 3741/2878/1 3693/2807/1 3742/2879/1
f 3742/2879/1 3693/2807/1 3694/2806/1
f 3742/2879/1 3694/2806/1 3743/2880/1
f 3743/2880/1 3694/2806/1 3695/2811/1
f 3743/2880/1 3695/2811/1 3744/2881/1
f 3744/2881/1 3695/2811/1 3745/2882/1
f 3745/2882/1 3695/2811/1 3696/2813/1
f 3698/2817/1 3745/2882/1 3696/2813/1
f 3699/2816/1 3745/2882/1 3698/2817/1
f 3699/2816/1 3746/2883/1 3745/2882/1
f 3699/2816/1 3747/2884/1 3746/2883/1
f 3700/2819/1 3747/2884/1 3699/2816/1
f 3700/2819/1 3748/2885/1 3747/2884/1
f 3701/2823/1 3748/2885/1 3700/2819/1
f 3701/2823/1 3749/2886/1 3748/2885/1
f 3702/2822/1 3749/2886/1 3701/2823/1
f 3702/2822/1 3750/2887/1 3749/2886/1
f 3703/2825/1 3750/2887/1 3702/2822/1
f 3703/2825/1 3751/2888/1 3750/2887/1
f 3704/2829/1 3751/2888/1 3703/2825/1
f 3704/2829/1 3752/2889/1 3751/2888/1
f 3705/2831/1 3752/2889/1 3704/2829/1
f 3705/2831/1 3753/2890/1 3752/2889/1
f 3706/2830/1 3753/2890/1 3705/2831/1
f 3706/2830/1 3754/2891/1 3753/2890/1
f 3707/2835/1 3754/2891/1 3706/2830/1
f 3707/2835/1 3755/2892/1 3754/2891/1
f 3708/2837/1 3755/2892/1 3707/2835/1
f 3708/2837/1 3756/2893/1 3755/2892/1
f 3709/2836/1 3756/2893/1 3708/2837/1
f 3709/2836/1 3757/2894/1 3756/2893/1
f 3709/2836/1 3758/2895/1 3757/2894/1
f 3710/2841/1 3758/2895/1 3709/2836/1
f 3710/2841/1 3759/2896/1 3758/2895/1
f 3711/2840/1 3759/2896/1 3710/2841/1
f 3711/2840/1 3760/2897/1 3759/2896/1
f 3712/2843/1 3760/2897/1 3711/2840/1
f 3712/2843/1 3761/2898/1 3760/2897/1
f 3713/2847/1 3761/2898/1 3712/2843/1
f 3713/2847/1 3762/2899/1 3761/2898/1
f 3714/2846/1 3762/2899/1 3713/2847/1
f 3714/2846/1 3763/2900/1 3762/2899/1
f 3715/2849/1 3763/2900/1 3714/2846/1
f 3715/2849/1 3764/2901/1 3763/2900/1
f 3716/2853/1 3764/2901/1 3715/2849/1
f 3716/2853/1 3765/2902/1 3764/2901/1
f 3717/2854/1 3765/2902/1 3716/2853/1
f 3717/2854/1 3718/2855/1 3765/2902/1
f 3718/2855/1 3725/2862/1 3765/2902/1
f 3718/2855/1 3724/2861/1 3725/2862/1
f 3719/2856/1 3724/2861/1 3718/2855/1
f 3719/2856/1 3723/2860/1 3724/2861/1
f 3720/2857/1 3723/2860/1 3719/2856/1
f 3720/2857/1 3722/2859/1 3723/2860/1
f 3722/2859/1 3720/2857/1 3721/2858/1
f 3765/2902/1 3725/2862/1 3726/2863/1
f 3765/2902/1 3726/2863/1 3764/2901/1
f 3764/2901/1 3726/2863/1 3763/2900/1
f 3763/2900/1 3726/2863/1 3727/2864/1
f 3763/2900/1 3727/2864/1 3762/2899/1
f 3762/2899/1 3727/2864/1 3728/2865/1
f 3762/2899/1 3728/2865/1 3761/2898/1
f 3761/2898/1 3728/2865/1 3729/2866/1
f 3761/2898/361 3729/2866/361 3766/2903/361
f 3729/2866/1 3767/2904/1 3766/2903/1
f 3767/2904/1 3729/2866/1 3730/2867/1
f 3767/2904/1 3730/2867/1 3768/2905/1
f 3768/2905/1 3730/2867/1 3769/2906/1
f 3769/2906/1 3730/2867/1 3770/2907/1
f 3770/2907/1 3730/2867/1 3771/2908/1
f 3771/2908/1 3730/2867/1 3772/2909/1
f 3772/2909/1 3730/2867/1 3731/2868/1
f 3772/2909/1 3731/2868/1 3773/2910/1
f 3773/2910/1 3731/2868/1 3774/2911/1
f 3774/2911/1 3731/2868/1 3732/2869/1
f 3774/2911/1 3732/2869/1 3775/2912/1
f 3775/2912/1 3732/2869/1 3776/2913/1
f 3776/2913/1 3732/2869/1 3733/2870/1
f 3776/2913/1 3733/2870/1 3777/2914/1
f 3777/2914/1 3733/2870/1 3778/2915/1
f 3778/2915/1 3733/2870/1 3734/2871/1
f 3778/2915/1 3734/2871/1 3779/2916/1
f 3779/2916/1 3734/2871/1 3780/2917/1
f 3780/2917/1 3734/2871/1 3781/2918/1
f 3781/2918/1 3734/2871/1 3735/2872/1
f 3781/2918/1 3735/2872/1 3782/2919/1
f 3782/2919/1 3735/2872/1 3783/2920/1
f 3783/2920/1 3735/2872/1 3736/2873/1
f 3783/2920/1 3736/2873/1 3784/2921/1
f 3784/2921/1 3736/2873/1 3785/2922/1
f 3785/2922/1 3736/2873/1 3737/2874/1
f 3785/2922/1 3737/2874/1 3786/2923/1
f 3786/2923/1 3737/2874/1 3787/2924/1
f 3787/2924/1 3737/2874/1 3788/2925/1
f 3788/2925/1 3737/2874/1 3789/2926/1
f 3789/2926/1 3737/2874/1 3790/2927/1
f 3790/2927/370 3737/2874/370 3753/2890/370
f 3753/2890/1 3737/2874/1 3752/2889/1
f 3752/2889/1 3737/2874/1 3738/2875/1
f 3752/2889/1 3738/2875/1 3751/2888/1
f 3751/2888/1 3738/2875/1 3739/2876/1
f 3751/2888/1 3739/2876/1 3750/2887/1
f 3750/2887/1 3739/2876/1 3740/2877/1
f 3750/2887/1 3740/2877/1 3749/2886/1
f 3749/2886/1 3740/2877/1 3741/2878/1
f 3749/2886/1 3741/2878/1 3742/2879/1
f 3749/2886/1 3742/2879/1 3748/2885/1
f 3748/2885/1 3742/2879/1 3747/2884/1
f 3747/2884/1 3742/2879/1 3743/2880/1
f 3747/2884/1 3743/2880/1 3746/2883/1
f 3746/2883/1 3743/2880/1 3744/2881/1
f 3746/2883/1 3744/2881/1 3745/2882/1
f 3753/2890/1 3791/2928/1 3790/2927/1
f 3753/2890/1 3792/2929/1 3791/2928/1
f 3753/2890/1 3793/2930/1 3792/2929/1
f 3753/2890/1 3794/2931/1 3793/2930/1
f 3753/2890/1 3795/2932/1 3794/2931/1
f 3754/2891/1 3795/2932/1 3753/2890/1
f 3754/2891/1 3796/2933/1 3795/2932/1
f 3754/2891/1 3797/2934/1 3796/2933/1
f 3755/2892/1 3797/2934/1 3754/2891/1
f 3755/2892/1 3798/2935/1 3797/2934/1
f 3755/2892/1 3799/2936/1 3798/2935/1
f 3756/2893/1 3799/2936/1 3755/2892/1
f 3756/2893/1 3800/2937/1 3799/2936/1
f 3756/2893/1 3801/2938/1 3800/2937/1
f 3756/2893/1 3802/2939/1 3801/2938/1
f 3757/2894/1 3802/2939/1 3756/2893/1
f 3757/2894/1 3803/2940/1 3802/2939/1
f 3757/2894/1 3804/2941/1 3803/2940/1
f 3758/2895/1 3804/2941/1 3757/2894/1
f 3758/2895/1 3805/2942/1 3804/2941/1
f 3758/2895/1 3806/2943/1 3805/2942/1
f 3759/2896/1 3806/2943/1 3758/2895/1
f 3759/2896/1 3807/2944/1 3806/2943/1
f 3759/2896/1 3808/2945/1 3807/2944/1
f 3760/2897/1 3808/2945/1 3759/2896/1
f 3760/2897/1 3809/2946/1 3808/2945/1
f 3760/2897/1 3810/2947/1 3809/2946/1
f 3760/2897/1 3811/2948/1 3810/2947/1
f 3760/2897/1 3812/2949/1 3811/2948/1
f 3760/2897/1 3813/2950/1 3812/2949/1
f 3761/2898/1 3813/2950/1 3760/2897/1
f 3761/2898/1 3766/2903/1 3813/2950/1
f 3767/2904/1 3813/2950/1 3766/2903/1
f 3813/2950/1 3767/2904/1 3768/2905/1
f 3813/2950/1 3768/2905/1 3814/2951/1
f 3814/2951/370 3768/2905/370 3815/2952/370
f 3815/2952/1 3768/2905/1 3816/2953/1
f 3816/2953/1 3768/2905/1 3769/2906/1
f 3816/2953/1 3769/2906/1 3817/2954/1
f 3817/2954/1 3769/2906/1 3770/2907/1
f 3817/2954/1 3770/2907/1 3818/2955/1
f 3818/2955/1 3770/2907/1 3771/2908/1
f 3818/2955/1 3771/2908/1 3819/2956/1
f 3819/2956/1 3771/2908/1 3772/2909/1
f 3819/2956/1 3772/2909/1 3820/2957/1
f 3820/2957/1 3772/2909/1 3773/2910/1
f 3820/2957/1 3773/2910/1 3821/2958/1
f 3821/2958/1 3773/2910/1 3774/2911/1
f 3821/2958/1 3774/2911/1 3822/2959/1
f 3822/2959/1 3774/2911/1 3775/2912/1
f 3822/2959/1 3775/2912/1 3823/2960/1
f 3823/2960/1 3775/2912/1 3776/2913/1
f 3823/2960/1 3776/2913/1 3824/2961/1
f 3824/2961/1 3776/2913/1 3777/2914/1
f 3824/2961/1 3777/2914/1 3825/2962/1
f 3825/2962/1 3777/2914/1 3778/2915/1
f 3825/2962/1 3778/2915/1 3826/2963/1
f 3826/2963/1 3778/2915/1 3779/2916/1
f 3826/2963/1 3779/2916/1 3827/2964/1
f 3827/2964/1 3779/2916/1 3828/2965/1
f 3828/2965/1 3779/2916/1 3780/2917/1
f 3828/2965/1 3780/2917/1 3829/2966/1
f 3829/2966/1 3780/2917/1 3781/2918/1
f 3829/2966/1 3781/2918/1 3830/2967/1
f 3830/2967/1 3781/2918/1 3782/2919/1
f 3830/2967/1 3782/2919/1 3831/2968/1
f 3831/2968/1 3782/2919/1 3783/2920/1
f 3831/2968/1 3783/2920/1 3832/2969/1
f 3832/2969/1 3783/2920/1 3784/2921/1
f 3832/2969/1 3784/2921/1 3833/2970/1
f 3833/2970/1 3784/2921/1 3785/2922/1
f 3833/2970/1 3785/2922/1 3834/2971/1
f 3834/2971/1 3785/2922/1 3786/2923/1
f 3834/2971/1 3786/2923/1 3835/2972/1
f 3835/2972/1 3786/2923/1 3787/2924/1
f 3835/2972/1 3787/2924/1 3836/2973/1
f 3836/2973/1 3787/2924/1 3788/2925/1
f 3836/2973/1 3788/2925/1 3837/2974/1
f 3837/2974/1 3788/2925/1 3789/2926/1
f 3837/2974/1 3789/2926/1 3838/2975/1
f 3791/2928/1 3838/2975/1 3789/2926/1
f 3791/2928/1 3839/2976/1 3838/2975/1
f 3792/2929/1 3839/2976/1 3791/2928/1
f 3792/2929/1 3840/2977/1 3839/2976/1
f 3793/2930/1 3840/2977/1 3792/2929/1
f 3793/2930/1 3841/2978/1 3840/2977/1
f 3794/2931/1 3841/2978/1 3793/2930/1
f 3794/2931/1 3842/2979/1 3841/2978/1
f 3795/2932/1 3842/2979/1 3794/2931/1
f 3795/2932/1 3843/2980/1 3842/2979/1
f 3796/2933/1 3843/2980/1 3795/2932/1
f 3796/2933/1 3844/2981/1 3843/2980/1
f 3797/2934/1 3844/2981/1 3796/2933/1
f 3797/2934/1 3845/2982/1 3844/2981/1
f 3798/2935/1 3845/2982/1 3797/2934/1
f 3798/2935/1 3846/2983/1 3845/2982/1
f 3799/2936/1 3846/2983/1 3798/2935/1
f 3799/2936/1 3847/2984/1 3846/2983/1
f 3800/2937/1 3847/2984/1 3799/2936/1
f 3800/2937/1 3848/2985/1 3847/2984/1
f 3801/2938/1 3848/2985/1 3800/2937/1
f 3801/2938/1 3849/2986/1 3848/2985/1
f 3802/2939/1 3849/2986/1 3801/2938/1
f 3802/2939/1 3850/2987/1 3849/2986/1
f 3802/2939/1 3851/2988/1 3850/2987/1
f 3803/2940/1 3851/2988/1 3802/2939/1
f 3803/2940/1 3852/2989/1 3851/2988/1
f 3804/2941/1 3852/2989/1 3803/2940/1
f 3804/2941/1 3853/2990/1 3852/2989/1
f 3805/2942/1 3853/2990/1 3804/2941/1
f 3805/2942/1 3854/2991/1 3853/2990/1
f 3806/2943/1 3854/2991/1 3805/2942/1
f 3806/2943/1 3855/2992/1 3854/2991/1
f 3807/2944/1 3855/2992/1 3806/2943/1
f 3807/2944/1 3856/2993/1 3855/2992/1
f 3808/2945/1 3856/2993/1 3807/2944/1
f 3808/2945/1 3857/2994/1 3856/2993/1
f 3809/2946/1 3857/2994/1 3808/2945/1
f 3809/2946/1 3858/2995/1 3857/2994/1
f 3810/2947/1 3858/2995/1 3809/2946/1
f 3810/2947/1 3859/2996/1 3858/2995/1
f 3811/2948/1 3859/2996/1 3810/2947/1
f 3811/2948/1 3860/2997/1 3859/2996/1
f 3812/2949/1 3860/2997/1 3811/2948/1
f 3812/2949/1 3861/2998/1 3860/2997/1
f 3812/2949/361 3814/2951/361 3861/2998/361
f 3814/2951/1 3812/2949/1 3813/2950/1
f 3861/2998/1208 3862/2999/1209 3863/3000/1208
f 3814/2951/1209 3864/3001/1210 3862/2999/1211
f 3815/2952/1210 3865/3002/1212 3864/3001/1210
f 3816/2953/1212 3866/3003/1213 3865/3002/1212
f 3818/2955/1214 3866/3003/1215 3817/2954/1215
f 3819/2956/1216 3867/3004/1214 3818/2955/1214
f 3820/2957/1217 3868/3005/1216 3819/2956/1216
f 3820/2957/1217 3870/3006/1218 3869/3007/1217
f 3821/2958/1219 3871/3008/1220 3870/3006/1219
f 3822/2959/1221 3872/3009/1222 3871/3008/1221
f 3824/2961/1223 3872/3009/1224 3823/2960/1222
f 3825/2962/1225 3873/3010/1223 3824/2961/1223
f 3826/2963/1226 3874/3011/1227 3825/2962/1227
f 3827/2964/1228 3875/3012/1229 3826/2963/1230
f 3828/2965/1231 3876/3013/1232 3827/2964/1232
f 3828/2965/1231 3878/3014/1233 3877/3015/1231
f 3830/2967/1234 3878/3014/1235 3829/2966/1235
f 3831/2968/1236 3879/3016/1234 3830/2967/1234
f 3832/2969/1237 3880/3017/1238 3831/2968/1238
f 3832/2969/1237 3882/3018/1239 3881/3019/1237
f 3833/2970/1240 3883/3020/1241 3882/3018/1240
f 3834/2971/1242 3884/3021/1243 3883/3020/1242
f 3836/2973/1244 3884/3021/1245 3835/2972/1245
f 3837/2974/1246 3885/3022/1244 3836/2973/1244
f 3838/2975/1247 3886/3023/1246 3837/2974/1246
f 3839/2976/1248 3887/3024/1247 3838/2975/1247
f 3840/2977/1249 3888/3025/1250 3839/2976/1250
f 3840/2977/1249 3890/3026/1251 3889/3027/1249
f 3842/2979/1252 3890/3026/1253 3841/2978/1253
f 3843/2980/1254 3891/3028/1255 3842/2979/1255
f 3844/2981/1256 3892/3029/1257 3843/2980/1257
f 3844/2981/1258 3894/3030/1259 3893/3031/1258
f 3846/2983/1260 3894/3030/1261 3845/2982/1261
f 3846/2983/1260 3896/3032/1262 3895/3033/1260
f 3848/2985/1263 3896/3032/1264 3847/2984/1264
f 3849/2986/1265 3897/3034/1266 3848/2985/1266
f 3849/2986/1267 3899/3035/1268 3898/3036/1267
f 3850/2987/1269 3900/3037/1270 3899/3035/1271
f 3851/2988/1272 3901/3038/1273 3900/3037/1272
f 3852/2989/1273 3902/3039/1274 3901/3038/1273
f 3854/2991/1275 3902/3039/1276 3853/2990/1276
f 3854/2991/1275 3904/3040/1277 3903/3041/1275
f 3856/2993/1278 3904/3040/1277 3855/2992/1279
f 3856/2993/1280 3906/3042/1281 3905/3043/1280
f 3857/2994/1282 3907/3044/1283 3906/3042/1282
f 3858/2995/1283 3908/3045/1284 3907/3044/1283
f 3860/2997/1285 3908/3045/1284 3859/2996/1286
f 3860/2997/1285 3863/3000/1287 3909/3046/1285
f 3791/2928/1 3789/2926/1 3790/2927/1
f 3698/2817/1 3696/2813/1 3697/2812/1
f 3320/2359/931 3612/2607/1288 3318/2357/1288
f 3318/2357/1288 3610/2605/1289 3317/2356/1289
f 3317/2356/1290 3608/2604/1291 3316/2355/1291
f 3316/2355/1291 3606/2602/1292 3315/2354/1292
f 3315/2354/1293 3604/2600/1294 2914/1986/1294
f 2914/1986/1294 3602/2598/1295 2912/1984/1295
f 3602/2598/1295 2911/1983/1296 2912/1984/1295
f 3600/2595/1297 2909/1981/1298 2911/1983/1297
f 3598/2594/1299 2908/1980/1300 2909/1981/1299
f 3596/2593/1300 2907/1979/1301 2908/1980/1300
f 3594/2591/1301 2906/1978/1302 2907/1979/1301
f 3592/2590/1303 2902/1974/1304 2906/1978/1303
f 2902/1974/1304 3588/2586/1305 2901/1973/1305
f 3588/2586/1305 2900/1972/1306 2901/1973/1305
f 2900/1972/1307 3584/2583/1308 2896/1968/1308
f 2896/1968/1308 3582/2581/1309 2895/1967/1309
f 2895/1967/1309 3580/2579/1310 2891/1963/1310
f 2891/1963/1311 3578/2577/1312 3910/3047/1312
f 3578/2577/1312 3911/3048/1313 3910/3047/1312
f 3576/2574/1314 3912/3049/1315 3911/3048/1314
f 3574/2572/1316 3913/3050/1317 3912/3049/1316
f 3572/2571/1317 3914/3051/1318 3913/3050/1317
f 3568/2568/1319 3914/3051/1318 3570/2570/1318
f 3568/2568/1319 2878/1950/1320 3915/3052/1319
f 3564/2564/1321 2878/1950/1320 3566/2565/1320
f 3564/2564/1321 2875/1947/1322 2876/1948/1321
f 3560/2561/1323 2875/1947/1322 3562/2563/1322
f 3558/2559/1324 2870/1942/1323 3560/2561/1323
f 3556/2556/1325 3916/3053/1326 3558/2559/1326
f 3554/2554/1327 3917/3054/1325 3556/2556/1325
f 2849/1922/1328 3554/2554/1327 3552/2552/1328
f 2848/1921/1329 3552/2552/1328 3550/2550/1329
f 2847/1920/1330 3550/2550/1331 3548/2548/1330
f 3459/2449/1332 3548/2548/1330 3546/2546/1332
f 3544/2544/1333 3459/2449/1332 3546/2546/1332
f 3469/2472/1042 3544/2544/1333 3535/2537/1042
f 3459/2449/1 3456/2445/1 2847/1920/1
f 3459/2449/1 3432/2446/1 3456/2445/1
f 3412/2424/1 3446/3061/1 3445/2463/1
f 3412/2424/1 3413/2425/1 3446/3061/1
f 2847/1920/370 3447/3092/370 2846/1919/370
f 2847/1920/1 3448/2444/1 3447/3092/1
f 2847/1920/1 3449/3093/1 3448/2444/1
f 2847/1920/1 3450/3094/1 3449/3093/1
f 2847/1920/1 3451/3095/1 3450/3094/1
f 2847/1920/1 3452/3096/1 3451/3095/1
f 2847/1920/1 3453/3097/1 3452/3096/1
f 2847/1920/1 3454/3098/1 3453/3097/1
f 2847/1920/1 3455/3099/1 3454/3098/1
f 2847/1920/1 3456/2445/1 3455/3099/1
f 2869/1941/1 3917/3054/1 2850/1923/1
f 2869/1941/1 3916/3053/1 3917/3054/1
f 2869/1941/1 2870/1942/1 3916/3053/1
f 2869/1941/1393 2850/1923/1393 2851/1924/1393
f 2851/1924/3 3963/1941/3 2869/1941/3
f 2852/1925/497 3962/1924/1394 2851/1924/1394
f 2853/1926/201 3964/1925/543 2852/1925/543
f 2854/1927/544 3965/1926/203 2853/1926/203
f 2855/1928/167 3966/1927/540 2854/1927/540
f 2856/1929/1395 3967/1928/165 2855/1928/165
f 2857/1930/140 3968/1929/141 2856/1929/141
f 2858/1931/122 3969/1930/123 2857/1930/123
f 2859/1932/1396 3970/1931/549 2858/1931/549
f 2860/1933/5 3971/1932/5 2859/1932/5
f 2862/1934/1397 3972/1933/1398 2860/1933/1398
f 2863/1935/212 3973/1934/127 2862/1934/127
f 2864/1936/128 3974/1935/512 2863/1935/512
f 2865/1937/216 3975/1936/1399 2864/1936/1399
f 2866/1938/1400 3976/1937/225 2865/1937/225
f 2867/1939/343 3977/1938/494 2866/1938/494
f 2868/1940/495 3978/1939/232 2867/1939/232
f 2869/1941/1401 3979/1940/545 2868/1940/545
f 2878/1950/1 3980/3108/1 3915/3052/1
f 3980/3108/1 2878/1950/1 3981/3109/1
f 3981/3109/1 2878/1950/1 2880/1952/1
f 2882/1954/1 3981/3109/1 2880/1952/1
f 2882/1954/1 3915/3052/1 3980/3108/1
f 2882/1954/1 2883/1955/1 3915/3052/1
f 3982/3110/1 3915/3052/1 2883/1955/1
f 3982/3110/1 3914/3051/1 3915/3052/1
f 3982/3110/1 3913/3050/1 3914/3051/1
f 3983/3111/1 3913/3050/1 3982/3110/1
f 2885/1957/1 3913/3050/1 3983/3111/1
f 3984/3112/1 3913/3050/1 2885/1957/1
f 3985/3113/1 3913/3050/1 3984/3112/1
f 3913/3050/1 3985/3113/1 3912/3049/1
f 2886/1958/1 3912/3049/1 3985/3113/1
f 2886/1958/1 2887/1959/1 3912/3049/1
f 3986/3114/1 3912/3049/1 2887/1959/1
f 3986/3114/1 3911/3048/1 3912/3049/1
f 3987/3115/1 3911/3048/1 3986/3114/1
f 3988/3116/1 3911/3048/1 3987/3115/1
f 3988/3116/1 3910/3047/1 3911/3048/1
f 3989/3117/1 3910/3047/1 3988/3116/1
f 3910/3047/1 3989/3117/1 2891/1963/1
f 2890/1962/1 2891/1963/1 3989/3117/1
f 2890/1962/1 3988/3116/1 2889/1961/1
f 3988/3116/1 3987/3115/1 2889/1961/1
f 2888/1960/1 2889/1961/1 3987/3115/1
f 3987/3115/1 2887/1959/1 2888/1960/1
f 2886/1958/1 3984/3112/1 2885/1957/1
f 2884/1956/1 2885/1957/1 3983/3111/1
f 3983/3111/1 2883/1955/1 2884/1956/1
f 3363/2390/3 3998/2391/3 3367/2391/3
f 3368/2392/1 3365/2390/1 3364/2370/1
f 3367/2391/4 3368/2392/4 3366/2392/4
f 3366/2392/1 3372/2394/1 3367/2391/1
f 3372/2394/1 3366/2392/1 3369/2393/1
f 3369/2393/2 3373/2394/2 3372/2394/2
f 3371/2393/1 3374/1908/1 3373/2394/1
f 2835/1908/4 3370/1907/4 2834/1907/4
f 3348/2375/1 3321/2360/1 3334/2365/1
f 3334/2365/5 4000/2375/5 3348/2375/5
f 3342/2369/1 3334/2365/1 3336/2367/1
f 3342/2369/3 4002/2367/3 3336/2367/3
f 3348/2375/2 4001/2369/2 3342/2369/2
f 3999/2365/1 4001/2369/1 4000/2375/1
f 3336/2367/4 3999/2365/4 3334/2365/4
f 3340/1905/1 3339/2368/1 3338/2366/1
f 2798/1871/1 2881/1953/1 4003/3118/1
f 4006/3119/1 4007/3120/1 4004/3121/1
f 4024/3122/1 4025/3123/1 4004/3121/1
f 2871/1943/1 4010/3125/1 2872/1944/1
f 2798/1871/1 4010/3125/1 2871/1943/1
f 2798/1871/1 2873/1945/1 4010/3125/1
f 2798/1871/1 4004/3121/1 2873/1945/1
f 2798/1871/1 4005/3126/1 4004/3121/1
f 2798/1871/1 4006/3119/1 4005/3126/1
f 2798/1871/1 4007/3120/1 4006/3119/1
f 2798/1871/1 4008/3127/1 4007/3120/1
f 2798/1871/1 4003/3118/1 4008/3127/1
f 4072/3142/1417 4074/3142/1417 4047/3140/1417
f 2881/1953/1 2873/1945/1 4004/3121/1
f 2873/1945/1 2881/1953/1 2879/1951/1
f 2877/1949/1 2873/1945/1 2879/1951/1
f 2873/1945/1 2872/1944/1 4010/3125/1
f 2798/1871/1 2792/330/1 2791/1868/1
f 2791/1868/3 2795/1868/3 2798/1871/3
f 2795/1868/757 4088/3167/757 2798/1871/757
f 2795/1868/757 4089/3168/757 4088/3167/757
f 2795/1868/757 4090/3169/757 4089/3168/757
f 2795/1868/757 4091/3170/757 4090/3169/757
f 2794/1867/757 4091/3170/757 2795/1868/757
f 4091/3170/1422 2794/1867/1422 2797/1870/1422
f 4091/3170/1423 2797/1870/1424 4092/3171/1425
f 2797/1870/1426 4094/3172/1426 4092/3171/1426
f 4096/3173/1427 2797/1870/1427 4095/3174/1427
f 4095/3174/1428 4098/3175/1428 4096/3173/1428
f 4095/3174/757 4099/3176/757 4097/3177/757
f 4095/3174/757 2798/1871/757 4099/3176/757
f 2797/1870/757 2798/1871/757 4095/3174/757
f 4099/3176/757 2798/1871/757 4100/3178/757
f 4100/3178/757 2798/1871/757 4088/3167/757
f 4100/3178/1426 4102/3179/1426 4101/3180/1426
f 4100/3178/1429 4103/3181/1429 4099/3176/1429
f 4102/3179/757 4103/3181/757 4101/3180/757
f 4089/3168/1430 4102/3179/1430 4088/3167/1430
f 4099/3176/1431 4104/3182/1431 4089/3168/1431
f 4089/3168/757 4090/3169/757 4099/3176/757
f 4105/3183/1432 4099/3176/1432 4090/3169/1432
f 4106/3184/757 4099/3176/757 4105/3183/757
f 4107/3185/1432 4099/3176/1432 4106/3184/1432
f 4108/3186/757 4099/3176/757 4107/3185/757
f 4097/3177/1433 4099/3176/1433 4108/3186/1433
f 4109/3187/1428 4108/3186/1428 4110/3188/1428
f 4109/3187/1430 4092/3171/1430 4097/3177/1430
f 4111/3189/757 4110/3188/757 4112/3190/757
f 4111/3189/1426 4113/3191/1426 4092/3171/1426
f 4108/3186/1434 4112/3190/1434 4110/3188/1434
f 4114/3192/1427 4113/3191/1427 4108/3186/1427
f 4108/3186/1428 4116/3193/1428 4114/3192/1428
f 4118/3194/1434 4107/3185/1434 4117/3195/1434
f 4113/3191/1435 4118/3194/1435 4117/3195/1435
f 4116/3193/757 4115/3196/757 4114/3192/757
f 4091/3170/1436 4113/3191/1437 4117/3195/1438
f 4091/3170/1439 4092/3171/1440 4113/3191/1441
f 4091/3170/1442 4117/3195/1443 4119/3197/1444
f 4117/3195/1426 4121/3198/1426 4119/3197/1426
f 4122/3199/1445 4117/3195/1445 4107/3185/1445
f 4107/3185/1428 4123/3200/1428 4122/3199/1428
f 4119/3197/1446 4123/3200/1446 4106/3184/1446
f 4123/3200/757 4120/3201/757 4122/3199/757
f 4106/3184/1427 4125/3202/1427 4119/3197/1427
f 4106/3184/1428 4126/3203/1428 4124/3204/1428
f 4127/3205/1434 4126/3203/1434 4105/3183/1434
f 4119/3197/1435 4128/3206/1435 4127/3205/1435
f 4128/3206/757 4124/3204/757 4126/3203/757
f 4091/3170/757 4119/3197/1447 4127/3205/757
f 4127/3205/1426 4130/3207/1426 4091/3170/1426
f 4105/3183/1445 4129/3208/1445 4127/3205/1445
f 4105/3183/1428 4132/3209/1428 4131/3210/1428
f 4130/3207/1446 4090/3169/1446 4091/3170/1446
f 4131/3210/757 4130/3207/757 4129/3208/757
f 4092/3171/1446 4098/3175/1446 4097/3177/1446
f 4094/3172/757 4096/3173/757 4098/3175/757
f 2861/328/94 2783/324/95 4134/338/4
f 2861/328/4 2784/326/2 2783/324/4
f 2783/324/3 2784/326/3 2785/326/3
f 2861/328/3 4134/338/3 4133/331/3
f 4142/3218/1456 4144/3219/1457 4143/3220/1457
f 4143/3220/1463 4149/3224/1464 4147/3223/1465
f 4144/3219/1466 4151/3225/1467 4149/3224/1468
f 4141/3216/1469 4150/3226/1470 4144/3219/1471
f 4171/3244/1499 4168/3243/1500 4170/3245/1501
f 4173/3246/1502 4170/3245/1503 4172/3247/1504
f 4175/3248/1505 4172/3247/1506 4174/3249/1507
f 4151/3225/1508 4174/3249/1509 4149/3224/1510
f 4175/3248/1511 4177/3250/1510 4176/3251/1511
f 4173/3246/1512 4176/3251/1513 4178/3252/1514
f 4171/3244/1515 4178/3252/1516 4179/3253/1517
f 4169/3242/1518 4179/3253/1519 4180/3254/1518
f 4189/3264/1534 4154/3229/1535 4188/3263/1535
f 4190/3265/1536 4153/3228/1537 4189/3264/1538
f 4191/3266/1539 4152/3227/1469 4190/3265/1469
f 4177/3250/1467 4150/3226/1466 4191/3266/1466
f 4176/3251/1 4178/3252/1 4190/3265/1
f 4174/3249/1540 4147/3223/1541 4149/3224/1542
f 4172/3247/1543 4192/3267/1544 4174/3249/1544
f 4234/3293/1 4235/3294/1 4219/3295/1
f 4239/3296/1 4240/3297/1 4219/3295/1
f 4310/3347/1 4311/3344/1 4308/3348/1
f 4327/3349/1 4328/3350/1 4308/3348/1
f 4636/1844/24 4605/1841/24 4604/1845/24
f 4659/1867/2 4656/1868/2 4655/1867/2
f 4661/1869/5 4659/1867/5 4655/1867/5
f 4661/1869/757 4662/1870/757 4659/1867/757
f 4662/1870/757 4661/1869/757 4663/1871/757
f 4661/1869/1 4664/1872/1 4663/1871/1
f 4661/1869/1 4665/1873/1 4664/1872/1
f 4661/1869/4 4666/1874/2 4665/1873/4
f 4661/1869/94 4667/1875/95 4666/1874/4
f 4661/1869/1 4668/1876/1 4667/1875/1
f 4661/1869/1 4669/1877/1 4668/1876/1
f 4661/1869/1 4670/1878/1 4669/1877/1
f 4661/1869/1 4671/1879/1 4670/1878/1
f 4661/1869/1 4672/1880/1 4671/1879/1
f 4661/1869/1 4673/1881/1 4672/1880/1
f 4661/1869/1 4674/1882/1 4673/1881/1
f 4661/1869/370 4675/1883/370 4674/1882/370
f 4675/1883/1 4661/1869/1 4676/1884/1
f 4655/1867/1 4676/1884/1 4661/1869/1
f 4652/1865/1 4677/1885/1 4676/1884/1
f 4677/1885/1 4652/1865/1 4678/1886/1
f 4678/1886/1 4652/1865/1 4679/1887/1
f 4679/1887/1 4652/1865/1 4680/1888/1
f 4680/1888/1 4652/1865/1 4681/1889/1
f 4681/1889/1 4652/1865/1 4682/1890/1
f 4682/1890/1 4652/1865/1 4683/1891/1
f 4683/1891/1 4652/1865/1 4684/1892/1
f 4684/1892/1 4652/1865/1 4685/1893/1
f 4685/1893/1 4652/1865/1 4686/1894/1
f 4686/1894/1 4652/1865/1 4687/1895/1
f 4687/1895/1 4652/1865/1 4688/1896/1
f 4688/1896/1 4652/1865/1 4689/1897/1
f 4689/1897/1 4652/1865/1 4690/1898/1
f 4690/1898/1 4652/1865/1 4649/326/1
f 4690/1898/1 4649/326/1 4691/1899/1
f 4691/1899/1 4649/326/1 4692/1900/1
f 4692/1900/1 4649/326/1 4693/1901/1
f 4693/1901/1 4649/326/1 4694/1902/1
f 4694/1902/1 4649/326/1 4695/1903/1
f 4695/1903/1 4649/326/1 4696/1904/1
f 4696/1904/1 4649/326/1 4697/1905/1
f 4697/1905/1 4649/326/1 4698/1906/1
f 4698/1906/1 4649/326/1 4699/1907/1
f 4699/1907/1 4649/326/1 4700/1908/1
f 4700/1908/1 4649/326/1 4701/1909/1
f 4701/1909/1 4649/326/1 4702/1910/1
f 4702/1910/1 4649/326/1 4703/1911/1
f 4703/1911/1 4649/326/1 4704/1912/1
f 4704/1912/1 4649/326/1 4705/1913/1
f 4705/1913/1 4649/326/1 4706/1914/1
f 4706/1914/1 4649/326/1 4707/1915/1
f 4707/1915/1 4649/326/1 4708/1916/1
f 4708/1916/1 4649/326/1 4709/1917/1
f 4709/1917/1 4649/326/1 4710/1918/1
f 4710/1918/1 4649/326/1 4711/1919/1
f 4711/1919/1 4649/326/1 4712/1920/1
f 4712/1920/1 4649/326/1 4713/1921/1
f 4713/1921/1 4649/326/1 4714/1922/1
f 4714/1922/1 4649/326/1 4715/1923/1
f 4715/1923/1 4649/326/1 4716/1924/1
f 4716/1924/1 4649/326/1 4717/1925/1
f 4717/1925/1 4649/326/1 4718/1926/1
f 4718/1926/1 4649/326/1 4719/1927/1
f 4719/1927/1 4649/326/1 4720/1928/1
f 4720/1928/1 4649/326/1 4721/1929/1
f 4721/1929/1 4649/326/1 4722/1930/1
f 4722/1930/1 4649/326/1 4723/1931/1
f 4723/1931/1 4649/326/1 4724/1932/1
f 4724/1932/1 4649/326/1 4725/1933/1
f 4726/328/1 4725/1933/1 4649/326/1
f 4726/328/1 4727/1934/1 4725/1933/1
f 4726/328/1 4728/1935/1 4727/1934/1
f 4726/328/1 4729/1936/1 4728/1935/1
f 4726/328/1 4730/1937/1 4729/1936/1
f 4726/328/1 4731/1938/1 4730/1937/1
f 4726/328/1 4732/1939/1 4731/1938/1
f 4726/328/1 4733/1940/1 4732/1939/1
f 4663/1871/1 4733/1940/1 4726/328/1
f 4663/1871/1 4734/1941/1 4733/1940/1
f 4663/1871/1 4735/1942/1 4734/1941/1
f 4736/1943/1 4735/1942/1 4663/1871/1
f 4737/1944/1 4735/1942/1 4736/1943/1
f 4738/1945/1 4735/1942/1 4737/1944/1
f 4739/1946/1 4735/1942/1 4738/1945/1
f 4739/1946/1 4740/1947/1 4735/1942/1
f 4739/1946/1 4741/1948/1 4740/1947/1
f 4742/1949/1 4741/1948/1 4739/1946/1
f 4741/1948/1 4742/1949/1 4743/1950/1
f 4744/1951/1 4743/1950/1 4742/1949/1
f 4744/1951/1 4745/1952/1 4743/1950/1
f 4746/1953/1 4745/1952/1 4744/1951/1
f 4746/1953/1 4747/1954/1 4745/1952/1
f 4746/1953/1 4748/1955/1 4747/1954/1
f 4746/1953/1 4749/1956/1 4748/1955/1
f 4663/1871/1 4749/1956/1 4746/1953/1
f 4663/1871/1 4750/1957/1 4749/1956/1
f 4663/1871/1 4751/1958/1 4750/1957/1
f 4663/1871/1 4752/1959/1 4751/1958/1
f 4663/1871/1 4753/1960/1 4752/1959/1
f 4663/1871/1 4754/1961/1 4753/1960/1
f 4663/1871/1 4755/1962/1 4754/1961/1
f 4663/1871/1 4664/1872/1 4755/1962/1
f 4755/1962/1 4664/1872/1 4756/1963/1
f 4757/1964/1 4756/1963/1 4664/1872/1
f 4758/1965/1 4756/1963/1 4757/1964/1
f 4759/1966/1 4756/1963/1 4758/1965/1
f 4759/1966/1 4760/1967/1 4756/1963/1
f 4759/1966/1 4761/1968/1 4760/1967/1
f 4762/1969/1 4761/1968/1 4759/1966/1
f 4763/1970/1 4761/1968/1 4762/1969/1
f 4764/1971/1 4761/1968/1 4763/1970/1
f 4764/1971/1 4765/1972/1 4761/1968/1
f 4764/1971/1 4766/1973/1 4765/1972/1
f 4764/1971/1 4767/1974/1 4766/1973/1
f 4768/1975/1 4767/1974/1 4764/1971/1
f 4769/1976/1 4767/1974/1 4768/1975/1
f 4770/1977/1 4767/1974/1 4769/1976/1
f 4770/1977/1 4771/1978/1 4767/1974/1
f 4770/1977/1 4772/1979/1 4771/1978/1
f 4770/1977/1 4773/1980/1 4772/1979/1
f 4770/1977/1 4774/1981/1 4773/1980/1
f 4775/1982/1 4774/1981/1 4770/1977/1
f 4774/1981/1 4775/1982/1 4776/1983/1
f 4776/1983/1 4775/1982/1 4777/1984/1
f 4778/1985/1 4777/1984/1 4775/1982/1
f 4778/1985/1 4779/1986/1 4777/1984/1
f 4778/1985/1 4695/1903/1 4779/1986/1
f 4780/1987/1 4695/1903/1 4778/1985/1
f 4781/1988/1 4695/1903/1 4780/1987/1
f 4782/1989/1 4695/1903/1 4781/1988/1
f 4783/1990/1 4695/1903/1 4782/1989/1
f 4784/1991/1 4695/1903/1 4783/1990/1
f 4785/1992/1 4695/1903/1 4784/1991/1
f 4786/1993/1 4695/1903/1 4785/1992/1
f 4694/1902/1 4695/1903/1 4786/1993/1
f 4787/1994/1 4694/1902/1 4786/1993/1
f 4788/1995/1 4694/1902/1 4787/1994/1
f 4788/1995/1 4693/1901/1 4694/1902/1
f 4789/1996/1 4693/1901/1 4788/1995/1
f 4789/1996/1 4692/1900/1 4693/1901/1
f 4790/1997/1 4692/1900/1 4789/1996/1
f 4790/1997/1 4691/1899/1 4692/1900/1
f 4791/1998/1 4691/1899/1 4790/1997/1
f 4792/1999/1 4691/1899/1 4791/1998/1
f 4792/1999/1 4690/1898/1 4691/1899/1
f 4793/2000/1 4690/1898/1 4792/1999/1
f 4793/2000/1 4689/1897/1 4690/1898/1
f 4794/2001/1 4689/1897/1 4793/2000/1
f 4794/2001/1 4688/1896/1 4689/1897/1
f 4795/2002/1 4688/1896/1 4794/2001/1
f 4795/2002/1 4687/1895/1 4688/1896/1
f 4796/2003/1 4687/1895/1 4795/2002/1
f 4796/2003/1 4686/1894/1 4687/1895/1
f 4797/2004/1 4686/1894/1 4796/2003/1
f 4797/2004/1 4685/1893/1 4686/1894/1
f 4798/2005/1 4685/1893/1 4797/2004/1
f 4799/2006/1 4685/1893/1 4798/2005/1
f 4799/2006/1 4684/1892/1 4685/1893/1
f 4799/2006/1 4683/1891/1 4684/1892/1
f 4800/2007/1 4683/1891/1 4799/2006/1
f 4800/2007/1 4682/1890/1 4683/1891/1
f 4801/2008/1 4682/1890/1 4800/2007/1
f 4802/2009/1 4682/1890/1 4801/2008/1
f 4803/2010/1 4682/1890/1 4802/2009/1
f 4803/2010/1 4681/1889/1 4682/1890/1
f 4804/2011/1 4681/1889/1 4803/2010/1
f 4805/2012/1 4681/1889/1 4804/2011/1
f 4805/2012/1 4680/1888/1 4681/1889/1
f 4806/2013/1 4680/1888/1 4805/2012/1
f 4806/2013/1 4679/1887/1 4680/1888/1
f 4807/2014/1 4679/1887/1 4806/2013/1
f 4807/2014/1 4678/1886/1 4679/1887/1
f 4678/1886/1 4807/2014/1 4677/1885/1
f 4808/2015/1 4677/1885/1 4807/2014/1
f 4677/1885/1 4808/2015/1 4675/1883/1
f 4808/2015/1 4674/1882/1 4675/1883/1
f 4674/1882/1 4808/2015/1 4809/2016/1
f 4808/2015/1 4807/2014/1 4809/2016/1
f 4809/2016/1 4807/2014/1 4806/2013/1
f 4809/2016/1 4806/2013/1 4810/2017/1
f 4810/2017/1 4806/2013/1 4805/2012/1
f 4810/2017/1 4805/2012/1 4811/2018/1
f 4811/2018/1 4805/2012/1 4812/2019/1
f 4804/2011/1 4812/2019/1 4805/2012/1
f 4812/2019/1 4804/2011/1 4813/2020/1
f 4813/2020/758 4814/2021/2206 4815/2022/758
f 4803/2010/760 4814/2021/759 4804/2011/759
f 4802/2009/761 4816/2023/760 4803/2010/760
f 4802/2009/761 4818/2026/762 4817/2024/761
f 4801/2008/762 4819/2025/763 4818/2026/762
f 4800/2007/2207 4820/2027/764 4819/2025/2207
f 4798/2005/765 4820/2027/764 4799/2006/764
f 4798/2005/765 4822/2029/766 4821/2028/765
f 4796/2003/767 4822/2029/766 4797/2004/766
f 4795/2002/769 4823/2031/768 4796/2003/767
f 4795/2002/769 4825/2032/772 4824/2030/769
f 4793/2000/771 4825/2032/772 4794/2001/772
f 4792/1999/2208 4826/2033/771 4793/2000/771
f 4792/1999/2208 4828/2036/774 4827/2034/2208
f 4790/1997/775 4828/2036/774 4791/1998/774
f 4789/1996/777 4829/2035/775 4790/1997/775
f 4789/1996/778 4831/2038/780 4830/2037/778
f 4787/1994/781 4831/2038/780 4788/1995/780
f 4833/2041/782 4832/2039/781 4787/1994/781
f 4787/1994/1 4786/1993/1 4833/2041/1
f 4833/2041/1 4786/1993/1 4785/1992/1
f 4833/2041/1 4785/1992/1 4835/2042/1
f 4835/2042/1 4785/1992/1 4836/2043/1
f 4836/2043/1 4785/1992/1 4784/1991/1
f 4836/2043/1 4784/1991/1 4837/2044/1
f 4837/2044/1 4784/1991/1 4783/1990/1
f 4837/2044/1 4783/1990/1 4838/2045/1
f 4838/2045/1 4783/1990/1 4839/2046/1
f 4839/2046/1 4783/1990/1 4840/2047/1
f 4840/2047/1 4783/1990/1 4782/1989/1
f 4841/2048/1 4840/2047/1 4782/1989/1
f 4842/2049/1 4840/2047/1 4841/2048/1
f 4842/2049/1 4843/2050/1 4840/2047/1
f 4842/2049/1 4844/2051/1 4843/2050/1
f 4842/2049/1 4845/2052/1 4844/2051/1
f 4846/2053/1 4845/2052/1 4842/2049/1
f 4846/2053/1 4847/2054/1 4845/2052/1
f 4848/2055/1 4847/2054/1 4846/2053/1
f 4848/2055/1 4849/2056/1 4847/2054/1
f 4848/2055/1 4850/2057/1 4849/2056/1
f 4851/2058/1 4850/2057/1 4848/2055/1
f 4851/2058/1 4852/2059/1 4850/2057/1
f 4853/2060/1 4852/2059/1 4851/2058/1
f 4853/2060/1 4854/2061/1 4852/2059/1
f 4855/2062/1 4854/2061/1 4853/2060/1
f 4855/2062/1 4856/2063/1 4854/2061/1
f 4857/2064/1 4856/2063/1 4855/2062/1
f 4857/2064/1 4858/2065/1 4856/2063/1
f 4859/2066/1 4858/2065/1 4857/2064/1
f 4859/2066/1 4860/2067/1 4858/2065/1
f 4859/2066/1 4861/2068/1 4860/2067/1
f 4862/2069/1 4861/2068/1 4859/2066/1
f 4862/2069/1 4863/2070/1 4861/2068/1
f 4864/2071/1 4863/2070/1 4862/2069/1
f 4864/2071/1 4865/2072/1 4863/2070/1
f 4866/2073/1 4865/2072/1 4864/2071/1
f 4866/2073/1 4867/2074/1 4865/2072/1
f 4868/2075/1 4867/2074/1 4866/2073/1
f 4868/2075/1 4869/2076/1 4867/2074/1
f 4870/2077/1 4869/2076/1 4868/2075/1
f 4870/2077/1 4871/2078/1 4869/2076/1
f 4872/2079/1 4871/2078/1 4870/2077/1
f 4872/2079/1 4873/2080/1 4871/2078/1
f 4872/2079/1 4874/2081/1 4873/2080/1
f 4875/2082/1 4874/2081/1 4872/2079/1
f 4875/2082/1 4876/2083/1 4874/2081/1
f 4877/2084/1 4876/2083/1 4875/2082/1
f 4877/2084/1 4878/2085/1 4876/2083/1
f 4877/2084/1 4879/2086/1 4878/2085/1
f 4877/2084/1 4813/2020/1 4879/2086/1
f 4812/2019/1 4813/2020/1 4877/2084/1
f 4880/2087/1 4812/2019/1 4877/2084/1
f 4811/2018/1 4812/2019/1 4880/2087/1
f 4881/2088/1 4811/2018/1 4880/2087/1
f 4882/2089/1 4811/2018/1 4881/2088/1
f 4672/1880/1 4811/2018/1 4882/2089/1
f 4672/1880/1 4810/2017/1 4811/2018/1
f 4673/1881/1 4810/2017/1 4672/1880/1
f 4673/1881/1 4809/2016/1 4810/2017/1
f 4674/1882/1 4809/2016/1 4673/1881/1
f 4882/2089/1 4671/1879/1 4672/1880/1
f 4671/1879/1 4882/2089/1 4883/2090/1
f 4883/2090/758 4884/2091/759 4885/2092/758
f 4882/2089/759 4886/2093/760 4884/2091/759
f 4881/2088/760 4888/2094/761 4886/2093/760
f 4881/2088/1 4880/2087/1 4887/2095/1
f 4887/2095/1 4880/2087/1 4889/2096/1
f 4889/2096/1 4880/2087/1 4890/2097/1
f 4890/2097/1 4880/2087/1 4891/2098/1
f 4880/2087/1 4877/2084/1 4891/2098/1
f 4891/2098/1 4877/2084/1 4875/2082/1
f 4891/2098/1 4875/2082/1 4892/2099/1
f 4892/2099/1 4875/2082/1 4872/2079/1
f 4892/2099/1 4872/2079/1 4893/2100/1
f 4893/2100/1 4872/2079/1 4870/2077/1
f 4893/2100/1 4870/2077/1 4894/2101/1
f 4894/2101/1 4870/2077/1 4868/2075/1
f 4894/2101/1 4868/2075/1 4895/2102/1
f 4895/2102/1 4868/2075/1 4866/2073/1
f 4895/2102/1 4866/2073/1 4896/2103/1
f 4896/2103/1 4866/2073/1 4864/2071/1
f 4896/2103/1 4864/2071/1 4862/2069/1
f 4896/2103/1 4862/2069/1 4897/2104/1
f 4897/2104/1 4862/2069/1 4859/2066/1
f 4897/2104/1 4859/2066/1 4898/2105/1
f 4898/2105/1 4859/2066/1 4857/2064/1
f 4898/2105/1 4857/2064/1 4899/2106/1
f 4899/2106/1 4857/2064/1 4855/2062/1
f 4899/2106/1 4855/2062/1 4900/2107/1
f 4900/2107/1 4855/2062/1 4853/2060/1
f 4900/2107/1 4853/2060/1 4901/2108/1
f 4901/2108/1 4853/2060/1 4851/2058/1
f 4901/2108/1 4851/2058/1 4902/2109/1
f 4902/2109/1 4851/2058/1 4848/2055/1
f 4902/2109/1 4848/2055/1 4903/2110/1
f 4903/2110/1 4848/2055/1 4904/2111/1
f 4904/2111/1 4848/2055/1 4846/2053/1
f 4904/2111/1 4846/2053/1 4905/2112/1
f 4905/2112/1 4846/2053/1 4842/2049/1
f 4905/2112/1 4842/2049/1 4841/2048/1
f 4905/2112/1 4841/2048/1 4906/2113/1
f 4906/2113/1 4841/2048/1 4907/2114/1
f 4907/2114/1 4841/2048/1 4908/2115/1
f 4841/2048/1 4781/1988/1 4908/2115/1
f 4841/2048/1 4782/1989/1 4781/1988/1
f 4908/2115/1 4781/1988/1 4780/1987/1
f 4908/2115/1 4780/1987/1 4909/2116/1
f 4909/2116/1 4780/1987/1 4778/1985/1
f 4910/2117/1 4909/2116/1 4778/1985/1
f 4911/2118/1 4909/2116/1 4910/2117/1
f 4911/2118/1 4908/2115/1 4909/2116/1
f 4907/2114/1 4908/2115/1 4911/2118/1
f 4912/2119/1 4907/2114/1 4911/2118/1
f 4913/2120/1 4907/2114/1 4912/2119/1
f 4913/2120/1 4906/2113/1 4907/2114/1
f 4914/2121/1 4906/2113/1 4913/2120/1
f 4915/2122/1 4906/2113/1 4914/2121/1
f 4915/2122/1 4905/2112/1 4906/2113/1
f 4916/2123/1 4905/2112/1 4915/2122/1
f 4917/2124/1 4905/2112/1 4916/2123/1
f 4918/2125/1 4905/2112/1 4917/2124/1
f 4918/2125/1 4904/2111/1 4905/2112/1
f 4919/2126/1 4904/2111/1 4918/2125/1
f 4919/2126/1 4903/2110/1 4904/2111/1
f 4920/2127/1 4903/2110/1 4919/2126/1
f 4921/2128/1 4903/2110/1 4920/2127/1
f 4921/2128/1 4902/2109/1 4903/2110/1
f 4922/2129/1 4902/2109/1 4921/2128/1
f 4922/2129/1 4901/2108/1 4902/2109/1
f 4923/2130/1 4901/2108/1 4922/2129/1
f 4923/2130/1 4900/2107/1 4901/2108/1
f 4924/2131/1 4900/2107/1 4923/2130/1
f 4924/2131/1 4899/2106/1 4900/2107/1
f 4925/2132/1 4899/2106/1 4924/2131/1
f 4925/2132/1 4898/2105/1 4899/2106/1
f 4926/2133/1 4898/2105/1 4925/2132/1
f 4927/2134/1 4898/2105/1 4926/2133/1
f 4927/2134/1 4897/2104/1 4898/2105/1
f 4928/2135/1 4897/2104/1 4927/2134/1
f 4928/2135/1 4896/2103/1 4897/2104/1
f 4929/2136/1 4896/2103/1 4928/2135/1
f 4929/2136/1 4895/2102/1 4896/2103/1
f 4930/2137/1 4895/2102/1 4929/2136/1
f 4930/2137/1 4894/2101/1 4895/2102/1
f 4931/2138/1 4894/2101/1 4930/2137/1
f 4931/2138/1 4893/2100/1 4894/2101/1
f 4932/2139/1 4893/2100/1 4931/2138/1
f 4932/2139/1 4892/2099/1 4893/2100/1
f 4933/2140/1 4892/2099/1 4932/2139/1
f 4934/2141/1 4892/2099/1 4933/2140/1
f 4934/2141/1 4891/2098/1 4892/2099/1
f 4890/2097/1 4891/2098/1 4934/2141/1
f 4890/2097/2207 4935/2142/764 4936/2143/2207
f 4934/2141/764 4937/2144/765 4935/2142/764
f 4932/2139/766 4937/2144/765 4933/2140/765
f 4931/2138/767 4938/2145/766 4932/2139/766
f 4930/2137/769 4939/2146/768 4931/2138/768
f 4929/2136/772 4940/2148/769 4930/2137/769
f 4928/2135/771 4941/2147/772 4929/2136/772
f 4927/2134/2208 4942/2149/771 4928/2135/771
f 4926/2133/774 4943/2151/773 4927/2134/773
f 4925/2132/775 4944/2150/774 4926/2133/774
f 4925/2132/775 4946/2152/777 4945/2153/775
f 4924/2131/777 4947/2154/779 4946/2152/777
f 4923/2130/780 4948/2155/781 4947/2154/780
f 4922/2129/781 4949/2156/782 4948/2155/781
f 4920/2127/784 4949/2156/782 4921/2128/782
f 4919/2126/788 4950/2157/784 4920/2127/784
f 4918/2125/787 4951/2158/788 4919/2126/788
f 4917/2124/790 4952/2160/787 4918/2125/787
f 4917/2124/790 4954/2161/791 4953/2159/790
f 4915/2122/792 4954/2161/791 4916/2123/791
f 4956/2162/793 4955/2163/794 4915/2122/794
f 4958/2164/1 4956/2162/1 4915/2122/1
f 4958/2164/1 4959/2165/1 4956/2162/1
f 4958/2164/1 4960/2166/1 4959/2165/1
f 4961/2167/1 4960/2166/1 4958/2164/1
f 4961/2167/1 4962/2168/1 4960/2166/1
f 4963/2169/1 4962/2168/1 4961/2167/1
f 4963/2169/1 4964/2170/1 4962/2168/1
f 4963/2169/1 4965/2171/1 4964/2170/1
f 4966/2172/1 4965/2171/1 4963/2169/1
f 4966/2172/1 4967/2173/1 4965/2171/1
f 4968/2174/1 4967/2173/1 4966/2172/1
f 4968/2174/1 4969/2175/1 4967/2173/1
f 4970/2176/1 4969/2175/1 4968/2174/1
f 4970/2176/1 4971/2177/1 4969/2175/1
f 4972/2178/1 4971/2177/1 4970/2176/1
f 4972/2178/1 4973/2179/1 4971/2177/1
f 4974/2180/1 4973/2179/1 4972/2178/1
f 4974/2180/1 4975/2181/1 4973/2179/1
f 4974/2180/1 4976/2182/1 4975/2181/1
f 4977/2183/1 4976/2182/1 4974/2180/1
f 4977/2183/1 4978/2184/1 4976/2182/1
f 4979/2185/1 4978/2184/1 4977/2183/1
f 4979/2185/1 4980/2186/1 4978/2184/1
f 4981/2187/1 4980/2186/1 4979/2185/1
f 4981/2187/1 4982/2188/1 4980/2186/1
f 4983/2189/1 4982/2188/1 4981/2187/1
f 4983/2189/1 4984/2190/1 4982/2188/1
f 4985/2191/1 4984/2190/1 4983/2189/1
f 4985/2191/1 4986/2192/1 4984/2190/1
f 4668/1876/1 4986/2192/1 4985/2191/1
f 4668/1876/1 4987/2193/1 4986/2192/1
f 4668/1876/1 4988/2194/1 4987/2193/1
f 4669/1877/1 4988/2194/1 4668/1876/1
f 4669/1877/1 4989/2195/1 4988/2194/1
f 4670/1878/1 4989/2195/1 4669/1877/1
f 4670/1878/1 4990/2196/1 4989/2195/1
f 4670/1878/1 4991/2197/1 4990/2196/1
f 4670/1878/1 4883/2090/1 4991/2197/1
f 4671/1879/1 4883/2090/1 4670/1878/1
f 4883/2090/758 4992/2198/795 4991/2197/795
f 5008/2203/1 5024/2243/1 5040/2202/1
f 4987/2193/807 5046/2213/808 5045/2210/807
f 4989/2195/2210 5046/2213/808 4988/2194/808
f 4990/2196/810 5047/2215/809 4989/2195/809
f 4991/2197/795 5048/2216/812 4990/2196/812
f 4986/2192/818 5045/2210/807 5044/2209/819
f 4984/2190/820 5044/2209/819 5043/2208/820
f 4982/2188/821 5043/2208/822 5041/2204/821
f 4982/2188/823 5042/2206/824 4980/2186/824
f 4978/2184/825 5042/2206/826 5049/2219/827
f 4887/2095/761 5061/2259/762 4888/2094/761
f 4889/2096/762 4936/2143/763 5061/2259/762
f 4956/2162/793 5060/2263/887 4957/2238/793
f 4959/2165/887 5059/2237/888 5060/2263/887
f 4960/2166/889 5058/2233/890 5059/2237/889
f 4962/2168/890 5057/2231/891 5058/2233/890
f 4965/2171/892 5057/2231/891 4964/2170/891
f 4967/2173/893 5056/2230/892 4965/2171/892
f 4967/2173/893 5054/2227/2221 5055/2228/893
f 4971/2177/896 5054/2227/917 4969/2175/917
f 4971/2177/897 5052/2223/918 5053/2225/897
f 4975/2181/899 5052/2223/900 4973/2179/900
f 4976/2182/902 5051/2222/899 4975/2181/899
f 4976/2182/901 5049/2219/825 5050/2220/901
f 5062/2264/1 4668/1876/1 4985/2191/1
f 4668/1876/1 5062/2264/1 4667/1875/1
f 5062/2264/77 5063/2265/4 4667/1875/98
f 5063/2265/4 5062/2264/2 5064/2266/4
f 5065/2266/3 5062/2264/3 5066/2264/3
f 5064/2266/4 5068/2267/4 5067/2267/4
f 5063/2265/1 5064/2266/1 5067/2267/1
f 5063/2265/1 5067/2267/1 5069/2268/1
f 5069/2268/1 5067/2267/1 4966/2172/1
f 5070/2269/1 4966/2172/1 5067/2267/1
f 5070/2269/1 4968/2174/1 4966/2172/1
f 5070/2269/1 4970/2176/1 4968/2174/1
f 5070/2269/1 4972/2178/1 4970/2176/1
f 5070/2269/1 4974/2180/1 4972/2178/1
f 5070/2269/1 4977/2183/1 4974/2180/1
f 5070/2269/1 4979/2185/1 4977/2183/1
f 5070/2269/1 4981/2187/1 4979/2185/1
f 5070/2269/1 4983/2189/1 4981/2187/1
f 5070/2269/1 4985/2191/1 4983/2189/1
f 5062/2264/1 4985/2191/1 5070/2269/1
f 5070/2269/2 5066/2264/2 5062/2264/2
f 5068/2267/5 5070/2269/5 5067/2267/5
f 5068/2267/1 5072/2270/1 5071/2269/1
f 5068/2267/1 5073/2271/1 5072/2270/1
f 5065/2266/1 5073/2271/1 5068/2267/1
f 5073/2271/1 5065/2266/1 5074/2272/1
f 5066/2264/1 5074/2272/1 5065/2266/1
f 5074/2272/1 5066/2264/1 5071/2269/1
f 5074/2272/1 5071/2269/1 5075/2273/1
f 5075/2273/1 5071/2269/1 5072/2270/1
f 5076/2273/5 5072/2270/5 5077/2270/5
f 5075/2273/2 5078/2272/2 5074/2272/2
f 5073/2271/3 5078/2272/3 5079/2271/3
f 5073/2271/4 5077/2270/4 5072/2270/4
f 5069/2268/1 4966/2172/1 4963/2169/1
f 5069/2268/1 4963/2169/1 4961/2167/1
f 5069/2268/1 4961/2167/1 4958/2164/1
f 5069/2268/1 4958/2164/1 5080/2277/1
f 5081/2278/1 5080/2277/1 4958/2164/1
f 4757/1964/1 5080/2277/1 5081/2278/1
f 4666/1874/1 5080/2277/1 4757/1964/1
f 5080/2277/1 4666/1874/1 4667/1875/1
f 5080/2277/1 5063/2265/1 5069/2268/1
f 4757/1964/2 5087/2279/2 4666/1874/2
f 4664/1872/904 5086/2280/904 4757/1964/904
f 4665/1873/4 5088/2281/4 4664/1872/4
f 4666/1874/905 5089/2282/905 4665/1873/905
f 4757/1964/1 5081/2278/1 4769/1976/1
f 4770/1977/1 5081/2278/1 4775/1982/1
f 5081/2278/2222 4778/1985/2222 4775/1982/2222
f 5081/2278/370 4910/2117/370 4778/1985/370
f 5081/2278/1 4912/2119/1 4910/2117/1
f 5081/2278/1 4913/2120/1 4912/2119/1
f 5081/2278/1 4914/2121/1 4913/2120/1
f 5081/2278/1 4958/2164/1 4914/2121/1
f 4958/2164/1 4915/2122/1 4914/2121/1
f 4912/2119/1 4911/2118/1 4910/2117/1
f 4757/1964/1 4769/1976/1 5094/2283/1
f 5094/2283/1 4769/1976/1 4768/1975/1
f 4764/1971/1 5094/2283/1 4768/1975/1
f 4757/1964/1 5094/2283/1 4763/1970/1
f 4757/1964/1 4763/1970/1 5099/2284/1
f 5099/2284/1 4763/1970/1 4762/1969/1
f 4762/1969/1 4758/1965/1 5099/2284/1
f 4757/1964/1 5099/2284/1 4758/1965/1
f 4879/2086/795 4815/2022/758 5104/2285/795
f 5114/2288/1 5120/2289/1 5136/2290/1
f 4873/2080/807 5158/2300/808 5157/2298/807
f 4876/2083/2210 5158/2300/808 4874/2081/808
f 4878/2085/810 5159/2302/809 4876/2083/809
f 4879/2086/795 5160/2303/810 4878/2085/810
f 4873/2080/807 5156/2297/819 4871/2078/819
f 4869/2076/822 5156/2297/819 5155/2294/822
f 4867/2074/821 5155/2294/820 5153/2291/821
f 4867/2074/821 5154/2293/824 4865/2072/824
f 4863/2070/825 5154/2293/824 5161/2305/825
f 4843/2050/793 5174/2330/794 4840/2047/794
f 4844/2051/887 5173/2328/793 4843/2050/793
f 4844/2051/887 5171/2324/889 5172/2326/887
f 4845/2052/889 5170/2322/890 5171/2324/889
f 4849/2056/891 5170/2322/915 4847/2054/915
f 4850/2057/892 5169/2320/891 4849/2056/891
f 4850/2057/892 5167/2317/893 5168/2319/892
f 4854/2061/917 5167/2317/893 4852/2059/893
f 4856/2063/896 5166/2315/894 4854/2061/917
f 4856/2063/896 5164/2311/918 5165/2313/896
f 4858/2065/918 5163/2309/899 5164/2311/918
f 4860/2067/899 5162/2307/902 5163/2309/899
f 4861/2068/901 5161/2305/825 5162/2307/901
f 4839/2046/791 5174/2330/794 5175/2332/791
f 4838/2045/790 5175/2332/791 5176/2335/790
f 4838/2045/790 5177/2336/787 4837/2044/787
f 4837/2044/787 5178/2338/788 4836/2043/788
f 4835/2042/784 5178/2338/788 5179/2339/784
f 4833/2041/782 5179/2339/784 4834/2040/782
f 4676/1884/1 4677/1885/1 4675/1883/1
f 4779/1986/1 4695/1903/1 5180/2354/1
f 5180/2354/1 4695/1903/1 5181/2355/1
f 5181/2355/1 4695/1903/1 5182/2356/1
f 5182/2356/1 4695/1903/1 5183/2357/1
f 5184/2358/1 5183/2357/1 4695/1903/1
f 5183/2357/1 5184/2358/1 5185/2359/1
f 5185/2359/1 5184/2358/1 5186/2360/1
f 5184/2358/2 5188/2360/2 5186/2360/2
f 5186/2360/1 5190/2361/1 5189/2362/1
f 5186/2360/3 5191/2362/3 5189/2362/3
f 5189/2362/1 4697/1905/1 5186/2360/1
f 5192/2363/1 4697/1905/1 5189/2362/1
f 4696/1904/1 4697/1905/1 5192/2363/1
f 5192/2363/3 5194/1904/3 4696/1904/3
f 4696/1904/1 5195/2364/1 4695/1903/1
f 4696/1904/4 5196/1903/4 4695/1903/4
f 5194/1904/1 5197/2364/1 5196/1903/1
f 5195/2364/2 5193/2363/2 5192/2363/2
f 5192/2363/1 5190/2361/1 5195/2364/1
f 5190/2361/1 5192/2363/1 5189/2362/1
f 5189/2362/4 5198/2361/4 5190/2361/4
f 5188/2360/1 5198/2361/1 5191/2362/1
f 5190/2361/5 5187/2358/5 5184/2358/5
f 5184/2358/4 5195/2364/2 5190/2361/4
f 5184/2358/3 4695/1903/3 5195/2364/3
f 4695/1903/5 5197/2364/5 5195/2364/5
f 5186/2360/1 4697/1905/1 5199/2365/1
f 5200/2366/1 5199/2365/1 4697/1905/1
f 5199/2365/1 5200/2366/1 5201/2367/1
f 5201/2367/1 5200/2366/1 5202/2368/1
f 5200/2366/2 5204/2368/2 5202/2368/2
f 4697/1905/1 5202/2368/1 5200/2366/1
f 4697/1905/5 5203/2366/5 5200/2366/5
f 4698/1906/4 5205/1905/4 4697/1905/4
f 5202/2368/3 5206/1906/3 4698/1906/3
f 4698/1906/1 4699/1907/1 5202/2368/1
f 5202/2368/1 4699/1907/1 5201/2367/1
f 5201/2367/1 4699/1907/1 5207/2369/1
f 5208/2370/1 5207/2369/1 4699/1907/1
f 5209/2371/1 5207/2369/1 5208/2370/1
f 5210/2372/1 5207/2369/1 5209/2371/1
f 5211/2373/1 5207/2369/1 5210/2372/1
f 5212/2374/1 5207/2369/1 5211/2373/1
f 5212/2374/1 5213/2375/1 5207/2369/1
f 5212/2374/1 5186/2360/1 5213/2375/1
f 5214/2376/1 5186/2360/1 5212/2374/1
f 5215/2377/1 5186/2360/1 5214/2376/1
f 5216/2378/1 5186/2360/1 5215/2377/1
f 5217/2379/1 5186/2360/1 5216/2378/1
f 5185/2359/1 5186/2360/1 5217/2379/1
f 5219/2380/931 5217/2379/932 5218/2381/933
f 5216/2378/933 5220/2382/934 5218/2381/933
f 5215/2377/935 5221/2383/936 5220/2382/935
f 5214/2376/937 5222/2384/938 5221/2383/937
f 5212/2374/938 5223/2385/939 5222/2384/938
f 5211/2373/940 5224/2386/941 5223/2385/940
f 5209/2371/942 5224/2386/941 5210/2372/941
f 5225/2387/943 5226/2388/944 5227/2389/944
f 5209/2371/1 5228/2390/1 5226/2388/1
f 5209/2371/1 5208/2370/1 5228/2390/1
f 5208/2370/2 5230/2390/2 5228/2390/2
f 5208/2370/1 5232/2391/1 5228/2390/1
f 5231/2392/5 5229/2370/5 5208/2370/5
f 5208/2370/94 5234/2393/95 5231/2392/4
f 5208/2370/4 4699/1907/2 5234/2393/4
f 4699/1907/5 5236/2393/5 5234/2393/5
f 5237/2394/1 4699/1907/1 4700/1908/1
f 5237/2394/3 5239/1908/3 4700/1908/3
f 4700/1908/1 4701/1909/1 5237/2394/1
f 5237/2394/1 4701/1909/1 5232/2391/1
f 5232/2391/1 4701/1909/1 5228/2390/1
f 5228/2390/1 4701/1909/1 5240/2395/1
f 5241/2396/1 5240/2395/1 4701/1909/1
f 5240/2395/1 5241/2396/1 5242/2397/1
f 5242/2397/1 5241/2396/1 5243/2398/1
f 5243/2398/1 5241/2396/1 5244/2399/1
f 5244/2399/1 5241/2396/1 5245/2400/1
f 5245/2400/1 5241/2396/1 5246/2401/1
f 5246/2401/1 5241/2396/1 5247/2402/1
f 5247/2402/1 5241/2396/1 5248/2403/1
f 5248/2403/1 5241/2396/1 5249/2404/1
f 5249/2404/1 5241/2396/1 5250/2405/1
f 5250/2405/1 5241/2396/1 5251/2406/1
f 5251/2406/1 5241/2396/1 5252/2407/1
f 5252/2407/1 5241/2396/1 4705/1913/1
f 5241/2396/2 5254/1913/2 4705/1913/2
f 4704/1912/1 5241/2396/1 5255/2408/1
f 4704/1912/4 5257/2408/4 5255/2408/4
f 5255/2408/1 4703/1911/1 4704/1912/1
f 4703/1911/1 5255/2408/1 5258/2409/1
f 5241/2396/3 5258/2409/3 5255/2408/3
f 5241/2396/94 4701/1909/95 5258/2409/4
f 4701/1909/5 5260/2409/5 5258/2409/5
f 5258/2409/1 4702/1910/1 4703/1911/1
f 5258/2409/2 5261/1911/2 4703/1911/2
f 5262/1910/1 5260/2409/1 5259/1909/1
f 4702/1910/4 5259/1909/4 4701/1909/4
f 4703/1911/3 5262/1910/3 4702/1910/3
f 5255/2408/5 5253/2396/5 5241/2396/5
f 5254/1913/1 5257/2408/1 5256/1912/1
f 4705/1913/3 5256/1912/3 4704/1912/3
f 5252/2407/1 4705/1913/1 5263/2410/1
f 5263/2410/1 4705/1913/1 5264/2411/1
f 5264/2411/1 4705/1913/1 5265/2412/1
f 5265/2412/1 4705/1913/1 5266/2413/1
f 5266/2413/1 4705/1913/1 5267/2414/1
f 5267/2414/1 4705/1913/1 5268/2415/1
f 5268/2415/1 4705/1913/1 5269/2416/1
f 5269/2416/1 4705/1913/1 5270/2417/1
f 5270/2417/1 4705/1913/1 5271/2418/1
f 5271/2418/1 4705/1913/1 5272/2419/1
f 5272/2419/1 4705/1913/1 5273/2420/1
f 5273/2420/1 4705/1913/1 5274/2421/1
f 5274/2421/1 4705/1913/1 5275/2422/1
f 5275/2422/1 4705/1913/1 5276/2423/1
f 5276/2423/1 4705/1913/1 5277/2424/1
f 5277/2424/1 4705/1913/1 5278/2425/1
f 5278/2425/945 4705/1913/945 5279/2426/945
f 5279/2426/1 4705/1913/1 5280/2427/1
f 5280/2427/1 4705/1913/1 5281/2428/1
f 5281/2428/1 4705/1913/1 5282/2429/1
f 5282/2429/1 4705/1913/1 5283/2430/1
f 5283/2430/1 4705/1913/1 5284/2431/1
f 5284/2431/1 4705/1913/1 5285/2432/1
f 5285/2432/1 4705/1913/1 5286/2433/1
f 5286/2433/1 4705/1913/1 5287/2434/1
f 5287/2434/1 4705/1913/1 5288/2435/1
f 5288/2435/1 4705/1913/1 5289/2436/1
f 5289/2436/1 4705/1913/1 5290/2437/1
f 5290/2437/1 4705/1913/1 5291/2438/1
f 5291/2438/1 4705/1913/1 5292/2439/1
f 5292/2439/1 4705/1913/1 5293/2440/1
f 5293/2440/1 4705/1913/1 5294/2441/1
f 5294/2441/1 4705/1913/1 4706/1914/1
f 5294/2441/1 5313/2444/1 5321/2445/1
f 5324/2449/1 5298/2450/1 5297/2446/1
f 5324/2449/1 5299/2451/1 5298/2450/1
f 5324/2449/1 5300/2452/1 5299/2451/1
f 5324/2449/1 5301/2453/1 5300/2452/1
f 5324/2449/1 5302/2454/1 5301/2453/1
f 5324/2449/1 5303/2455/1 5302/2454/1
f 5324/2449/1 5304/2456/1 5303/2455/1
f 5324/2449/1 5305/2457/1 5304/2456/1
f 5324/2449/1 5306/2458/1 5305/2457/1
f 5324/2449/1 5307/2459/1 5306/2458/1
f 5325/2460/1 5307/2459/1 5324/2449/1
f 5325/2460/1 5308/2461/1 5307/2459/1
f 5325/2460/1 5309/2462/1 5308/2461/1
f 5325/2460/361 5310/2463/361 5309/2462/361
f 5325/2460/1 5277/2424/1 5310/2463/1
f 5325/2460/1 5326/2464/1 5277/2424/1
f 5325/2460/1 5327/2465/1 5326/2464/1
f 5325/2460/1 5328/2466/1 5327/2465/1
f 5325/2460/1 5329/2467/1 5328/2466/1
f 5325/2460/1 5330/2468/1 5329/2467/1
f 5325/2460/1 5331/2469/1 5330/2468/1
f 5325/2460/1 5332/2470/1 5331/2469/1
f 5325/2460/1 5333/2471/1 5332/2470/1
f 5334/2472/1 5333/2471/1 5325/2460/1
f 5334/2472/1 5335/2473/1 5333/2471/1
f 5334/2472/1 5336/2474/1 5335/2473/1
f 5334/2472/1 5337/2475/1 5336/2474/1
f 5334/2472/1 5338/2476/1 5337/2475/1
f 5334/2472/1 5339/2477/1 5338/2476/1
f 5334/2472/1 5340/2478/1 5339/2477/1
f 5334/2472/1 5341/2479/1 5340/2478/1
f 5334/2472/1 5342/2480/1 5341/2479/1
f 5334/2472/1 5343/2481/1 5342/2480/1
f 5334/2472/1 5344/2482/1 5343/2481/1
f 5345/2483/1 5344/2482/1 5334/2472/1
f 5345/2483/1 5346/2484/1 5344/2482/1
f 5345/2483/1 5347/2485/1 5346/2484/1
f 5345/2483/1 5348/2486/1 5347/2485/1
f 5345/2483/1 5349/2487/1 5348/2486/1
f 5345/2483/1 5350/2488/1 5349/2487/1
f 5242/2397/1 5350/2488/1 5345/2483/1
f 5350/2488/370 5242/2397/370 5243/2398/370
f 5263/2410/1 5271/2418/1 5336/2474/1
f 5345/2483/1041 5334/2472/1042 5400/2537/1042
f 5401/2538/1043 5242/2397/1044 5399/2539/1044
f 5402/2540/1045 5240/2395/1043 5401/2538/1043
f 5227/2389/944 5403/2541/1045 5402/2540/1045
f 5226/2388/1 5228/2390/1 5403/2541/1
f 5403/2541/1 5228/2390/1 5240/2395/1
f 5404/2542/1046 5227/2389/1047 5402/2540/1046
f 5401/2538/1048 5404/2542/1049 5402/2540/2252
f 5407/2543/1050 5401/2538/1051 5399/2539/1050
f 5400/2537/1052 5407/2543/1053 5399/2539/1053
f 5409/2544/2253 5408/2545/1052 5400/2537/1055
f 5412/2549/1056 5409/2544/1057 5411/2546/1056
f 5413/2548/1140 5412/2549/1056 5411/2546/1056
f 5415/2550/1059 5414/2551/1060 5413/2548/1060
f 5417/2552/1061 5416/2553/1059 5415/2550/1059
f 5419/2554/1063 5418/2555/1061 5417/2552/1061
f 5421/2556/1064 5420/2557/1063 5419/2554/1063
f 5424/2558/1065 5421/2556/2254 5423/2559/1065
f 5426/2560/1066 5423/2559/1065 5425/2561/1066
f 5428/2562/1067 5425/2561/1068 5427/2563/1067
f 5429/2564/1069 5428/2562/1067 5427/2563/1067
f 5431/2565/1071 5430/2566/1072 5429/2564/1072
f 5434/2567/1073 5431/2565/1074 5433/2568/1073
f 5436/2569/1079 5433/2568/1136 5435/2570/1079
f 5437/2571/1078 5436/2569/1079 5435/2570/1079
f 5439/2572/1134 5438/2573/1133 5437/2571/1133
f 5441/2574/1082 5440/2575/1134 5439/2572/1134
f 5444/2576/1083 5441/2574/1084 5443/2577/1083
f 5446/2578/1085 5443/2577/1083 5445/2579/1085
f 5448/2580/1088 5445/2579/1085 5447/2581/1088
f 5450/2582/1087 5447/2581/1088 5449/2583/1087
f 5452/2584/1093 5449/2583/2255 5451/2585/1093
f 5453/2586/1092 5452/2584/1093 5451/2585/1093
f 5456/2587/1094 5453/2586/1095 5455/2588/1096
f 5458/2589/1097 5455/2588/2256 5457/2590/1097
f 5459/2591/1098 5458/2589/1099 5457/2590/1099
f 5462/2592/1100 5459/2591/1101 5461/2593/1100
f 5463/2594/1102 5462/2592/1103 5461/2593/1103
f 5465/2595/1104 5464/2596/1102 5463/2594/1102
f 5468/2597/1105 5465/2595/1104 5467/2598/1105
f 5470/2599/1106 5467/2598/1105 5469/2600/1106
f 5472/2601/1107 5469/2600/1106 5471/2602/1107
f 5474/2603/1108 5471/2602/1107 5473/2604/1108
f 5475/2605/1109 5474/2603/1110 5473/2604/1110
f 5478/2606/1111 5475/2605/1112 5477/2607/1111
f 5479/2608/1113 5477/2607/1114 5219/2380/1113
f 5218/2381/1115 5479/2608/1143 5219/2380/1143
f 5481/2609/1117 5218/2381/1118 5220/2382/1117
f 5482/2610/1119 5220/2382/1120 5221/2383/2257
f 5222/2384/1121 5482/2610/1122 5221/2383/1122
f 5223/2385/1123 5483/2611/1121 5222/2384/1121
f 5224/2386/1124 5484/2612/1123 5223/2385/1123
f 5225/2387/1125 5485/2613/1124 5224/2386/1124
f 5405/2614/2258 5225/2387/1125 5227/2389/1047
f 5410/2547/1 5426/2560/1 5458/2589/1
f 5536/2761/1 5583/2855/1 5582/2854/1
f 5536/2761/1 5584/2856/1 5583/2855/1
f 5536/2761/1 5585/2857/1 5584/2856/1
f 5535/2760/1 5585/2857/1 5536/2761/1
f 5535/2760/1 5586/2858/1 5585/2857/1
f 5586/2858/1 5535/2760/1 5537/2765/1
f 5537/2765/1 5540/2769/1 5586/2858/1
f 5537/2765/1 5539/2766/1 5540/2769/1
f 5539/2766/1 5537/2765/1 5538/2767/1
f 5586/2858/1 5540/2769/1 5587/2859/1
f 5587/2859/1 5540/2769/1 5541/2773/1
f 5587/2859/1 5541/2773/1 5588/2860/1
f 5588/2860/1 5541/2773/1 5589/2861/1
f 5589/2861/1 5541/2773/1 5542/2775/1
f 5589/2861/1 5542/2775/1 5590/2862/1
f 5590/2862/1 5542/2775/1 5543/2774/1
f 5590/2862/1 5543/2774/1 5591/2863/1
f 5591/2863/1 5543/2774/1 5544/2777/1
f 5591/2863/1 5544/2777/1 5592/2864/1
f 5592/2864/1 5544/2777/1 5545/2781/1
f 5592/2864/1 5545/2781/1 5593/2865/1
f 5593/2865/1 5545/2781/1 5546/2783/1
f 5593/2865/1 5546/2783/1 5594/2866/1
f 5594/2866/1 5546/2783/1 5547/2782/1
f 5594/2866/1 5547/2782/1 5595/2867/1
f 5595/2867/1 5547/2782/1 5548/2785/1
f 5595/2867/1 5548/2785/1 5596/2868/1
f 5596/2868/1 5548/2785/1 5549/2789/1
f 5596/2868/1 5549/2789/1 5597/2869/1
f 5597/2869/1 5549/2789/1 5550/2791/1
f 5597/2869/1 5550/2791/1 5598/2870/1
f 5598/2870/1 5550/2791/1 5551/2790/1
f 5598/2870/1 5551/2790/1 5599/2871/1
f 5599/2871/1 5551/2790/1 5600/2872/1
f 5600/2872/1 5551/2790/1 5552/2793/1
f 5600/2872/1 5552/2793/1 5601/2873/1
f 5601/2873/1 5552/2793/1 5553/2797/1
f 5601/2873/1 5553/2797/1 5602/2874/1
f 5602/2874/1 5553/2797/1 5554/2799/1
f 5602/2874/1 5554/2799/1 5603/2875/1
f 5603/2875/1 5554/2799/1 5555/2798/1
f 5603/2875/1 5555/2798/1 5604/2876/1
f 5604/2876/1 5555/2798/1 5556/2801/1
f 5604/2876/1 5556/2801/1 5605/2877/1
f 5605/2877/1 5556/2801/1 5557/2805/1
f 5605/2877/1 5557/2805/1 5606/2878/1
f 5606/2878/1 5557/2805/1 5558/2807/1
f 5606/2878/1 5558/2807/1 5607/2879/1
f 5607/2879/1 5558/2807/1 5559/2806/1
f 5607/2879/1 5559/2806/1 5608/2880/1
f 5608/2880/1 5559/2806/1 5560/2811/1
f 5608/2880/1 5560/2811/1 5609/2881/1
f 5609/2881/1 5560/2811/1 5610/2882/1
f 5610/2882/1 5560/2811/1 5561/2813/1
f 5563/2817/1 5610/2882/1 5561/2813/1
f 5564/2816/1 5610/2882/1 5563/2817/1
f 5564/2816/1 5611/2883/1 5610/2882/1
f 5564/2816/1 5612/2884/1 5611/2883/1
f 5565/2819/1 5612/2884/1 5564/2816/1
f 5565/2819/1 5613/2885/1 5612/2884/1
f 5566/2823/1 5613/2885/1 5565/2819/1
f 5566/2823/1 5614/2886/1 5613/2885/1
f 5567/2822/1 5614/2886/1 5566/2823/1
f 5567/2822/1 5615/2887/1 5614/2886/1
f 5568/2825/1 5615/2887/1 5567/2822/1
f 5568/2825/1 5616/2888/1 5615/2887/1
f 5569/2829/1 5616/2888/1 5568/2825/1
f 5569/2829/1 5617/2889/1 5616/2888/1
f 5570/2831/1 5617/2889/1 5569/2829/1
f 5570/2831/1 5618/2890/1 5617/2889/1
f 5571/2830/1 5618/2890/1 5570/2831/1
f 5571/2830/1 5619/2891/1 5618/2890/1
f 5572/2835/1 5619/2891/1 5571/2830/1
f 5572/2835/1 5620/2892/1 5619/2891/1
f 5573/2837/1 5620/2892/1 5572/2835/1
f 5573/2837/1 5621/2893/1 5620/2892/1
f 5574/2836/1 5621/2893/1 5573/2837/1
f 5574/2836/1 5622/2894/1 5621/2893/1
f 5574/2836/1 5623/2895/1 5622/2894/1
f 5575/2841/1 5623/2895/1 5574/2836/1
f 5575/2841/1 5624/2896/1 5623/2895/1
f 5576/2840/1 5624/2896/1 5575/2841/1
f 5576/2840/1 5625/2897/1 5624/2896/1
f 5577/2843/1 5625/2897/1 5576/2840/1
f 5577/2843/1 5626/2898/1 5625/2897/1
f 5578/2847/1 5626/2898/1 5577/2843/1
f 5578/2847/1 5627/2899/1 5626/2898/1
f 5579/2846/1 5627/2899/1 5578/2847/1
f 5579/2846/1 5628/2900/1 5627/2899/1
f 5580/2849/1 5628/2900/1 5579/2846/1
f 5580/2849/1 5629/2901/1 5628/2900/1
f 5581/2853/1 5629/2901/1 5580/2849/1
f 5581/2853/1 5630/2902/1 5629/2901/1
f 5582/2854/1 5630/2902/1 5581/2853/1
f 5582/2854/1 5583/2855/1 5630/2902/1
f 5583/2855/1 5590/2862/1 5630/2902/1
f 5583/2855/1 5589/2861/1 5590/2862/1
f 5584/2856/1 5589/2861/1 5583/2855/1
f 5584/2856/1 5588/2860/1 5589/2861/1
f 5585/2857/1 5588/2860/1 5584/2856/1
f 5585/2857/1 5587/2859/1 5588/2860/1
f 5587/2859/1 5585/2857/1 5586/2858/1
f 5630/2902/1 5590/2862/1 5591/2863/1
f 5630/2902/1 5591/2863/1 5629/2901/1
f 5629/2901/1 5591/2863/1 5628/2900/1
f 5628/2900/1 5591/2863/1 5592/2864/1
f 5628/2900/1 5592/2864/1 5627/2899/1
f 5627/2899/1 5592/2864/1 5593/2865/1
f 5627/2899/1 5593/2865/1 5626/2898/1
f 5626/2898/1 5593/2865/1 5594/2866/1
f 5626/2898/1 5594/2866/1 5631/2903/1
f 5594/2866/1 5632/2904/1 5631/2903/1
f 5632/2904/1 5594/2866/1 5595/2867/1
f 5632/2904/1 5595/2867/1 5633/2905/1
f 5633/2905/1 5595/2867/1 5634/2906/1
f 5634/2906/1 5595/2867/1 5635/2907/1
f 5635/2907/1 5595/2867/1 5636/2908/1
f 5636/2908/1 5595/2867/1 5637/2909/1
f 5637/2909/1 5595/2867/1 5596/2868/1
f 5637/2909/1 5596/2868/1 5638/2910/1
f 5638/2910/1 5596/2868/1 5639/2911/1
f 5639/2911/1 5596/2868/1 5597/2869/1
f 5639/2911/1 5597/2869/1 5640/2912/1
f 5640/2912/1 5597/2869/1 5641/2913/1
f 5641/2913/1 5597/2869/1 5598/2870/1
f 5641/2913/1 5598/2870/1 5642/2914/1
f 5642/2914/1 5598/2870/1 5643/2915/1
f 5643/2915/1 5598/2870/1 5599/2871/1
f 5643/2915/1 5599/2871/1 5644/2916/1
f 5644/2916/1 5599/2871/1 5645/2917/1
f 5645/2917/1 5599/2871/1 5646/2918/1
f 5646/2918/1 5599/2871/1 5600/2872/1
f 5646/2918/1 5600/2872/1 5647/2919/1
f 5647/2919/1 5600/2872/1 5648/2920/1
f 5648/2920/1 5600/2872/1 5601/2873/1
f 5648/2920/1 5601/2873/1 5649/2921/1
f 5649/2921/1 5601/2873/1 5650/2922/1
f 5650/2922/1 5601/2873/1 5602/2874/1
f 5650/2922/1 5602/2874/1 5651/2923/1
f 5651/2923/1 5602/2874/1 5652/2924/1
f 5652/2924/1 5602/2874/1 5653/2925/1
f 5653/2925/1 5602/2874/1 5654/2926/1
f 5654/2926/1 5602/2874/1 5655/2927/1
f 5655/2927/1 5602/2874/1 5618/2890/1
f 5618/2890/1 5602/2874/1 5617/2889/1
f 5617/2889/1 5602/2874/1 5603/2875/1
f 5617/2889/1 5603/2875/1 5616/2888/1
f 5616/2888/1 5603/2875/1 5604/2876/1
f 5616/2888/1 5604/2876/1 5615/2887/1
f 5615/2887/1 5604/2876/1 5605/2877/1
f 5615/2887/1 5605/2877/1 5614/2886/1
f 5614/2886/1 5605/2877/1 5606/2878/1
f 5614/2886/1 5606/2878/1 5607/2879/1
f 5614/2886/1 5607/2879/1 5613/2885/1
f 5613/2885/1 5607/2879/1 5612/2884/1
f 5612/2884/1 5607/2879/1 5608/2880/1
f 5612/2884/1 5608/2880/1 5611/2883/1
f 5611/2883/1 5608/2880/1 5609/2881/1
f 5611/2883/1 5609/2881/1 5610/2882/1
f 5618/2890/1 5656/2928/1 5655/2927/1
f 5618/2890/1 5657/2929/1 5656/2928/1
f 5618/2890/1 5658/2930/1 5657/2929/1
f 5618/2890/1 5659/2931/1 5658/2930/1
f 5618/2890/1 5660/2932/1 5659/2931/1
f 5619/2891/1 5660/2932/1 5618/2890/1
f 5619/2891/1 5661/2933/1 5660/2932/1
f 5619/2891/1 5662/2934/1 5661/2933/1
f 5620/2892/1 5662/2934/1 5619/2891/1
f 5620/2892/1 5663/2935/1 5662/2934/1
f 5620/2892/1 5664/2936/1 5663/2935/1
f 5621/2893/1 5664/2936/1 5620/2892/1
f 5621/2893/1 5665/2937/1 5664/2936/1
f 5621/2893/1 5666/2938/1 5665/2937/1
f 5621/2893/1 5667/2939/1 5666/2938/1
f 5622/2894/1 5667/2939/1 5621/2893/1
f 5622/2894/1 5668/2940/1 5667/2939/1
f 5622/2894/1 5669/2941/1 5668/2940/1
f 5623/2895/1 5669/2941/1 5622/2894/1
f 5623/2895/1 5670/2942/1 5669/2941/1
f 5623/2895/1 5671/2943/1 5670/2942/1
f 5624/2896/1 5671/2943/1 5623/2895/1
f 5624/2896/1 5672/2944/1 5671/2943/1
f 5624/2896/1 5673/2945/1 5672/2944/1
f 5625/2897/1 5673/2945/1 5624/2896/1
f 5625/2897/1 5674/2946/1 5673/2945/1
f 5625/2897/1 5675/2947/1 5674/2946/1
f 5625/2897/1 5676/2948/1 5675/2947/1
f 5625/2897/1 5677/2949/1 5676/2948/1
f 5625/2897/1 5678/2950/1 5677/2949/1
f 5626/2898/1 5678/2950/1 5625/2897/1
f 5626/2898/1 5631/2903/1 5678/2950/1
f 5632/2904/1 5678/2950/1 5631/2903/1
f 5678/2950/1 5632/2904/1 5633/2905/1
f 5678/2950/1 5633/2905/1 5679/2951/1
f 5679/2951/370 5633/2905/370 5680/2952/370
f 5680/2952/1 5633/2905/1 5681/2953/1
f 5681/2953/1 5633/2905/1 5634/2906/1
f 5681/2953/1 5634/2906/1 5682/2954/1
f 5682/2954/1 5634/2906/1 5635/2907/1
f 5682/2954/1 5635/2907/1 5683/2955/1
f 5683/2955/1 5635/2907/1 5636/2908/1
f 5683/2955/1 5636/2908/1 5684/2956/1
f 5684/2956/1 5636/2908/1 5637/2909/1
f 5684/2956/1 5637/2909/1 5685/2957/1
f 5685/2957/1 5637/2909/1 5638/2910/1
f 5685/2957/1 5638/2910/1 5686/2958/1
f 5686/2958/1 5638/2910/1 5639/2911/1
f 5686/2958/1 5639/2911/1 5687/2959/1
f 5687/2959/1 5639/2911/1 5640/2912/1
f 5687/2959/1 5640/2912/1 5688/2960/1
f 5688/2960/1 5640/2912/1 5641/2913/1
f 5688/2960/1 5641/2913/1 5689/2961/1
f 5689/2961/1 5641/2913/1 5642/2914/1
f 5689/2961/1 5642/2914/1 5690/2962/1
f 5690/2962/1 5642/2914/1 5643/2915/1
f 5690/2962/1 5643/2915/1 5691/2963/1
f 5691/2963/1 5643/2915/1 5644/2916/1
f 5691/2963/1 5644/2916/1 5692/2964/1
f 5692/2964/1 5644/2916/1 5693/2965/1
f 5693/2965/1 5644/2916/1 5645/2917/1
f 5693/2965/1 5645/2917/1 5694/2966/1
f 5694/2966/1 5645/2917/1 5646/2918/1
f 5694/2966/1 5646/2918/1 5695/2967/1
f 5695/2967/1 5646/2918/1 5647/2919/1
f 5695/2967/1 5647/2919/1 5696/2968/1
f 5696/2968/1 5647/2919/1 5648/2920/1
f 5696/2968/1 5648/2920/1 5697/2969/1
f 5697/2969/1 5648/2920/1 5649/2921/1
f 5697/2969/1 5649/2921/1 5698/2970/1
f 5698/2970/1 5649/2921/1 5650/2922/1
f 5698/2970/1 5650/2922/1 5699/2971/1
f 5699/2971/1 5650/2922/1 5651/2923/1
f 5699/2971/1 5651/2923/1 5700/2972/1
f 5700/2972/1 5651/2923/1 5652/2924/1
f 5700/2972/1 5652/2924/1 5701/2973/1
f 5701/2973/1 5652/2924/1 5653/2925/1
f 5701/2973/1 5653/2925/1 5702/2974/1
f 5702/2974/1 5653/2925/1 5654/2926/1
f 5702/2974/1 5654/2926/1 5703/2975/1
f 5656/2928/1 5703/2975/1 5654/2926/1
f 5656/2928/1 5704/2976/1 5703/2975/1
f 5657/2929/1 5704/2976/1 5656/2928/1
f 5657/2929/1 5705/2977/1 5704/2976/1
f 5658/2930/1 5705/2977/1 5657/2929/1
f 5658/2930/1 5706/2978/1 5705/2977/1
f 5659/2931/1 5706/2978/1 5658/2930/1
f 5659/2931/1 5707/2979/1 5706/2978/1
f 5660/2932/1 5707/2979/1 5659/2931/1
f 5660/2932/1 5708/2980/1 5707/2979/1
f 5661/2933/1 5708/2980/1 5660/2932/1
f 5661/2933/1 5709/2981/1 5708/2980/1
f 5662/2934/1 5709/2981/1 5661/2933/1
f 5662/2934/1 5710/2982/1 5709/2981/1
f 5663/2935/1 5710/2982/1 5662/2934/1
f 5663/2935/1 5711/2983/1 5710/2982/1
f 5664/2936/1 5711/2983/1 5663/2935/1
f 5664/2936/1 5712/2984/1 5711/2983/1
f 5665/2937/1 5712/2984/1 5664/2936/1
f 5665/2937/1 5713/2985/1 5712/2984/1
f 5666/2938/1 5713/2985/1 5665/2937/1
f 5666/2938/1 5714/2986/1 5713/2985/1
f 5667/2939/1 5714/2986/1 5666/2938/1
f 5667/2939/1 5715/2987/1 5714/2986/1
f 5667/2939/1 5716/2988/1 5715/2987/1
f 5668/2940/1 5716/2988/1 5667/2939/1
f 5668/2940/1 5717/2989/1 5716/2988/1
f 5669/2941/1 5717/2989/1 5668/2940/1
f 5669/2941/1 5718/2990/1 5717/2989/1
f 5670/2942/1 5718/2990/1 5669/2941/1
f 5670/2942/1 5719/2991/1 5718/2990/1
f 5671/2943/1 5719/2991/1 5670/2942/1
f 5671/2943/1 5720/2992/1 5719/2991/1
f 5672/2944/1 5720/2992/1 5671/2943/1
f 5672/2944/1 5721/2993/1 5720/2992/1
f 5673/2945/1 5721/2993/1 5672/2944/1
f 5673/2945/1 5722/2994/1 5721/2993/1
f 5674/2946/1 5722/2994/1 5673/2945/1
f 5674/2946/1 5723/2995/1 5722/2994/1
f 5675/2947/1 5723/2995/1 5674/2946/1
f 5675/2947/1 5724/2996/1 5723/2995/1
f 5676/2948/1 5724/2996/1 5675/2947/1
f 5676/2948/1 5725/2997/1 5724/2996/1
f 5677/2949/1 5725/2997/1 5676/2948/1
f 5677/2949/1 5726/2998/1 5725/2997/1
f 5677/2949/370 5679/2951/370 5726/2998/370
f 5679/2951/1 5677/2949/1 5678/2950/1
f 5726/2998/1208 5727/2999/2262 5728/3000/1208
f 5679/2951/2263 5729/3001/2264 5727/2999/2263
f 5680/2952/1210 5730/3002/1212 5729/3001/1210
f 5681/2953/1212 5731/3003/1213 5730/3002/1212
f 5683/2955/1214 5731/3003/1215 5682/2954/1215
f 5684/2956/2265 5732/3004/1214 5683/2955/1214
f 5685/2957/1217 5733/3005/1216 5684/2956/1216
f 5685/2957/1217 5735/3006/1218 5734/3007/1217
f 5686/2958/1219 5736/3008/1220 5735/3006/1219
f 5687/2959/1220 5737/3009/1222 5736/3008/1221
f 5689/2961/1223 5737/3009/1222 5688/2960/1224
f 5690/2962/1225 5738/3010/1223 5689/2961/1223
f 5691/2963/2266 5739/3011/1227 5690/2962/1227
f 5692/2964/1228 5740/3012/1229 5691/2963/1230
f 5693/2965/1231 5741/3013/1232 5692/2964/1232
f 5693/2965/1231 5743/3014/1233 5742/3015/1231
f 5695/2967/1234 5743/3014/1235 5694/2966/1235
f 5696/2968/1236 5744/3016/1234 5695/2967/1234
f 5697/2969/2267 5745/3017/1238 5696/2968/1238
f 5697/2969/1237 5747/3018/1239 5746/3019/1237
f 5698/2970/1240 5748/3020/1241 5747/3018/1240
f 5699/2971/1241 5749/3021/1243 5748/3020/1241
f 5701/2973/1244 5749/3021/1245 5700/2972/1243
f 5702/2974/1246 5750/3022/1244 5701/2973/1244
f 5703/2975/2268 5751/3023/1246 5702/2974/1246
f 5704/2976/1250 5752/3024/1247 5703/2975/2268
f 5705/2977/1249 5753/3025/1250 5704/2976/1250
f 5705/2977/1249 5755/3026/1251 5754/3027/1249
f 5707/2979/1255 5755/3026/1253 5706/2978/1253
f 5708/2980/1254 5756/3028/1255 5707/2979/1255
f 5709/2981/1256 5757/3029/1257 5708/2980/1257
f 5709/2981/2269 5759/3030/1259 5758/3031/2269
f 5711/2983/1260 5759/3030/1261 5710/2982/1261
f 5711/2983/1260 5761/3032/1262 5760/3033/1260
f 5713/2985/1263 5761/3032/1264 5712/2984/1264
f 5714/2986/1265 5762/3034/1263 5713/2985/1266
f 5714/2986/1267 5764/3035/2270 5763/3036/1267
f 5715/2987/1271 5765/3037/1270 5764/3035/1271
f 5716/2988/1272 5766/3038/1273 5765/3037/1272
f 5717/2989/1273 5767/3039/1274 5766/3038/1273
f 5719/2991/1275 5767/3039/1276 5718/2990/1276
f 5719/2991/1275 5769/3040/1279 5768/3041/1275
f 5721/2993/1278 5769/3040/1279 5720/2992/1279
f 5721/2993/1280 5771/3042/1281 5770/3043/1280
f 5722/2994/2271 5772/3044/1283 5771/3042/2271
f 5723/2995/1283 5773/3045/1284 5772/3044/1283
f 5725/2997/1285 5773/3045/1284 5724/2996/1286
f 5725/2997/1285 5728/3000/1287 5774/3046/1285
f 5656/2928/1 5654/2926/1 5655/2927/1
f 5563/2817/1 5561/2813/1 5562/2812/1
f 5185/2359/931 5477/2607/1288 5183/2357/1288
f 5183/2357/1288 5475/2605/1289 5182/2356/1289
f 5182/2356/1290 5473/2604/1291 5181/2355/1291
f 5181/2355/1291 5471/2602/1292 5180/2354/1292
f 5180/2354/1293 5469/2600/1294 4779/1986/1294
f 4779/1986/1294 5467/2598/1295 4777/1984/1295
f 5467/2598/1295 4776/1983/1296 4777/1984/1295
f 5465/2595/1297 4774/1981/1298 4776/1983/1297
f 5463/2594/1299 4773/1980/1300 4774/1981/1299
f 5461/2593/1300 4772/1979/1301 4773/1980/1300
f 5459/2591/1301 4771/1978/1302 4772/1979/1301
f 5457/2590/1303 4767/1974/1304 4771/1978/1303
f 4767/1974/1304 5453/2586/1305 4766/1973/1305
f 5453/2586/1305 4765/1972/1306 4766/1973/1305
f 4765/1972/1307 5449/2583/1308 4761/1968/1308
f 4761/1968/1308 5447/2581/1309 4760/1967/1309
f 4760/1967/1309 5445/2579/1310 4756/1963/1310
f 4756/1963/1311 5443/2577/1312 5775/3047/1312
f 5443/2577/1312 5776/3048/1313 5775/3047/1312
f 5441/2574/1314 5777/3049/1315 5776/3048/1314
f 5439/2572/1316 5778/3050/1317 5777/3049/1316
f 5437/2571/1317 5779/3051/1318 5778/3050/1317
f 5433/2568/1319 5779/3051/1318 5435/2570/1318
f 5433/2568/1319 4743/1950/1320 5780/3052/1319
f 5429/2564/1321 4743/1950/1320 5431/2565/1320
f 5429/2564/1321 4740/1947/1322 4741/1948/1321
f 5425/2561/1323 4740/1947/1322 5427/2563/1322
f 5423/2559/1324 4735/1942/1323 5425/2561/1323
f 5421/2556/1325 5781/3053/1326 5423/2559/1326
f 5419/2554/1327 5782/3054/1325 5421/2556/1325
f 4714/1922/1328 5419/2554/1327 5417/2552/1328
f 4713/1921/1329 5417/2552/1328 5415/2550/1329
f 4712/1920/1330 5415/2550/1331 5413/2548/1330
f 5324/2449/1332 5413/2548/1330 5411/2546/1332
f 5409/2544/1333 5324/2449/1332 5411/2546/1332
f 5334/2472/1042 5409/2544/1333 5400/2537/1042
f 5324/2449/1 5321/2445/1 4712/1920/1
f 5324/2449/1 5297/2446/1 5321/2445/1
f 5277/2424/1 5311/3061/1 5310/2463/1
f 5277/2424/1 5278/2425/1 5311/3061/1
f 4712/1920/1 5312/3092/1 4711/1919/1
f 4712/1920/1 5313/2444/1 5312/3092/1
f 4712/1920/1 5314/3093/1 5313/2444/1
f 4712/1920/1 5315/3094/1 5314/3093/1
f 4712/1920/1 5316/3095/1 5315/3094/1
f 4712/1920/1 5317/3096/1 5316/3095/1
f 4712/1920/1 5318/3097/1 5317/3096/1
f 4712/1920/1 5319/3098/1 5318/3097/1
f 4712/1920/1 5320/3099/1 5319/3098/1
f 4712/1920/1 5321/2445/1 5320/3099/1
f 4734/1941/1 5782/3054/1 4715/1923/1
f 4734/1941/1 5781/3053/1 5782/3054/1
f 4734/1941/1 4735/1942/1 5781/3053/1
f 4734/1941/1393 4715/1923/1393 4716/1924/1393
f 4716/1924/3 5828/1941/3 4734/1941/3
f 4717/1925/546 5827/1924/1394 4716/1924/1394
f 4718/1926/201 5829/1925/543 4717/1925/543
f 4719/1927/544 5830/1926/203 4718/1926/203
f 4720/1928/243 5831/1927/540 4719/1927/540
f 4721/1929/1395 5832/1928/165 4720/1928/165
f 4722/1930/140 5833/1929/141 4721/1929/141
f 4723/1931/122 5834/1930/123 4722/1930/123
f 4724/1932/1396 5835/1931/549 4723/1931/549
f 4725/1933/5 5836/1932/5 4724/1932/5
f 4727/1934/126 5837/1933/2289 4725/1933/2289
f 4728/1935/212 5838/1934/127 4727/1934/127
f 4729/1936/128 5839/1935/129 4728/1935/129
f 4730/1937/216 5840/1936/1399 4729/1936/1399
f 4731/1938/1400 5841/1937/225 4730/1937/225
f 4732/1939/229 5842/1938/494 4731/1938/494
f 4733/1940/495 5843/1939/232 4732/1939/232
f 4734/1941/2290 5844/1940/496 4733/1940/496
f 4743/1950/1 5845/3108/1 5780/3052/1
f 5845/3108/1 4743/1950/1 5846/3109/1
f 5846/3109/1 4743/1950/1 4745/1952/1
f 4747/1954/1 5846/3109/1 4745/1952/1
f 4747/1954/1 5780/3052/1 5845/3108/1
f 4747/1954/1 4748/1955/1 5780/3052/1
f 5847/3110/1 5780/3052/1 4748/1955/1
f 5847/3110/1 5779/3051/1 5780/3052/1
f 5847/3110/1 5778/3050/1 5779/3051/1
f 5848/3111/1 5778/3050/1 5847/3110/1
f 4750/1957/1 5778/3050/1 5848/3111/1
f 5849/3112/1 5778/3050/1 4750/1957/1
f 5850/3113/1 5778/3050/1 5849/3112/1
f 5778/3050/1 5850/3113/1 5777/3049/1
f 4751/1958/1 5777/3049/1 5850/3113/1
f 4751/1958/1 4752/1959/1 5777/3049/1
f 5851/3114/1 5777/3049/1 4752/1959/1
f 5851/3114/1 5776/3048/1 5777/3049/1
f 5852/3115/1 5776/3048/1 5851/3114/1
f 5853/3116/1 5776/3048/1 5852/3115/1
f 5853/3116/1 5775/3047/1 5776/3048/1
f 5854/3117/1 5775/3047/1 5853/3116/1
f 5775/3047/1 5854/3117/1 4756/1963/1
f 4755/1962/1 4756/1963/1 5854/3117/1
f 4755/1962/1 5853/3116/1 4754/1961/1
f 5853/3116/1 5852/3115/1 4754/1961/1
f 4753/1960/1 4754/1961/1 5852/3115/1
f 5852/3115/1 4752/1959/1 4753/1960/1
f 4751/1958/1 5849/3112/1 4750/1957/1
f 4749/1956/1 4750/1957/1 5848/3111/1
f 5848/3111/1 4748/1955/1 4749/1956/1
f 5228/2390/3 5863/2391/3 5232/2391/3
f 5233/2392/1 5230/2390/1 5229/2370/1
f 5232/2391/4 5233/2392/4 5231/2392/4
f 5231/2392/1 5237/2394/1 5232/2391/1
f 5237/2394/1 5231/2392/1 5234/2393/1
f 5234/2393/2 5238/2394/2 5237/2394/2
f 5236/2393/1 5239/1908/1 5238/2394/1
f 4700/1908/4 5235/1907/4 4699/1907/4
f 5213/2375/1 5186/2360/1 5199/2365/1
f 5199/2365/5 5865/2375/5 5213/2375/5
f 5207/2369/1 5199/2365/1 5201/2367/1
f 5207/2369/3 5867/2367/3 5201/2367/3
f 5213/2375/2 5866/2369/2 5207/2369/2
f 5864/2365/1 5866/2369/1 5865/2375/1
f 5201/2367/4 5864/2365/4 5199/2365/4
f 5205/1905/1 5204/2368/1 5203/2366/1
f 4663/1871/1 4746/1953/1 5868/3118/1
f 5871/3119/1 5872/3120/1 5869/3121/1
f 5889/3122/1 5890/3123/1 5869/3121/1
f 4736/1943/1 5875/3125/1 4737/1944/1
f 4663/1871/1 5875/3125/1 4736/1943/1
f 4663/1871/1 4738/1945/1 5875/3125/1
f 4663/1871/1 5869/3121/1 4738/1945/1
f 4663/1871/1 5870/3126/1 5869/3121/1
f 4663/1871/1 5871/3119/1 5870/3126/1
f 4663/1871/1 5872/3120/1 5871/3119/1
f 4663/1871/1 5873/3127/1 5872/3120/1
f 4663/1871/1 5868/3118/1 5873/3127/1
f 5937/3142/1417 5939/3142/1417 5912/3140/1417
f 4746/1953/1 4738/1945/1 5869/3121/1
f 4738/1945/1 4746/1953/1 4744/1951/1
f 4742/1949/1 4738/1945/1 4744/1951/1
f 4738/1945/1 4737/1944/1 5875/3125/1
f 4663/1871/1 4657/330/1 4656/1868/1
f 4656/1868/3 4660/1868/3 4663/1871/3
f 4660/1868/757 5953/3167/757 4663/1871/757
f 4660/1868/757 5954/3168/757 5953/3167/757
f 4660/1868/757 5955/3169/757 5954/3168/757
f 4660/1868/757 5956/3170/757 5955/3169/757
f 4659/1867/757 5956/3170/757 4660/1868/757
f 5956/3170/1422 4659/1867/1422 4662/1870/1422
f 5956/3170/2294 4662/1870/2295 5957/3171/2296
f 4662/1870/1426 5959/3172/1426 5957/3171/1426
f 5961/3173/1430 4662/1870/1430 5960/3174/1430
f 5960/3174/1428 5963/3175/1428 5961/3173/1428
f 5960/3174/757 5964/3176/757 5962/3177/757
f 5960/3174/757 4663/1871/757 5964/3176/757
f 4662/1870/757 4663/1871/757 5960/3174/757
f 5964/3176/757 4663/1871/757 5965/3178/757
f 5965/3178/757 4663/1871/757 5953/3167/757
f 5965/3178/1435 5967/3179/1435 5966/3180/1435
f 5965/3178/1429 5968/3181/1429 5964/3176/1429
f 5967/3179/757 5968/3181/757 5966/3180/757
f 5954/3168/1430 5967/3179/1430 5953/3167/1430
f 5964/3176/1428 5969/3182/1428 5954/3168/1428
f 5954/3168/757 5955/3169/757 5964/3176/757
f 5970/3183/1432 5964/3176/1432 5955/3169/1432
f 5971/3184/1433 5964/3176/1433 5970/3183/1433
f 5972/3185/1432 5964/3176/1432 5971/3184/1432
f 5973/3186/757 5964/3176/757 5972/3185/757
f 5962/3177/1433 5964/3176/1433 5973/3186/1433
f 5974/3187/1428 5973/3186/1428 5975/3188/1428
f 5974/3187/1445 5957/3171/1445 5962/3177/1445
f 5976/3189/757 5975/3188/757 5977/3190/757
f 5976/3189/1435 5978/3191/1435 5957/3171/1435
f 5973/3186/1434 5977/3190/1434 5975/3188/1434
f 5979/3192/1427 5978/3191/1427 5973/3186/1427
f 5973/3186/1431 5981/3193/1431 5979/3192/1431
f 5983/3194/2297 5972/3185/2297 5982/3195/2297
f 5978/3191/1435 5983/3194/1435 5982/3195/1435
f 5981/3193/757 5980/3196/757 5979/3192/757
f 5956/3170/757 5978/3191/1447 5982/3195/757
f 5956/3170/2298 5957/3171/2299 5978/3191/2300
f 5956/3170/757 5982/3195/757 5984/3197/757
f 5982/3195/1426 5986/3198/1426 5984/3197/1426
f 5987/3199/1427 5982/3195/1427 5972/3185/1427
f 5972/3185/1431 5988/3200/1431 5987/3199/1431
f 5986/3198/1446 5971/3184/1446 5984/3197/1446
f 5988/3200/757 5985/3201/757 5987/3199/757
f 5989/3204/1427 5984/3197/1427 5971/3184/1427
f 5971/3184/1428 5991/3203/1428 5989/3204/1428
f 5993/3206/1434 5970/3183/1434 5992/3205/1434
f 5984/3197/1426 5993/3206/1426 5992/3205/1426
f 5993/3206/757 5989/3204/757 5991/3203/757
f 5956/3170/757 5984/3197/1447 5992/3205/757
f 5992/3205/1426 5995/3207/1426 5956/3170/1426
f 5996/3210/1445 5992/3205/1445 5970/3183/1445
f 5970/3183/1431 5997/3209/1431 5996/3210/1431
f 5995/3207/1446 5955/3169/1446 5956/3170/1446
f 5996/3210/757 5995/3207/757 5994/3208/757
f 5959/3172/1446 5962/3177/1446 5957/3171/1446
f 5959/3172/757 5961/3173/757 5963/3175/757
f 6005/3218/2307 6007/3219/1457 6006/3220/1457
f 6006/3220/1463 6012/3224/1464 6010/3223/1465
f 6007/3219/2309 6014/3225/1467 6012/3224/1468
f 6004/3216/2310 6013/3226/1471 6007/3219/2311
f 6034/3244/2328 6031/3243/2329 6033/3245/2328
f 6036/3246/2330 6033/3245/2331 6035/3247/2330
f 6038/3248/2332 6035/3247/1506 6037/3249/1505
f 6014/3225/1510 6037/3249/1509 6012/3224/1510
f 6038/3248/2333 6040/3250/1510 6039/3251/2333
f 6036/3246/2334 6039/3251/1513 6041/3252/1512
f 6034/3244/2335 6041/3252/2330 6042/3253/1503
f 6032/3242/2336 6042/3253/1501 6043/3254/2336
f 6052/3264/2316 6017/3229/2315 6051/3263/2315
f 6053/3265/2342 6016/3228/1538 6052/3264/2343
f 6054/3266/1539 6015/3227/2344 6053/3265/2344
f 6040/3250/2345 6013/3226/1466 6054/3266/1466
f 6039/3251/1 6041/3252/1 6053/3265/1
f 6037/3249/1540 6010/3223/1541 6012/3224/1542
f 6035/3247/1543 6055/3267/1544 6037/3249/1544
f 6097/3293/1 6098/3294/1 6082/3295/1
f 6102/3296/1 6103/3297/1 6082/3295/1
f 6173/3347/1 6174/3344/1 6171/3348/1
f 6190/3349/1 6191/3350/1 6171/3348/1
f 62/38/24 61/37/24 31/35/24
f 136/96/24 135/95/24 105/93/24
f 210/154/24 209/153/24 179/151/24
f 284/212/24 283/211/24 253/209/24
f 358/270/24 357/269/24 327/267/24
f 372/291/1 373/296/1 374/292/1
f 426/341/1 433/346/1 424/339/1
f 253/209/3 434/209/3 427/342/3
f 436/343/1 437/211/1 439/354/1
f 437/211/1 438/348/1 439/354/1
f 441/353/1 253/209/1 440/347/1
f 253/209/1 435/342/1 440/347/1
f 436/343/1 439/354/1 440/347/1
f 429/211/5 437/211/5 436/343/5
f 437/211/5 429/211/5 430/212/5
f 438/348/1 437/211/1 442/212/1
f 446/354/5 439/354/5 438/348/5
f 443/349/5 444/350/5 445/350/5
f 446/354/5 438/348/5 445/350/5
f 444/350/1 443/349/1 442/212/1
f 448/345/1 252/213/1 450/351/1
f 252/213/1 449/352/1 450/351/1
f 444/350/1 442/212/1 447/344/1
f 448/345/1 450/351/1 447/344/1
f 442/212/5 430/212/5 431/344/5
f 432/345/4 448/345/4 447/344/4
f 451/213/3 252/213/3 448/345/3
f 451/213/3 434/209/3 253/209/3
f 253/209/1 441/353/1 449/352/1
f 453/351/3 450/351/3 449/352/3
f 449/352/3 441/353/3 453/351/3
f 441/353/3 440/347/3 452/347/3
f 439/354/2 446/354/2 452/347/2
f 450/351/4 453/351/4 445/350/4
f 428/343/2 436/343/2 435/342/2
f 410/326/3 412/330/3 416/331/3
f 412/330/3 413/330/3 414/328/3
f 416/331/3 412/330/3 414/328/3
f 416/331/3 423/338/3 410/326/3
f 423/338/3 406/324/3 410/326/3
f 407/325/1 469/373/1 471/374/1
f 473/377/1 404/322/1 405/323/1
f 468/372/2 474/372/2 475/321/2
f 399/319/5 476/319/5 474/372/5
f 400/320/4 477/320/4 476/319/4
f 401/96/3 478/96/3 477/320/3
f 478/96/3 401/96/3 402/97/3
f 480/378/1 481/380/1 482/95/1
f 482/95/1 478/96/1 480/378/1
f 478/96/1 479/97/1 480/378/1
f 479/97/1 483/93/1 485/379/1
f 483/93/1 484/383/1 485/379/1
f 488/381/4 486/381/4 481/380/4
f 481/380/4 480/378/4 487/378/4
f 476/319/1 477/320/1 482/95/1
f 477/320/1 478/96/1 482/95/1
f 482/95/1 481/380/1 486/381/1
f 479/97/1 475/321/1 483/93/1
f 475/321/1 474/372/1 483/93/1
f 489/382/1 484/383/1 483/93/1
f 476/319/1 482/95/1 486/381/1
f 489/382/1 483/93/1 474/372/1
f 476/319/1 486/381/1 474/372/1
f 486/381/5 488/381/5 490/382/5
f 491/379/2 485/379/2 484/383/2
f 484/383/2 489/382/2 490/382/2
f 485/379/3 491/379/3 487/378/3
f 479/97/3 402/97/3 403/321/3
f 495/387/1 494/386/1 493/385/1
f 502/155/3 501/155/3 496/151/3
f 209/153/1 210/154/1 504/393/1
f 210/154/1 503/392/1 504/393/1
f 506/395/1 502/155/1 505/390/1
f 502/155/1 179/151/1 505/390/1
f 209/153/1 504/393/1 505/390/1
f 498/154/5 210/154/5 209/153/5
f 210/154/5 498/154/5 499/388/5
f 508/391/1 503/392/1 210/154/1
f 509/389/1 502/155/1 510/394/1
f 502/155/1 506/395/1 510/394/1
f 508/391/1 210/154/1 507/388/1
f 509/389/1 510/394/1 508/391/1
f 512/393/5 504/393/5 503/392/5
f 503/392/5 508/391/5 511/391/5
f 510/394/4 513/394/4 511/391/4
f 513/394/3 510/394/3 506/395/3
f 506/395/3 505/390/3 514/390/3
f 504/393/2 512/393/2 514/390/2
f 500/389/4 509/389/4 507/388/4
f 500/389/3 501/155/3 502/155/3
f 497/153/2 209/153/2 179/151/2
f 516/400/1 519/405/1 520/403/1
f 521/404/1 515/399/1 523/406/1
f 524/408/1 525/409/1 526/410/1
f 535/415/1 527/411/1 528/412/1
f 550/427/1 540/416/1 541/417/1
f 542/418/1 543/419/1 544/420/1
f 559/432/1 545/421/1 546/422/1
f 549/426/1 552/429/1 553/430/1
f 598/447/1 577/449/1 590/445/1
f 577/449/1 578/448/1 580/502/1
f 578/448/1 579/484/1 580/502/1
f 580/502/1 581/504/1 582/505/1
f 582/505/1 583/506/1 580/502/1
f 583/506/1 584/508/1 580/502/1
f 584/508/1 585/510/1 586/511/1
f 586/511/1 587/528/1 584/508/1
f 587/528/1 588/530/1 589/518/1
f 584/508/1 587/528/1 590/445/1
f 589/518/1 574/444/1 590/445/1
f 574/444/1 572/442/1 590/445/1
f 590/445/1 591/464/1 592/462/1
f 592/462/1 593/460/1 590/445/1
f 593/460/1 594/446/1 590/445/1
f 594/446/1 595/457/1 596/455/1
f 596/455/1 597/453/1 594/446/1
f 597/453/1 598/447/1 594/446/1
f 577/449/1 580/502/1 590/445/1
f 590/445/1 587/528/1 589/518/1
f 580/502/1 584/508/1 590/445/1
f 648/496/2605 649/500/2606 647/495/120
f 638/486/122 651/486/122 650/485/123
f 639/487/124 652/487/124 651/486/549
f 640/488/126 653/488/126 652/487/490
f 641/489/112 654/489/112 653/488/127
f 642/490/128 655/490/128 654/489/129
f 643/491/130 656/491/130 655/490/131
f 644/492/4 657/492/4 656/491/4
f 644/492/2607 645/493/2608 658/499/2609
f 645/493/2610 646/494/135 659/497/2611
f 649/500/2612 659/497/2613 646/494/2614
f 637/485/140 650/485/140 665/501/141
f 672/514/1 674/516/1 675/517/1
f 662/705/348 573/443/2636 673/515/2637
f 661/498/2638 571/441/2639 573/443/2640
f 660/707/2641 570/440/2642 571/441/354
f 660/707/2643 648/496/2644 569/439/2645
f 666/501/359 665/501/359 664/513/360
f 1019/708/1 669/509/1 668/507/1
f 1017/709/2646 1022/720/2647 1024/710/2647
f 1018/712/610 1017/709/366 1023/711/722
f 1023/711/1 1025/713/1 1020/714/1
f 1020/714/1 1021/715/1 1023/711/1
f 1038/742/1 1026/719/1 1037/740/1
f 1026/719/1 1021/715/1 1037/740/1
f 1021/715/1 1020/714/1 1035/736/1
f 1020/714/1 1027/723/1 1028/717/1
f 1033/732/1 1020/714/1 1032/716/1
f 1028/717/1 1029/727/1 1032/716/1
f 1029/727/1 1030/3502/1 1031/729/1
f 1031/729/1 1032/716/1 1029/727/1
f 1033/732/1 1034/734/1 1020/714/1
f 1034/734/1 1035/736/1 1020/714/1
f 1035/736/1 1036/738/1 1021/715/1
f 1036/738/1 1037/740/1 1021/715/1
f 1040/744/612 1026/719/612 1039/718/373
f 1026/719/2648 1021/715/2649 1022/720/2650
f 1021/715/2651 1022/720/2652 1017/709/2653
f 1017/709/2654 1018/712/2655 1021/715/2655
f 1022/720/2656 1017/709/363 1041/721/363
f 1017/709/722 1018/712/723 1042/722/610
f 1050/735/623 1034/734/623 1035/736/404
f 1051/737/406 1035/736/406 1036/738/407
f 1052/739/620 1036/738/409 1037/740/411
f 1053/741/412 1037/740/412 1038/742/413
f 1038/742/415 1026/719/695 1040/744/695
f 1040/744/2662 1055/746/696 1056/745/697
f 1039/718/2663 1057/747/419 1055/746/420
f 1069/757/448 1052/739/448 1053/741/449
f 1070/758/640 1053/741/640 1054/743/2681
f 1087/777/124 1116/777/124 1117/805/125
f 1088/778/126 1118/778/126 1116/777/490
f 1089/779/212 1119/779/212 1118/778/127
f 1090/780/128 1120/780/128 1119/779/512
f 1091/781/491 1121/781/491 1120/780/131
f 1092/782/4 1122/782/4 1121/781/4
f 1093/783/492 1123/783/492 1122/782/493
f 1094/784/343 1124/784/343 1123/783/494
f 1095/785/495 1125/785/495 1124/784/232
f 1096/786/199 1126/786/199 1125/785/545
f 1127/806/546 1128/806/546 1126/786/187
f 1155/813/1 1113/803/1 1135/814/1
f 1135/814/1 1136/817/1 1155/813/1
f 1136/817/1 1137/818/1 1155/813/1
f 1137/818/1 1138/819/1 1141/824/1
f 1138/819/1 1139/821/1 1141/824/1
f 1139/821/1 1140/823/1 1141/824/1
f 1141/824/1 1142/840/1 1132/810/1
f 1142/840/1 1143/843/1 1132/810/1
f 1143/843/1 1144/831/1 1132/810/1
f 1132/810/1 1130/808/1 1145/867/1
f 1145/867/1 1146/865/1 1147/811/1
f 1147/811/1 1148/862/1 1151/812/1
f 1148/862/1 1149/860/1 1151/812/1
f 1149/860/1 1150/858/1 1151/812/1
f 1151/812/1 1152/855/1 1155/813/1
f 1152/855/1 1153/853/1 1155/813/1
f 1153/853/1 1154/851/1 1155/813/1
f 1132/810/1 1145/867/1 1147/811/1
f 1155/813/1 1137/818/1 1141/824/1
f 1141/824/1 1132/810/1 1155/813/1
f 1132/810/1 1147/811/1 1155/813/1
f 1162/827/1 1164/829/1 1165/830/1
f 1163/828/539 1534/828/539 1535/809/2725
f 1161/826/2 1536/826/2 1534/828/2
f 1156/815/359 1537/815/359 1536/826/541
f 1538/1046/1 1159/822/1 1158/820/1
f 1114/804/2617 1539/804/2617 1537/815/141
f 1115/805/122 1117/805/122 1539/804/542
f 1129/807/547 1540/807/547 1128/806/543
f 1131/809/544 1535/809/544 1540/807/203
f 383/303/199 1550/303/199 1551/1055/496
f 382/302/497 1552/302/497 1550/303/187
f 380/300/547 1553/300/547 1552/302/543
f 377/297/544 1554/297/544 1553/300/203
f 376/295/539 1555/295/539 1554/297/2725
f 375/294/2 1556/294/2 1555/295/2
f 1557/1056/1395 1558/1056/1395 1556/294/360
f 1584/1065/1 1567/1066/1 1568/1068/1
f 1568/1068/1 1569/1127/1 1570/1125/1
f 1570/1125/1 1571/1123/1 1572/1121/1
f 1572/1121/1 1573/1119/1 1574/1063/1
f 1574/1063/1 1575/1116/1 1578/1095/1
f 1575/1116/1 1576/1090/1 1577/1093/1
f 1578/1095/1 1575/1116/1 1577/1093/1
f 1578/1095/1 1579/1096/1 1580/1097/1
f 1580/1097/1 1581/1099/1 1582/1064/1
f 1582/1064/1 1561/1059/1 1562/1060/1
f 1562/1060/1 1563/1061/1 1564/1062/1
f 1564/1062/1 378/298/1 379/299/1
f 379/299/1 1583/1071/1 1564/1062/1
f 1583/1071/1 1584/1065/1 1564/1062/1
f 1584/1065/1 1568/1068/1 1574/1063/1
f 1568/1068/1 1570/1125/1 1574/1063/1
f 1570/1125/1 1572/1121/1 1574/1063/1
f 1578/1095/1 1580/1097/1 1574/1063/1
f 1580/1097/1 1582/1064/1 1574/1063/1
f 1582/1064/1 1562/1060/1 1584/1065/1
f 1562/1060/1 1564/1062/1 1584/1065/1
f 1541/1047/124 1616/1047/124 1617/1092/549
f 1542/1048/126 1618/1048/126 1616/1047/490
f 1543/1049/212 1619/1049/212 1618/1048/127
f 1544/1050/128 1620/1050/128 1619/1049/129
f 1545/1051/130 1621/1051/130 1620/1050/131
f 1546/1052/4 1622/1052/4 1621/1051/4
f 1547/1053/492 1623/1053/492 1622/1052/493
f 1548/1054/343 1624/1054/343 1623/1053/494
f 1549/1055/495 1551/1055/495 1624/1054/232
f 1614/1091/140 1625/1091/140 1558/1056/141
f 1559/1057/1 1560/1058/1 1627/1098/1
f 1615/1092/122 1617/1092/122 1625/1091/159
f 391/311/1 1981/1310/1 1982/1308/1
f 1983/1309/1 392/312/1 1985/1311/1
f 1992/1317/1 1989/1316/1 1978/1305/1
f 1986/1313/1 1987/1314/1 1988/1315/1
f 2003/1322/1 2002/1321/1 395/315/1
f 62/38/5 2007/38/5 2000/1319/5
f 2009/1326/1 2010/1328/1 62/38/1
f 2011/1320/1 30/39/1 2013/1325/1
f 30/39/1 2012/1330/1 2013/1325/1
f 2009/1326/1 62/38/1 2008/1319/1
f 2011/1320/1 2013/1325/1 2008/1319/1
f 2017/1332/5 2014/1332/5 2015/1327/5
f 2010/1328/5 2009/1326/5 2016/1326/5
f 2017/1332/5 2015/1327/5 2016/1326/5
f 2018/1324/1 61/37/1 2014/1332/1
f 61/37/1 2015/1327/1 2014/1332/1
f 2020/1331/1 31/35/1 2019/1329/1
f 31/35/1 2021/1323/1 2019/1329/1
f 2018/1324/1 2014/1332/1 2019/1329/1
f 2006/37/5 61/37/5 2018/1324/5
f 61/37/5 2006/37/5 2007/38/5
f 2015/1327/1 61/37/1 62/38/1
f 2005/1324/2 2018/1324/2 2021/1323/2
f 31/35/3 2022/35/3 2004/1323/3
f 2023/39/3 2022/35/3 31/35/3
f 2023/39/3 30/39/3 2011/1320/3
f 2001/1320/4 2011/1320/4 2008/1319/4
f 31/35/1 2020/1331/1 2012/1330/1
f 2025/1325/3 2013/1325/3 2012/1330/3
f 2012/1330/3 2020/1331/3 2025/1325/3
f 2020/1331/3 2019/1329/3 2024/1329/3
f 2014/1332/2 2017/1332/2 2024/1329/2
f 2013/1325/4 2025/1325/4 2016/1326/4
f 2031/270/5 2029/270/5 461/364/5
f 2032/1338/1 2033/1339/1 2031/270/1
f 2034/366/1 326/271/1 2036/1337/1
f 326/271/1 2035/1345/1 2036/1337/1
f 2032/1338/1 2031/270/1 2030/364/1
f 2034/366/1 2036/1337/1 2030/364/1
f 2039/1340/5 2037/1340/5 2033/1339/5
f 2033/1339/5 2032/1338/5 2038/1338/5
f 2040/269/1 2031/270/1 2037/1340/1
f 2031/270/1 2033/1339/1 2037/1340/1
f 2035/1345/1 326/271/1 2041/1341/1
f 326/271/1 2042/267/1 2041/1341/1
f 2040/269/1 2037/1340/1 2041/1341/1
f 2029/270/5 2031/270/5 2040/269/5
f 2028/269/2 2040/269/2 2042/267/2
f 326/271/3 2043/271/3 2027/267/3
f 462/366/3 2043/271/3 326/271/3
f 2026/1336/1 463/367/1 464/368/1
f 462/366/4 2034/366/4 2030/364/4
f 2037/1340/2 2039/1340/2 2044/1341/2
f 2045/1337/3 2036/1337/3 2035/1345/3
f 2035/1345/3 2041/1341/3 2044/1341/3
f 2036/1337/4 2045/1337/4 2038/1338/4
f 2067/1364/1 2057/1360/1 2066/1356/1
f 2057/1360/1 2058/1357/1 2066/1356/1
f 2058/1357/1 2059/1456/1 2060/1457/1
f 2060/1457/1 2061/1459/1 2062/1445/1
f 2062/1445/1 2054/1354/1 2052/1352/1
f 2052/1352/1 2063/1370/1 2064/1355/1
f 2064/1355/1 2065/1367/1 2066/1356/1
f 2058/1357/1 2060/1457/1 2064/1355/1
f 2060/1457/1 2062/1445/1 2064/1355/1
f 2062/1445/1 2052/1352/1 2064/1355/1
f 2078/1466/1 2058/1357/1 2077/1359/1
f 2058/1357/1 2057/1360/1 2077/1359/1
f 2057/1360/1 2068/1362/1 2069/1482/1
f 2069/1482/1 2070/1480/1 2071/1478/1
f 2071/1478/1 2072/1476/1 2073/1433/1
f 2073/1433/1 2074/1473/1 2071/1478/1
f 2074/1473/1 2075/1358/1 2071/1478/1
f 2075/1358/1 2076/1469/1 2077/1359/1
f 2057/1360/1 2069/1482/1 2075/1358/1
f 2069/1482/1 2071/1478/1 2075/1358/1
f 2110/1380/1 2094/1383/1 2095/1382/1
f 2095/1382/1 2096/1385/1 2097/1387/1
f 2097/1387/1 2098/1389/1 2091/1377/1
f 2091/1377/1 2089/1375/1 415/329/1
f 415/329/1 417/332/1 418/333/1
f 418/333/1 419/334/1 420/335/1
f 420/335/1 2099/1421/1 2100/1420/1
f 2100/1420/1 2101/1419/1 2102/1378/1
f 2102/1378/1 2103/1418/1 2104/1417/1
f 2104/1417/1 2105/1416/1 2102/1378/1
f 2105/1416/1 2106/1379/1 2102/1378/1
f 2106/1379/1 2107/1411/1 2110/1380/1
f 2107/1411/1 2108/1407/1 2110/1380/1
f 2108/1407/1 2109/1406/1 2110/1380/1
f 2110/1380/1 2095/1382/1 2097/1387/1
f 2097/1387/1 2091/1377/1 2110/1380/1
f 2091/1377/1 415/329/1 2110/1380/1
f 415/329/1 418/333/1 420/335/1
f 420/335/1 2100/1420/1 2102/1378/1
f 415/329/1 420/335/1 2110/1380/1
f 420/335/1 2102/1378/1 2110/1380/1
f 2090/1376/1 2115/1390/1 2114/1388/1
f 2114/1388/1 2113/1386/1 2112/1384/1
f 2112/1384/1 2111/1381/1 2118/1393/1
f 2118/1393/1 2119/1414/1 2112/1384/1
f 2119/1414/1 2120/1392/1 2112/1384/1
f 2120/1392/1 2121/1413/1 2122/1412/1
f 2122/1412/1 2123/1415/1 2120/1392/1
f 2123/1415/1 2124/1524/1 2120/1392/1
f 2124/1524/1 2125/1526/1 2126/1528/1
f 2126/1528/1 2127/1530/1 2128/1532/1
f 2128/1532/1 2129/1534/1 2132/1391/1
f 2129/1534/1 2130/1536/1 2132/1391/1
f 2130/1536/1 2131/1537/1 2132/1391/1
f 2132/1391/1 2133/1540/1 2090/1376/1
f 2133/1540/1 2134/1542/1 2090/1376/1
f 2134/1542/1 2088/1374/1 2090/1376/1
f 2090/1376/1 2114/1388/1 2120/1392/1
f 2114/1388/1 2112/1384/1 2120/1392/1
f 2124/1524/1 2126/1528/1 2128/1532/1
f 2120/1392/1 2124/1524/1 2128/1532/1
f 2128/1532/1 2132/1391/1 2120/1392/1
f 2046/1346/492 2211/1346/492 2212/1441/585
f 2047/1347/229 2213/1347/229 2211/1346/494
f 2048/1348/495 2214/1348/495 2213/1347/232
f 2049/1349/507 2215/1349/507 2214/1348/496
f 2050/1350/497 2216/1350/497 2215/1349/187
f 2051/1351/191 2217/1351/191 2216/1350/543
f 2053/1353/544 2218/1353/544 2217/1351/203
f 2219/1442/587 2220/1442/587 2218/1353/540
f 2263/1461/1 2221/1443/1 2222/1444/1
f 2264/1462/2 2265/1462/2 2220/1442/2
f 2266/1463/1395 2267/1463/1395 2265/1462/360
f 2268/1464/1 2269/1465/1 2277/1475/1
f 2203/1434/140 2278/1434/140 2267/1463/141
f 2204/1435/122 2279/1435/122 2278/1434/159
f 2205/1436/124 2280/1436/124 2279/1435/549
f 2206/1437/126 2281/1437/126 2280/1436/490
f 2207/1438/212 2282/1438/212 2281/1437/127
f 2208/1439/128 2283/1439/128 2282/1438/129
f 2209/1440/130 2284/1440/130 2283/1439/131
f 2210/1441/4 2212/1441/4 2284/1440/4
f 2302/1485/1 2292/1486/1 2202/1432/1
f 2202/1432/1 2286/1477/1 2287/1479/1
f 2287/1479/1 2288/1481/1 2080/1363/1
f 2288/1481/1 2289/1483/1 2080/1363/1
f 2289/1483/1 2079/1361/1 2080/1363/1
f 2080/1363/1 2081/1365/1 2082/1366/1
f 2082/1366/1 2083/1368/1 2080/1363/1
f 2083/1368/1 2084/1369/1 2080/1363/1
f 2084/1369/1 2085/1371/1 2086/1372/1
f 2086/1372/1 2293/1504/1 2294/1502/1
f 2294/1502/1 2295/1500/1 2296/1498/1
f 2296/1498/1 2297/1496/1 2294/1502/1
f 2297/1496/1 2298/1484/1 2294/1502/1
f 2298/1484/1 2299/1493/1 2300/1491/1
f 2300/1491/1 2301/1489/1 2298/1484/1
f 2301/1489/1 2302/1485/1 2298/1484/1
f 2302/1485/1 2202/1432/1 2080/1363/1
f 2202/1432/1 2287/1479/1 2080/1363/1
f 2084/1369/1 2086/1372/1 2294/1502/1
f 2080/1363/1 2084/1369/1 2294/1502/1
f 2294/1502/1 2298/1484/1 2080/1363/1
f 2310/1499/1 2311/1501/1 2087/1373/1
f 2311/1501/1 2312/1503/1 2087/1373/1
f 2312/1503/1 2313/1505/1 2087/1373/1
f 2087/1373/1 2316/1541/1 2317/1539/1
f 2317/1539/1 2318/1538/1 2319/1506/1
f 2319/1506/1 2320/1535/1 2321/1533/1
f 2321/1533/1 2322/1531/1 2323/1529/1
f 2323/1529/1 2324/1527/1 2201/1431/1
f 2324/1527/1 2325/1525/1 2201/1431/1
f 2325/1525/1 2326/1523/1 2201/1431/1
f 2201/1431/1 2303/1487/1 2304/1488/1
f 2304/1488/1 2305/1490/1 2201/1431/1
f 2305/1490/1 2306/1492/1 2201/1431/1
f 2306/1492/1 2307/1494/1 2308/1495/1
f 2308/1495/1 2309/1497/1 2306/1492/1
f 2309/1497/1 2310/1499/1 2306/1492/1
f 2087/1373/1 2317/1539/1 2310/1499/1
f 2317/1539/1 2319/1506/1 2310/1499/1
f 2319/1506/1 2321/1533/1 2201/1431/1
f 2321/1533/1 2323/1529/1 2201/1431/1
f 2201/1431/1 2306/1492/1 2310/1499/1
f 2332/1511/5 2357/1511/5 2359/1515/5
f 421/336/1 2503/1617/1 2504/1615/1
f 2505/1616/1 422/337/1 2495/1607/1
f 2496/1608/1 2497/1609/1 2498/1610/1
f 2512/1620/1 2499/1611/1 2500/1612/1
f 2530/1632/379 2528/1630/365 2527/1631/610
f 2532/1634/2740 2530/1632/2741 2529/1633/2741
f 2534/1636/372 2532/1634/2742 2531/1635/2743
f 2536/1638/415 2534/1636/616 2533/1637/616
f 2537/1640/618 2538/1642/2744 2536/1638/413
f 2539/1641/409 2540/1644/409 2538/1642/2745
f 2541/1643/406 2542/1646/406 2540/1644/407
f 2543/1645/623 2544/1648/623 2542/1646/404
f 2532/1634/1 2530/1632/1 2542/1646/1
f 2530/1632/1 2528/1630/1 2544/1648/1
f 2528/1630/1 2526/1628/1 2546/1650/1
f 2526/1628/1 2524/1626/1 2548/1652/1
f 2524/1626/1 2521/1624/1 2550/1653/1
f 2521/1624/1 2522/3567/1 2550/1653/1
f 2550/1653/1 2548/1652/1 2524/1626/1
f 2548/1652/1 2546/1650/1 2526/1628/1
f 2546/1650/1 2544/1648/1 2528/1630/1
f 2544/1648/1 2542/1646/1 2530/1632/1
f 2542/1646/1 2540/1644/1 2532/1634/1
f 2540/1644/1 2538/1642/1 2532/1634/1
f 2538/1642/1 2536/1638/1 2534/1636/1
f 2556/1658/448 2539/1641/448 2537/1640/636
f 2557/1659/454 2537/1640/454 2535/1639/455
f 2562/1664/696 2560/1663/2751 2535/1639/697
f 2531/1635/419 2563/1665/419 2562/1664/420
f 2582/1684/448 2585/1688/448 2588/1689/449
f 2587/1690/640 2588/1689/640 2592/1694/2681
f 2588/1689/618 2593/1697/2776 2594/1696/413
f 2585/1688/620 2595/1698/620 2593/1697/411
f 2586/1687/622 2596/1700/622 2595/1698/2777
f 2597/1699/623 2598/1702/623 2596/1700/404
f 2616/1717/366 2614/1715/2782 2613/1716/365
f 2618/1719/378 2616/1717/724 2615/1718/363
f 2620/1721/612 2618/1719/373 2617/1720/613
f 2594/1696/415 2620/1721/616 2619/1722/616
f 2618/1719/1 2616/1717/1 2596/1700/1
f 2616/1717/1 2614/1715/1 2598/1702/1
f 2614/1715/1 2612/1713/1 2600/1704/1
f 2612/1713/1 2610/1711/1 2602/1706/1
f 2610/1711/1 2608/1709/1 2604/1708/1
f 2608/1709/1 2606/3568/1 2604/1708/1
f 2604/1708/1 2602/1706/1 2610/1711/1
f 2602/1706/1 2600/1704/1 2612/1713/1
f 2600/1704/1 2598/1702/1 2614/1715/1
f 2598/1702/1 2596/1700/1 2616/1717/1
f 2596/1700/1 2595/1698/1 2618/1719/1
f 2595/1698/1 2593/1697/1 2618/1719/1
f 2593/1697/1 2594/1696/1 2620/1721/1
f 2619/1722/696 2621/1723/696 2590/1695/697
f 2617/1720/698 2622/1724/698 2621/1723/699
f 2660/1747/1 2645/1750/1 2655/1762/1
f 2645/1750/1 2646/1777/1 2654/1764/1
f 2646/1777/1 2647/1775/1 2653/1766/1
f 2647/1775/1 2648/1773/1 2652/1768/1
f 2648/1773/1 2649/1771/1 2651/1770/1
f 2649/1771/1 2650/3569/1 2651/1770/1
f 2651/1770/1 2652/1768/1 2648/1773/1
f 2652/1768/1 2653/1766/1 2647/1775/1
f 2653/1766/1 2654/1764/1 2646/1777/1
f 2654/1764/1 2655/1762/1 2645/1750/1
f 2655/1762/1 2656/1760/1 2660/1747/1
f 2656/1760/1 2657/1748/1 2660/1747/1
f 2657/1748/1 2658/1755/1 2659/1749/1
f 2645/1750/366 2646/1777/365 2662/1751/723
f 2660/1747/364 2645/1750/363 2661/1752/363
f 2659/1749/2809 2660/1747/2810 2663/1753/373
f 2658/1755/617 2659/1749/695 2664/1754/616
f 2666/1757/2811 2657/1748/2812 2658/1755/619
f 2667/1758/620 2656/1760/409 2657/1748/411
f 2668/1759/406 2655/1762/406 2656/1760/407
f 2669/1761/403 2654/1764/2813 2655/1762/404
f 2687/1786/448 2667/1758/448 2666/1757/449
f 2688/1787/640 2666/1757/640 2665/1756/2681
f 2664/1754/696 2693/1792/696 2691/1791/697
f 2663/1753/419 2694/1807/419 2693/1792/420
f 2770/1844/24 2769/1843/24 2739/1841/24
f 2794/1867/2 2795/1868/2 2791/1868/2
f 2790/1867/1 2793/1866/1 2811/1884/1
f 2948/2020/758 2939/2011/2206 2949/2021/759
f 2938/2010/760 2951/2023/760 2949/2021/759
f 2937/2009/2833 2952/2024/2833 2951/2023/760
f 2936/2008/762 2953/2026/762 2952/2024/761
f 2936/2008/762 2935/2007/763 2954/2025/763
f 2934/2006/764 2955/2027/764 2954/2025/2207
f 2933/2005/765 2956/2028/765 2955/2027/764
f 2932/2004/766 2957/2029/766 2956/2028/765
f 2931/2003/767 2958/2031/767 2957/2029/766
f 2931/2003/767 2930/2002/769 2959/2030/769
f 2930/2002/769 2929/2001/772 2960/2032/772
f 2928/2000/771 2961/2033/771 2960/2032/772
f 2927/1999/773 2962/2034/2208 2961/2033/771
f 2926/1998/774 2963/2036/774 2962/2034/773
f 2926/1998/774 2925/1997/776 2964/2035/776
f 2925/1997/775 2924/1996/777 2965/2037/777
f 2924/1996/777 2923/1995/779 2966/2038/779
f 2923/1995/779 2922/1994/781 2967/2039/781
f 2922/1994/781 2968/2041/782 2969/2040/782
f 3018/2090/758 3017/2089/759 3019/2091/759
f 3017/2089/759 3016/2088/760 3021/2093/760
f 3016/2088/760 3022/2095/2833 3023/2094/2833
f 3025/2097/2207 3069/2141/764 3070/2142/764
f 3069/2141/764 3068/2140/765 3072/2144/765
f 3067/2139/766 3073/2145/766 3072/2144/765
f 3066/2138/767 3074/2146/767 3073/2145/766
f 3065/2137/769 3075/2148/769 3074/2146/768
f 3065/2137/769 3064/2136/772 3076/2147/772
f 3063/2135/771 3077/2149/771 3076/2147/772
f 3062/2134/2208 3078/2151/2208 3077/2149/771
f 3062/2134/773 3061/2133/774 3079/2150/774
f 3060/2132/775 3080/2153/775 3079/2150/774
f 3060/2132/775 3059/2131/777 3081/2152/777
f 3059/2131/778 3058/2130/779 3082/2154/779
f 3058/2130/779 3057/2129/781 3083/2155/781
f 3057/2129/781 3056/2128/782 3084/2156/782
f 3055/2127/784 3085/2157/784 3084/2156/782
f 3054/2126/2834 3086/2158/2834 3085/2157/784
f 3053/2125/787 3087/2160/787 3086/2158/785
f 3053/2125/787 3052/2124/790 3088/2159/790
f 3052/2124/919 3051/2123/791 3089/2161/791
f 3050/2122/792 3090/2163/792 3089/2161/791
f 3091/2162/793 3092/2238/793 3090/2163/794
f 3018/2090/758 3020/2092/758 3127/2198/811
f 3175/2202/1 3130/2205/1 3131/3573/1
f 3131/3573/1 3132/2207/1 3133/2211/1
f 3133/2211/1 3134/2212/1 3135/2214/1
f 3135/2214/1 3136/2218/1 3133/2211/1
f 3136/2218/1 3137/2217/1 3133/2211/1
f 3137/2217/1 3129/2199/1 3128/2200/1
f 3128/2200/1 3138/2262/1 3137/2217/1
f 3138/2262/1 3139/2261/1 3137/2217/1
f 3139/2261/1 3140/2260/1 3143/2203/1
f 3140/2260/1 3141/2258/1 3143/2203/1
f 3141/2258/1 3142/2257/1 3143/2203/1
f 3143/2203/1 3144/2256/1 3145/2255/1
f 3145/2255/1 3146/3451/1 3147/2254/1
f 3147/2254/1 3148/2253/1 3149/2252/1
f 3149/2252/1 3150/2251/1 3151/2250/1
f 3151/2250/1 3152/2249/1 3155/3574/1
f 3152/2249/1 3153/2248/1 3155/3574/1
f 3153/2248/1 3154/2247/1 3155/3574/1
f 3155/3574/1 3156/2246/1 3157/2245/1
f 3157/2245/1 3158/2244/1 3155/3574/1
f 3158/2244/1 3159/2243/1 3155/3574/1
f 3159/2243/1 3160/2242/1 3161/2241/1
f 3161/2241/1 3162/2240/1 3163/2239/1
f 3163/2239/1 3164/2236/1 3165/2235/1
f 3165/2235/1 3166/2234/1 3163/2239/1
f 3166/2234/1 3167/2201/1 3163/2239/1
f 3167/2201/1 3168/2232/1 3169/2229/1
f 3169/2229/1 3170/2226/1 3171/3575/1
f 3171/3575/1 3172/2224/1 3173/2221/1
f 3173/2221/1 3174/3576/1 3171/3575/1
f 3174/3576/1 3175/2202/1 3171/3575/1
f 3175/2202/1 3131/3573/1 3133/2211/1
f 3143/2203/1 3145/2255/1 3147/2254/1
f 3147/2254/1 3149/2252/1 3143/2203/1
f 3149/2252/1 3151/2250/1 3143/2203/1
f 3159/2243/1 3161/2241/1 3167/2201/1
f 3161/2241/1 3163/2239/1 3167/2201/1
f 3167/2201/1 3169/2229/1 3175/2202/1
f 3169/2229/1 3171/3575/1 3175/2202/1
f 3175/2202/1 3133/2211/1 3143/2203/1
f 3133/2211/1 3137/2217/1 3143/2203/1
f 3137/2217/1 3139/2261/1 3143/2203/1
f 3151/2250/1 3155/3574/1 3143/2203/1
f 3155/3574/1 3159/2243/1 3143/2203/1
f 3159/2243/1 3167/2201/1 3143/2203/1
f 3122/2193/2837 3123/2194/808 3181/2213/808
f 3124/2195/809 3182/2215/809 3181/2213/808
f 3125/2196/812 3183/2216/812 3182/2215/809
f 3126/2197/795 3127/2198/795 3183/2216/812
f 3121/2192/819 3122/2193/807 3180/2210/807
f 3121/2192/819 3179/2209/819 3178/2208/820
f 3117/2188/821 3119/2190/822 3178/2208/822
f 3117/2188/823 3176/2204/823 3177/2206/2838
f 3113/2184/827 3115/2186/826 3177/2206/826
f 3024/2096/762 3196/2259/762 3023/2094/761
f 3024/2096/762 3025/2097/763 3071/2143/763
f 3091/2162/793 3094/2165/887 3195/2263/887
f 3094/2165/887 3095/2166/888 3194/2237/888
f 3095/2166/888 3097/2168/890 3193/2233/890
f 3097/2168/890 3099/2170/891 3192/2231/891
f 3100/2171/892 3191/2230/892 3192/2231/891
f 3102/2173/893 3190/2228/893 3191/2230/892
f 3104/2175/917 3189/2227/894 3190/2228/893
f 3106/2177/896 3188/2225/896 3189/2227/917
f 3106/2177/897 3108/2179/918 3187/2223/918
f 3110/2181/899 3186/2222/899 3187/2223/900
f 3111/2182/901 3185/2220/901 3186/2222/899
f 3111/2182/901 3113/2184/825 3184/2219/825
f 3199/2266/3 3197/2264/3 3201/2264/3
f 3199/2266/4 3200/2266/4 3203/2267/4
f 3205/2269/2 3206/2269/2 3201/2264/2
f 3203/2267/5 3206/2269/5 3205/2269/5
f 3210/2273/5 3207/2270/5 3212/2270/5
f 3210/2273/2 3211/2273/2 3213/2272/2
f 3208/2271/3 3209/2272/3 3213/2272/3
f 3208/2271/4 3214/2271/4 3212/2270/4
f 3215/2277/1 2802/1875/1 3198/2265/1
f 2892/1964/2 3221/2280/2 3222/2279/2
f 2799/1872/904 3223/2281/904 3221/2280/904
f 2800/1873/4 3224/2282/4 3223/2281/4
f 2800/1873/905 2801/1874/905 3222/2279/905
f 2905/1977/1 2904/1976/1 3216/2278/1
f 2899/1971/1 2898/1970/1 3229/2283/1
f 2897/1969/1 2894/1966/1 2893/1965/1
f 3014/2086/795 2948/2020/758 2950/2022/758
f 3287/2306/1 3242/2292/1 3243/2295/1
f 3243/2295/1 3244/3578/1 3287/2306/1
f 3244/3578/1 3245/2296/1 3287/2306/1
f 3245/2296/1 3246/2299/1 3247/2301/1
f 3247/2301/1 3248/2304/1 3249/2288/1
f 3249/2288/1 3241/2286/1 3240/2287/1
f 3240/2287/1 3250/3579/1 3249/2288/1
f 3250/3579/1 3251/2353/1 3249/2288/1
f 3251/2353/1 3252/3453/1 3253/2352/1
f 3253/2352/1 3254/2351/1 3255/2289/1
f 3255/2289/1 3256/2350/1 3257/2349/1
f 3257/2349/1 3258/3452/1 3255/2289/1
f 3258/3452/1 3259/2348/1 3255/2289/1
f 3259/2348/1 3260/2347/1 3263/2345/1
f 3260/2347/1 3261/2346/1 3263/2345/1
f 3261/2346/1 3262/3580/1 3263/2345/1
f 3263/2345/1 3264/2344/1 3267/3581/1
f 3264/2344/1 3265/2343/1 3267/3581/1
f 3265/2343/1 3266/2342/1 3267/3581/1
f 3267/3581/1 3268/2341/1 3271/2290/1
f 3268/2341/1 3269/2340/1 3271/2290/1
f 3269/2340/1 3270/2337/1 3271/2290/1
f 3271/2290/1 3272/2334/1 3273/2333/1
f 3273/2333/1 3274/2331/1 3275/2329/1
f 3275/2329/1 3276/2327/1 3277/2325/1
f 3277/2325/1 3278/2323/1 3279/2321/1
f 3279/2321/1 3280/2318/1 3281/3582/1
f 3281/3582/1 3282/2316/1 3283/2314/1
f 3283/2314/1 3284/2312/1 3287/2306/1
f 3284/2312/1 3285/2310/1 3287/2306/1
f 3285/2310/1 3286/2308/1 3287/2306/1
f 3245/2296/1 3247/2301/1 3287/2306/1
f 3247/2301/1 3249/2288/1 3287/2306/1
f 3251/2353/1 3253/2352/1 3249/2288/1
f 3253/2352/1 3255/2289/1 3249/2288/1
f 3271/2290/1 3273/2333/1 3275/2329/1
f 3275/2329/1 3277/2325/1 3271/2290/1
f 3277/2325/1 3279/2321/1 3271/2290/1
f 3279/2321/1 3281/3582/1 3283/2314/1
f 3255/2289/1 3259/2348/1 3263/2345/1
f 3263/2345/1 3267/3581/1 3255/2289/1
f 3267/3581/1 3271/2290/1 3255/2289/1
f 3279/2321/1 3283/2314/1 3271/2290/1
f 3283/2314/1 3287/2306/1 3271/2290/1
f 3287/2306/1 3249/2288/1 3271/2290/1
f 3008/2080/807 3009/2081/808 3293/2300/808
f 3009/2081/808 3011/2083/2210 3294/2302/809
f 3013/2085/812 3295/2303/812 3294/2302/809
f 3013/2085/810 3014/2086/811 3239/2285/811
f 3008/2080/807 3292/2298/807 3291/2297/819
f 3004/2076/822 3006/2078/819 3291/2297/819
f 3002/2074/821 3004/2076/822 3290/2294/822
f 3000/2072/824 3002/2074/821 3288/2291/821
f 2998/2070/825 3000/2072/2838 3289/2293/2838
f 2978/2050/793 3308/2328/793 3309/2330/792
f 2979/2051/886 3307/2326/886 3308/2328/793
f 2979/2051/887 2980/2052/889 3306/2324/889
f 2982/2054/890 3305/2322/890 3306/2324/889
f 2984/2056/891 3304/2320/891 3305/2322/2848
f 2985/2057/892 3303/2319/892 3304/2320/891
f 2987/2059/893 3302/2317/893 3303/2319/892
f 2987/2059/893 2989/2061/894 3301/2315/894
f 2991/2063/897 3300/2313/897 3301/2315/894
f 2993/2065/898 3299/2311/898 3300/2313/896
f 2995/2067/899 3298/2309/899 3299/2311/918
f 2995/2067/899 2996/2068/901 3297/2307/901
f 2996/2068/901 2998/2070/825 3296/2305/825
f 2974/2046/791 2975/2047/792 3309/2330/792
f 2973/2045/790 2974/2046/791 3310/2332/791
f 2972/2044/787 2973/2045/790 3311/2335/790
f 2972/2044/787 3312/2336/787 3313/2338/785
f 2970/2042/786 2971/2043/785 3313/2338/785
f 2968/2041/782 2970/2042/784 3314/2339/784
f 3319/2358/2 3322/2358/2 3323/2360/2
f 3321/2360/1 3319/2358/1 3325/2361/1
f 3321/2360/3 3323/2360/3 3326/2362/3
f 3327/2363/3 3328/2363/3 3329/1904/3
f 2831/1904/1 3327/2363/1 3330/2364/1
f 2831/1904/4 3329/1904/4 3331/1903/4
f 3329/1904/1 3328/2363/1 3332/2364/1
f 3330/2364/2 3332/2364/2 3328/2363/2
f 3324/2362/4 3326/2362/4 3333/2361/4
f 3323/2360/1 3322/2358/1 3333/2361/1
f 3325/2361/5 3333/2361/5 3322/2358/5
f 2830/1903/5 3331/1903/5 3332/2364/5
f 3335/2366/2 3338/2366/2 3339/2368/2
f 2832/1905/1 2833/1906/1 3337/2368/1
f 2832/1905/5 3340/1905/5 3338/2366/5
f 2833/1906/4 3341/1906/4 3340/1905/4
f 3337/2368/3 3339/2368/3 3341/1906/3
f 3320/2359/931 3352/2379/2857 3354/2380/931
f 3352/2379/932 3351/2378/933 3353/2381/933
f 3351/2378/933 3350/2377/934 3355/2382/934
f 3350/2377/935 3349/2376/936 3356/2383/936
f 3349/2376/937 3347/2374/938 3357/2384/938
f 3347/2374/938 3346/2373/939 3358/2385/939
f 3346/2373/940 3345/2372/941 3359/2386/941
f 3344/2371/942 3360/2387/942 3359/2386/941
f 3360/2387/943 3344/2371/943 3361/2388/944
f 3343/2370/2 3364/2370/2 3365/2390/2
f 3343/2370/1 3366/2392/1 3367/2391/1
f 3366/2392/5 3368/2392/5 3364/2370/5
f 2834/1907/5 3370/1907/5 3371/2393/5
f 3372/2394/1 3369/2393/1 2834/1907/1
f 3372/2394/3 3373/2394/3 3374/1908/3
f 3376/2396/2 3388/2396/2 3389/1913/2
f 2839/1912/1 2840/1913/1 3376/2396/1
f 2839/1912/4 3391/1912/4 3392/2408/4
f 2836/1909/5 3394/1909/5 3395/2409/5
f 3393/2409/1 2836/1909/1 2837/1910/1
f 3393/2409/2 3395/2409/2 3396/1911/2
f 3397/1910/1 3396/1911/1 3395/2409/1
f 2837/1910/4 3397/1910/4 3394/1909/4
f 2838/1911/3 3396/1911/3 3397/1910/3
f 3390/2408/5 3392/2408/5 3388/2396/5
f 3389/1913/1 3388/2396/1 3392/2408/1
f 2840/1913/3 3389/1913/3 3391/1912/3
f 3456/2445/1 3432/2446/1 3433/2450/1
f 3433/2450/1 3434/2451/1 3456/2445/1
f 3434/2451/1 3435/2452/1 3456/2445/1
f 3435/2452/1 3436/2453/1 3437/2454/1
f 3437/2454/1 3438/2455/1 3439/2456/1
f 3439/2456/1 3440/2457/1 3441/2458/1
f 3441/2458/370 3442/2459/370 3443/2461/370
f 3443/2461/1 3444/2462/1 3445/2463/1
f 3445/2463/1 3446/3061/1 3443/2461/1
f 3446/3061/1 3413/2425/1 3443/2461/1
f 3413/2425/370 3414/2426/370 3415/2427/370
f 3415/2427/1 3416/2428/1 3413/2425/1
f 3416/2428/1 3417/2429/1 3413/2425/1
f 3417/2429/1 3418/2430/1 3421/2433/1
f 3418/2430/1 3419/2431/1 3421/2433/1
f 3419/2431/1 3420/2432/1 3421/2433/1
f 3421/2433/1 3422/2434/1 3425/2437/1
f 3422/2434/1 3423/2435/1 3425/2437/1
f 3423/2435/1 3424/2436/1 3425/2437/1
f 3425/2437/1 3426/2438/1 3427/2439/1
f 3427/2439/1 3428/2440/1 3425/2437/1
f 3428/2440/1 3429/2441/1 3425/2437/1
f 3429/2441/370 2841/1914/370 2842/1915/370
f 2842/1915/361 2843/1916/361 2844/1917/361
f 2844/1917/1 2845/1918/1 3429/2441/1
f 2845/1918/1 2846/1919/1 3429/2441/1
f 2846/1919/1 3447/3092/1 3448/2444/1
f 3448/2444/361 3449/3093/361 3450/3094/361
f 3450/3094/1 3451/3095/1 3452/3096/1
f 3452/3096/1 3453/3097/1 3454/3098/1
f 3454/3098/1 3455/3099/1 3456/2445/1
f 3435/2452/1 3437/2454/1 3439/2456/1
f 3439/2456/1 3441/2458/1 3443/2461/1
f 3429/2441/1 2842/1915/1 2844/1917/1
f 2846/1919/1 3448/2444/1 3429/2441/1
f 3448/2444/1 3450/3094/1 3456/2445/1
f 3450/3094/1 3452/3096/1 3456/2445/1
f 3452/3096/1 3454/3098/1 3456/2445/1
f 3456/2445/1 3435/2452/1 3439/2456/1
f 3439/2456/1 3443/2461/1 3413/2425/1
f 3413/2425/1 3417/2429/1 3421/2433/1
f 3421/2433/1 3425/2437/1 3429/2441/1
f 3456/2445/1 3439/2456/1 3413/2425/1
f 3413/2425/1 3421/2433/1 3456/2445/1
f 3421/2433/1 3429/2441/1 3456/2445/1
f 3471/2474/1 3472/2475/1 3475/2478/1
f 3472/2475/1 3473/2476/1 3475/2478/1
f 3473/2476/1 3474/2477/1 3475/2478/1
f 3475/2478/1 3476/2479/1 3477/2480/1
f 3477/2480/1 3478/2481/1 3479/2482/1
f 3479/2482/1 3481/2484/1 3482/2485/1
f 3482/2485/1 3483/2486/1 3479/2482/1
f 3483/2486/1 3484/2487/1 3479/2482/1
f 3484/2487/1 3485/2488/1 3378/2398/1
f 3378/2398/361 3379/2399/361 3380/2400/361
f 3380/2400/1 3381/2401/1 3384/2404/1
f 3381/2401/1 3382/2402/1 3384/2404/1
f 3382/2402/1 3383/2403/1 3384/2404/1
f 3384/2404/1 3385/2405/1 3386/2406/1
f 3386/2406/1 3387/2407/1 3398/2410/1
f 3398/2410/1 3399/2411/1 3400/2412/1
f 3400/2412/1 3401/2413/1 3402/2414/1
f 3402/2414/1 3403/2415/1 3404/2416/1
f 3404/2416/1 3405/2417/1 3402/2414/1
f 3405/2417/1 3406/2418/1 3402/2414/1
f 3406/2418/1 3407/2419/1 3410/2422/1
f 3407/2419/1 3408/2420/1 3410/2422/1
f 3408/2420/1 3409/2421/1 3410/2422/1
f 3410/2422/370 3411/2423/370 3412/2424/370
f 3412/2424/1 3461/2464/1 3410/2422/1
f 3461/2464/1 3462/2465/1 3410/2422/1
f 3462/2465/361 3463/2466/361 3464/2467/361
f 3464/2467/1 3465/2468/1 3462/2465/1
f 3465/2468/1 3466/2469/1 3462/2465/1
f 3466/2469/1 3467/2470/1 3468/2471/1
f 3468/2471/1 3470/2473/1 3471/2474/1
f 3475/2478/1 3477/2480/1 3479/2482/1
f 3484/2487/1 3378/2398/1 3479/2482/1
f 3378/2398/1 3380/2400/1 3479/2482/1
f 3384/2404/1 3386/2406/1 3380/2400/1
f 3386/2406/1 3398/2410/1 3380/2400/1
f 3398/2410/1 3400/2412/1 3406/2418/1
f 3400/2412/1 3402/2414/1 3406/2418/1
f 3466/2469/1 3468/2471/1 3471/2474/1
f 3471/2474/1 3475/2478/1 3380/2400/1
f 3475/2478/1 3479/2482/1 3380/2400/1
f 3406/2418/1 3410/2422/1 3462/2465/1
f 3462/2465/1 3466/2469/1 3406/2418/1
f 3466/2469/1 3471/2474/1 3406/2418/1
f 3380/2400/1 3398/2410/1 3471/2474/1
f 3535/2537/1042 3534/2539/2883 3480/2483/1041
f 3534/2539/1044 3377/2397/1044 3480/2483/2884
f 3536/2538/1043 3375/2395/1043 3377/2397/1044
f 3537/2540/1045 3538/2541/1045 3375/2395/1043
f 3362/2389/944 3361/2388/944 3538/2541/1045
f 3539/2542/1046 3540/2614/1047 3362/2389/1047
f 3536/2538/1048 3541/3426/1048 3539/2542/2252
f 3542/2543/1050 3541/3426/1051 3536/2538/1051
f 3535/2537/1052 3543/2545/1052 3542/2543/2885
f 3544/2544/2886 3545/2547/2886 3543/2545/1055
f 3546/2546/1056 3547/2549/1056 3545/2547/1057
f 3548/2548/1140 3549/2551/1140 3547/2549/1056
f 3550/2550/2887 3551/2553/2887 3549/2551/1060
f 3552/2552/1061 3553/2555/1061 3551/2553/1059
f 3554/2554/1063 3555/2557/1063 3553/2555/1061
f 3556/2556/1064 3557/3416/1064 3555/2557/1063
f 3559/2558/1065 3557/3416/1064 3556/2556/1064
f 3561/2560/1066 3559/2558/2888 3558/2559/2888
f 3563/2562/1067 3561/2560/1068 3560/2561/1068
f 3564/2564/1069 3565/2566/1069 3563/2562/1067
f 3566/2565/1071 3567/3410/1071 3565/2566/1072
f 3569/2567/1073 3567/3410/1074 3566/2565/1074
f 3571/2569/1079 3569/2567/1136 3568/2568/1136
f 3572/2571/1081 3573/2573/1081 3571/2569/1079
f 3574/2572/1134 3575/2575/1134 3573/2573/1133
f 3576/2574/1082 3577/3404/1082 3575/2575/1080
f 3579/2576/1083 3577/3404/1084 3576/2574/1084
f 3581/2578/1085 3579/2576/1083 3578/2577/1083
f 3583/2580/1086 3581/2578/1085 3580/2579/1085
f 3585/2582/1087 3583/2580/1088 3582/2581/1088
f 3587/2584/1093 3585/2582/1126 3584/2583/1126
f 3588/2586/1092 3589/3397/1092 3587/2584/1093
f 3591/2587/1096 3589/3397/2889 3588/2586/2889
f 3593/2589/1097 3591/2587/1094 3590/2588/1094
f 3594/2591/1098 3595/3393/1098 3593/2589/1099
f 3597/2592/1100 3595/3393/1101 3594/2591/1101
f 3598/2594/1102 3599/2596/1102 3597/2592/1103
f 3600/2595/1104 3601/3447/1104 3599/2596/1102
f 3603/2597/1105 3601/3447/1104 3600/2595/1104
f 3605/2599/1106 3603/2597/1105 3602/2598/1105
f 3607/2601/1107 3605/2599/1106 3604/2600/1106
f 3609/2603/1108 3607/2601/1107 3606/2602/1107
f 3610/2605/1109 3611/3441/1109 3609/2603/1110
f 3613/2606/1111 3611/3441/1112 3610/2605/1112
f 3614/2608/1113 3613/2606/1114 3612/2607/1111
f 3353/2381/1115 3615/3437/1115 3614/2608/1113
f 3616/2609/1117 3615/3437/1118 3353/2381/1118
f 3617/2610/1119 3616/2609/1120 3355/2382/1120
f 3357/2384/1121 3618/2611/1121 3617/2610/1122
f 3358/2385/1123 3619/2612/1123 3618/2611/1121
f 3359/2386/1124 3620/2613/1124 3619/2612/1123
f 3360/2387/1125 3621/3430/1125 3620/2613/1124
f 3540/2614/1047 3621/3430/1125 3360/2387/1125
f 3593/2589/1 3595/3393/1 3597/2592/1
f 3597/2592/1 3599/2596/1 3593/2589/1
f 3599/2596/1 3601/3447/1 3593/2589/1
f 3601/3447/1 3603/2597/1 3605/2599/1
f 3605/2599/1 3607/2601/1 3609/2603/1
f 3609/2603/1 3611/3441/1 3613/2606/1
f 3613/2606/1 3614/2608/1 3609/2603/1
f 3614/2608/1 3615/3437/1 3609/2603/1
f 3615/3437/1 3616/2609/1 3619/2612/1
f 3616/2609/1 3617/2610/1 3619/2612/1
f 3617/2610/1 3618/2611/1 3619/2612/1
f 3619/2612/1 3620/2613/1 3621/3430/1
f 3621/3430/1 3540/2614/1 3619/2612/1
f 3540/2614/1 3539/2542/1 3619/2612/1
f 3539/2542/1 3541/3426/1 3542/2543/1
f 3542/2543/1 3543/2545/1 3545/2547/1
f 3545/2547/1 3547/2549/1 3549/2551/1
f 3549/2551/1 3551/2553/1 3545/2547/1
f 3551/2553/1 3553/2555/1 3545/2547/1
f 3553/2555/1 3555/2557/1 3557/3416/1
f 3557/3416/1 3559/2558/1 3553/2555/1
f 3559/2558/1 3561/2560/1 3553/2555/1
f 3561/2560/1 3563/2562/1 3565/2566/1
f 3565/2566/1 3567/3410/1 3569/2567/1
f 3569/2567/1 3571/2569/1 3573/2573/1
f 3573/2573/1 3575/2575/1 3569/2567/1
f 3575/2575/1 3577/3404/1 3569/2567/1
f 3577/3404/1 3579/2576/1 3581/2578/1
f 3581/2578/1 3583/2580/1 3577/3404/1
f 3583/2580/1 3585/2582/1 3577/3404/1
f 3585/2582/1 3587/2584/1 3589/3397/1
f 3589/3397/1 3591/2587/1 3593/2589/1
f 3601/3447/1 3605/2599/1 3593/2589/1
f 3605/2599/1 3609/2603/1 3593/2589/1
f 3539/2542/1 3542/2543/1 3619/2612/1
f 3542/2543/1 3545/2547/1 3619/2612/1
f 3561/2560/1 3565/2566/1 3569/2567/1
f 3585/2582/1 3589/3397/1 3577/3404/1
f 3589/3397/1 3593/2589/1 3577/3404/1
f 3609/2603/1 3615/3437/1 3593/2589/1
f 3615/3437/1 3619/2612/1 3593/2589/1
f 3545/2547/1 3553/2555/1 3561/2560/1
f 3561/2560/1 3569/2567/1 3593/2589/1
f 3569/2567/1 3577/3404/1 3593/2589/1
f 3619/2612/1 3545/2547/1 3593/2589/1
f 3861/2998/1208 3814/2951/1209 3862/2999/1209
f 3814/2951/1209 3815/2952/1210 3864/3001/1210
f 3815/2952/1210 3816/2953/1212 3865/3002/1212
f 3816/2953/1212 3817/2954/1215 3866/3003/1213
f 3818/2955/1214 3867/3004/1214 3866/3003/1215
f 3819/2956/2908 3868/3005/2908 3867/3004/1214
f 3820/2957/1217 3869/3007/1217 3868/3005/1216
f 3820/2957/2909 3821/2958/1218 3870/3006/1218
f 3821/2958/1219 3822/2959/1220 3871/3008/1220
f 3822/2959/1220 3823/2960/1222 3872/3009/1222
f 3824/2961/1223 3873/3010/1223 3872/3009/1224
f 3825/2962/1225 3874/3011/1225 3873/3010/1223
f 3826/2963/1229 3875/3012/1229 3874/3011/1227
f 3827/2964/1228 3876/3013/1228 3875/3012/1229
f 3828/2965/1231 3877/3015/2910 3876/3013/1232
f 3828/2965/1231 3829/2966/1235 3878/3014/1235
f 3830/2967/1234 3879/3016/1234 3878/3014/1235
f 3831/2968/1236 3880/3017/1236 3879/3016/1234
f 3832/2969/2267 3881/3019/2267 3880/3017/1238
f 3832/2969/2911 3833/2970/1239 3882/3018/1239
f 3833/2970/1240 3834/2971/1241 3883/3020/1241
f 3834/2971/1242 3835/2972/1243 3884/3021/1245
f 3836/2973/1244 3885/3022/1244 3884/3021/1245
f 3837/2974/1246 3886/3023/1246 3885/3022/1244
f 3838/2975/2912 3887/3024/2912 3886/3023/2913
f 3839/2976/1248 3888/3025/1248 3887/3024/1247
f 3840/2977/1249 3889/3027/1249 3888/3025/1250
f 3840/2977/1249 3841/2978/1251 3890/3026/1251
f 3842/2979/1255 3891/3028/1255 3890/3026/1253
f 3843/2980/1254 3892/3029/1254 3891/3028/1255
f 3844/2981/1258 3893/3031/1258 3892/3029/1257
f 3844/2981/1258 3845/2982/1259 3894/3030/1259
f 3846/2983/1260 3895/3033/1260 3894/3030/1261
f 3846/2983/1260 3847/2984/1262 3896/3032/1262
f 3848/2985/1263 3897/3034/1263 3896/3032/1264
f 3849/2986/1265 3898/3036/1265 3897/3034/1263
f 3849/2986/1267 3850/2987/2914 3899/3035/2914
f 3850/2987/2914 3851/2988/1272 3900/3037/1270
f 3851/2988/1272 3852/2989/1273 3901/3038/1273
f 3852/2989/1273 3853/2990/1274 3902/3039/1274
f 3854/2991/2915 3903/3041/2915 3902/3039/1276
f 3854/2991/1275 3855/2992/2916 3904/3040/1279
f 3856/2993/1278 3905/3043/1278 3904/3040/1277
f 3856/2993/1280 3857/2994/1281 3906/3042/1281
f 3857/2994/2271 3858/2995/1283 3907/3044/1283
f 3858/2995/1283 3859/2996/1284 3908/3045/1284
f 3860/2997/1285 3909/3046/1285 3908/3045/1286
f 3860/2997/1285 3861/2998/1287 3863/3000/1287
f 3320/2359/931 3354/2380/931 3612/2607/1288
f 3318/2357/1288 3612/2607/1288 3610/2605/1289
f 3317/2356/1290 3610/2605/1290 3608/2604/1291
f 3316/2355/1291 3608/2604/1291 3606/2602/1292
f 3315/2354/1293 3606/2602/1293 3604/2600/1294
f 2914/1986/1294 3604/2600/1294 3602/2598/1295
f 3602/2598/1295 3600/2595/1296 2911/1983/1296
f 3600/2595/1297 3598/2594/1298 2909/1981/1298
f 3598/2594/1299 3596/2593/1300 2908/1980/1300
f 3596/2593/1300 3594/2591/1301 2907/1979/1301
f 3594/2591/1301 3592/2590/1302 2906/1978/1302
f 3592/2590/1303 3590/2588/1304 2902/1974/1304
f 2902/1974/1304 3590/2588/1304 3588/2586/1305
f 3588/2586/1305 3586/2585/1306 2900/1972/1306
f 2900/1972/1307 3586/2585/1307 3584/2583/1308
f 2896/1968/1308 3584/2583/1308 3582/2581/1309
f 2895/1967/1309 3582/2581/1309 3580/2579/1310
f 2891/1963/1311 3580/2579/1311 3578/2577/1312
f 3578/2577/1312 3576/2574/1313 3911/3048/1313
f 3576/2574/1314 3574/2572/1315 3912/3049/1315
f 3574/2572/1316 3572/2571/1317 3913/3050/1317
f 3572/2571/1317 3570/2570/1318 3914/3051/1318
f 3568/2568/1319 3915/3052/1319 3914/3051/1318
f 3568/2568/1319 3566/2565/1320 2878/1950/1320
f 3564/2564/1321 2876/1948/1321 2878/1950/1320
f 3564/2564/1321 3562/2563/1322 2875/1947/1322
f 3560/2561/1323 2870/1942/1323 2875/1947/1322
f 3558/2559/1324 3916/3053/1324 2870/1942/1323
f 3556/2556/1325 3917/3054/1325 3916/3053/1326
f 3554/2554/1327 2850/1923/1327 3917/3054/1325
f 2849/1922/1328 2850/1923/1327 3554/2554/1327
f 2848/1921/1329 2849/1922/1328 3552/2552/1328
f 2847/1920/1330 2848/1921/1331 3550/2550/1331
f 3459/2449/1332 2847/1920/1330 3548/2548/1330
f 3544/2544/1333 3460/2460/1333 3459/2449/1332
f 3469/2472/1042 3460/2460/1333 3544/2544/1333
f 2851/1924/3 3962/1924/3 3963/1941/3
f 2852/1925/497 3964/1925/497 3962/1924/1394
f 2853/1926/201 3965/1926/201 3964/1925/543
f 2854/1927/544 3966/1927/544 3965/1926/194
f 2855/1928/167 3967/1928/167 3966/1927/540
f 2856/1929/1395 3968/1929/1395 3967/1928/165
f 2857/1930/140 3969/1930/140 3968/1929/2939
f 2858/1931/122 3970/1931/122 3969/1930/123
f 2859/1932/2940 3971/1932/2940 3970/1931/125
f 2860/1933/5 3972/1933/5 3971/1932/5
f 2862/1934/126 3973/1934/126 3972/1933/2941
f 2863/1935/212 3974/1935/212 3973/1934/127
f 2864/1936/128 3975/1936/128 3974/1935/129
f 2865/1937/216 3976/1937/216 3975/1936/1399
f 2866/1938/1400 3977/1938/1400 3976/1937/225
f 2867/1939/229 3978/1939/229 3977/1938/494
f 2868/1940/495 3979/1940/495 3978/1939/232
f 2869/1941/1401 3963/1941/1401 3979/1940/545
f 2882/1954/1 3980/3108/1 3981/3109/1
f 2890/1962/1 3989/3117/1 3988/3116/1
f 3987/3115/1 3986/3114/1 2887/1959/1
f 2886/1958/1 3985/3113/1 3984/3112/1
f 3983/3111/1 3982/3110/1 2883/1955/1
f 3363/2390/3 3365/2390/3 3998/2391/3
f 3368/2392/1 3998/2391/1 3365/2390/1
f 3367/2391/4 3998/2391/4 3368/2392/4
f 3369/2393/2 3371/2393/2 3373/2394/2
f 3371/2393/1 3370/1907/1 3374/1908/1
f 2835/1908/4 3374/1908/4 3370/1907/4
f 3334/2365/5 3999/2365/5 4000/2375/5
f 3342/2369/1 3348/2375/1 3334/2365/1
f 3342/2369/3 4001/2369/3 4002/2367/3
f 3348/2375/2 4000/2375/2 4001/2369/2
f 3999/2365/1 4002/2367/1 4001/2369/1
f 3336/2367/4 4002/2367/4 3999/2365/4
f 3340/1905/1 3341/1906/1 3339/2368/1
f 4003/3118/1 2881/1953/1 4008/3127/1
f 2881/1953/1 4004/3121/1 4007/3120/1
f 4008/3127/1 2881/1953/1 4007/3120/1
f 4004/3121/1 4005/3126/1 4006/3119/1
f 4025/3123/1 4009/3124/1 4004/3121/1
f 4009/3124/1 2872/1944/1 4004/3121/1
f 2872/1944/1 4010/3125/1 4004/3121/1
f 4010/3125/1 4011/3164/1 4004/3121/1
f 4011/3164/1 4012/3162/1 4004/3121/1
f 4004/3121/1 2881/1953/1 4022/3137/1
f 2881/1953/1 4013/3129/1 4014/3128/1
f 4014/3128/1 4015/3130/1 2881/1953/1
f 4015/3130/1 4016/3131/1 2881/1953/1
f 4016/3131/1 4017/3132/1 2881/1953/1
f 4017/3132/1 4018/3133/1 2881/1953/1
f 4018/3133/1 4019/3134/1 2881/1953/1
f 4019/3134/1 4020/3135/1 2881/1953/1
f 4020/3135/1 4021/3136/1 2881/1953/1
f 4021/3136/1 4022/3137/1 2881/1953/1
f 4022/3137/1 4023/3138/1 4004/3121/1
f 4023/3138/1 4024/3122/1 4004/3121/1
f 2877/1949/1 2874/1946/1 2873/1945/1
f 2798/1871/1 2861/328/1 2792/330/1
f 2797/1870/1435 4093/3586/1435 4094/3172/1435
f 4096/3173/1430 4093/3586/1430 2797/1870/1430
f 4095/3174/1431 4097/3177/1431 4098/3175/1431
f 4100/3178/1435 4088/3167/1435 4102/3179/1435
f 4100/3178/1429 4101/3180/1429 4103/3181/1429
f 4102/3179/757 4104/3182/757 4103/3181/757
f 4089/3168/1430 4104/3182/1430 4102/3179/1430
f 4099/3176/1431 4103/3181/1431 4104/3182/1431
f 4109/3187/1431 4097/3177/1431 4108/3186/1431
f 4109/3187/1430 4111/3189/1430 4092/3171/1430
f 4111/3189/757 4109/3187/757 4110/3188/757
f 4111/3189/1435 4112/3190/1435 4113/3191/1435
f 4108/3186/1434 4113/3191/1434 4112/3190/1434
f 4114/3192/1430 4115/3196/1430 4113/3191/1430
f 4108/3186/1428 4107/3185/1428 4116/3193/1428
f 4118/3194/2297 4116/3193/2297 4107/3185/2297
f 4113/3191/1435 4115/3196/1435 4118/3194/1435
f 4116/3193/757 4118/3194/757 4115/3196/757
f 4117/3195/1435 4120/3201/1435 4121/3198/1435
f 4122/3199/1427 4120/3201/1427 4117/3195/1427
f 4107/3185/1431 4106/3184/1431 4123/3200/1431
f 4119/3197/1446 4121/3198/1446 4123/3200/1446
f 4123/3200/757 4121/3198/757 4120/3201/757
f 4106/3184/1430 4124/3204/1430 4125/3202/1430
f 4106/3184/1431 4105/3183/1431 4126/3203/1431
f 4127/3205/2952 4128/3206/2952 4126/3203/2952
f 4119/3197/1435 4125/3202/1435 4128/3206/1435
f 4128/3206/757 4125/3202/757 4124/3204/757
f 4127/3205/1435 4129/3208/1435 4130/3207/1435
f 4105/3183/1427 4131/3210/1427 4129/3208/1427
f 4105/3183/1431 4090/3169/1431 4132/3209/1431
f 4130/3207/1446 4132/3209/1446 4090/3169/1446
f 4131/3210/757 4132/3209/757 4130/3207/757
f 4092/3171/1434 4094/3172/1434 4098/3175/1434
f 4094/3172/757 4093/3586/757 4096/3173/757
f 2785/326/3 2789/330/3 4133/331/3
f 2789/330/3 2792/330/3 2861/328/3
f 4133/331/3 2789/330/3 2861/328/3
f 4133/331/3 4134/338/3 2785/326/3
f 4134/338/3 2783/324/3 2785/326/3
f 4142/3218/2307 4141/3216/2307 4144/3219/1457
f 4143/3220/1463 4144/3219/1463 4149/3224/1464
f 4144/3219/2962 4150/3226/2962 4151/3225/1467
f 4141/3216/1469 4152/3227/1469 4150/3226/1539
f 4171/3244/2328 4169/3242/2967 4168/3243/2329
f 4173/3246/2330 4171/3244/2331 4170/3245/1503
f 4175/3248/1513 4173/3246/1512 4172/3247/1512
f 4151/3225/1510 4175/3248/2968 4174/3249/2969
f 4175/3248/1511 4151/3225/1510 4177/3250/1510
f 4173/3246/2970 4175/3248/1505 4176/3251/1513
f 4171/3244/1503 4173/3246/1502 4178/3252/2330
f 4169/3242/1500 4171/3244/1501 4179/3253/1501
f 4189/3264/2316 4153/3228/2316 4154/3229/2315
f 4190/3265/2313 4152/3227/1473 4153/3228/2312
f 4191/3266/2311 4150/3226/2975 4152/3227/2344
f 4177/3250/1467 4151/3225/1467 4150/3226/2962
f 4178/3252/1 4179/3253/1 4189/3264/1
f 4179/3253/1 4180/3254/1 4188/3263/1
f 4180/3254/1 4181/3255/1 4187/3262/1
f 4181/3255/1 4182/3256/1 4186/3261/1
f 4182/3256/1 4183/3257/1 4186/3261/1
f 4183/3257/1 4184/3259/1 4185/3260/1
f 4186/3261/1 4183/3257/1 4185/3260/1
f 4186/3261/1 4187/3262/1 4181/3255/1
f 4187/3262/1 4188/3263/1 4180/3254/1
f 4188/3263/1 4189/3264/1 4179/3253/1
f 4189/3264/1 4190/3265/1 4178/3252/1
f 4190/3265/1 4191/3266/1 4176/3251/1
f 4191/3266/1 4177/3250/1 4176/3251/1
f 4174/3249/1540 4192/3267/2976 4147/3223/1541
f 4172/3247/1543 4193/3289/1543 4192/3267/1544
f 4237/3298/370 4219/3295/370 4236/3320/370
f 4219/3295/1 4220/3302/1 4228/3314/1
f 4236/3320/1 4219/3295/1 4235/3294/1
f 4220/3302/1 4215/3292/1 4216/3291/1
f 4216/3291/1 4221/3307/1 4220/3302/1
f 4221/3307/1 4222/3308/1 4220/3302/1
f 4222/3308/1 4223/3309/1 4220/3302/1
f 4223/3309/1 4224/3310/1 4220/3302/1
f 4224/3310/1 4225/3311/1 4220/3302/1
f 4225/3311/1 4226/3312/1 4220/3302/1
f 4226/3312/1 4227/3313/1 4220/3302/1
f 4227/3313/1 4228/3314/1 4220/3302/1
f 4228/3314/1 4229/3315/1 4219/3295/1
f 4229/3315/1 4230/3316/1 4219/3295/1
f 4230/3316/1 4231/3317/1 4219/3295/1
f 4231/3317/1 4232/3318/1 4219/3295/1
f 4232/3318/1 4233/3319/1 4219/3295/1
f 4233/3319/1 4234/3293/1 4219/3295/1
f 4242/3301/1 4220/3302/1 4241/3300/1
f 4220/3302/1 4219/3295/1 4240/3297/1
f 4241/3300/1 4220/3302/1 4240/3297/1
f 4219/3295/1 4238/3299/1 4239/3296/1
f 4306/3345/1 4307/3351/1 4305/3342/1
f 4307/3351/1 4308/3348/1 4311/3344/1
f 4305/3342/1 4307/3351/1 4311/3344/1
f 4308/3348/1 4309/3369/1 4310/3347/1
f 4330/3368/370 4308/3348/370 4329/3367/370
f 4308/3348/1 4307/3351/1 4321/3361/1
f 4329/3367/1 4308/3348/1 4328/3350/1
f 4307/3351/1 4312/3353/1 4313/3352/1
f 4313/3352/1 4314/3354/1 4307/3351/1
f 4314/3354/1 4315/3355/1 4307/3351/1
f 4315/3355/1 4316/3356/1 4307/3351/1
f 4316/3356/1 4317/3357/1 4307/3351/1
f 4317/3357/1 4318/3358/1 4307/3351/1
f 4318/3358/1 4319/3359/1 4307/3351/1
f 4319/3359/1 4320/3360/1 4307/3351/1
f 4320/3360/1 4321/3361/1 4307/3351/1
f 4321/3361/1 4322/3362/1 4308/3348/1
f 4322/3362/1 4323/3363/1 4308/3348/1
f 4323/3363/1 4324/3364/1 4308/3348/1
f 4324/3364/1 4325/3365/1 4308/3348/1
f 4325/3365/1 4326/3366/1 4308/3348/1
f 4326/3366/1 4327/3349/1 4308/3348/1
f 4636/1844/24 4635/1843/24 4605/1841/24
f 4659/1867/2 4660/1868/2 4656/1868/2
f 4655/1867/1 4658/1866/1 4676/1884/1
f 4813/2020/758 4804/2011/2206 4814/2021/2206
f 4803/2010/760 4816/2023/760 4814/2021/759
f 4802/2009/761 4817/2024/761 4816/2023/760
f 4802/2009/761 4801/2008/762 4818/2026/762
f 4801/2008/762 4800/2007/2207 4819/2025/2207
f 4800/2007/2207 4799/2006/764 4820/2027/764
f 4798/2005/765 4821/2028/765 4820/2027/764
f 4798/2005/765 4797/2004/766 4822/2029/766
f 4796/2003/767 4823/2031/767 4822/2029/766
f 4795/2002/769 4824/2030/769 4823/2031/768
f 4795/2002/769 4794/2001/772 4825/2032/772
f 4793/2000/771 4826/2033/771 4825/2032/772
f 4792/1999/773 4827/2034/773 4826/2033/771
f 4792/1999/2208 4791/1998/774 4828/2036/774
f 4790/1997/775 4829/2035/775 4828/2036/774
f 4789/1996/777 4830/2037/777 4829/2035/775
f 4789/1996/777 4788/1995/780 4831/2038/780
f 4787/1994/781 4832/2039/781 4831/2038/780
f 4833/2041/782 4834/2040/782 4832/2039/781
f 4883/2090/758 4882/2089/2206 4884/2091/2206
f 4882/2089/759 4881/2088/760 4886/2093/760
f 4881/2088/760 4887/2095/761 4888/2094/761
f 4890/2097/2207 4934/2141/764 4935/2142/764
f 4934/2141/764 4933/2140/765 4937/2144/765
f 4932/2139/766 4938/2145/766 4937/2144/765
f 4931/2138/767 4939/2146/767 4938/2145/766
f 4930/2137/769 4940/2148/769 4939/2146/768
f 4929/2136/772 4941/2147/772 4940/2148/769
f 4928/2135/771 4942/2149/771 4941/2147/772
f 4927/2134/773 4943/2151/773 4942/2149/771
f 4926/2133/774 4944/2150/774 4943/2151/2208
f 4925/2132/775 4945/2153/775 4944/2150/774
f 4925/2132/775 4924/2131/777 4946/2152/777
f 4924/2131/777 4923/2130/780 4947/2154/779
f 4923/2130/780 4922/2129/781 4948/2155/781
f 4922/2129/781 4921/2128/782 4949/2156/782
f 4920/2127/784 4950/2157/784 4949/2156/782
f 4919/2126/788 4951/2158/788 4950/2157/784
f 4918/2125/787 4952/2160/787 4951/2158/785
f 4917/2124/790 4953/2159/790 4952/2160/787
f 4917/2124/790 4916/2123/791 4954/2161/791
f 4915/2122/792 4955/2163/792 4954/2161/791
f 4956/2162/793 4957/2238/793 4955/2163/794
f 4883/2090/758 4885/2092/758 4992/2198/795
f 5040/2202/1 4995/2205/1 4996/3573/1
f 4996/3573/1 4997/2207/1 4998/2211/1
f 4998/2211/1 4999/2212/1 5000/2214/1
f 5000/2214/1 5001/2218/1 4998/2211/1
f 5001/2218/1 5002/2217/1 4998/2211/1
f 5002/2217/1 4994/2199/1 4993/2200/1
f 4993/2200/1 5003/2262/1 5002/2217/1
f 5003/2262/1 5004/2261/1 5002/2217/1
f 5004/2261/1 5005/2260/1 5006/2258/1
f 5006/2258/1 5007/2257/1 5004/2261/1
f 5007/2257/1 5008/2203/1 5004/2261/1
f 5008/2203/1 5009/2256/1 5010/2255/1
f 5010/2255/1 5011/3451/1 5012/2254/1
f 5012/2254/1 5013/2253/1 5014/2252/1
f 5014/2252/1 5015/2251/1 5012/2254/1
f 5015/2251/1 5016/2250/1 5012/2254/1
f 5016/2250/1 5017/2249/1 5018/2248/1
f 5018/2248/1 5019/2247/1 5020/3574/1
f 5020/3574/1 5021/2246/1 5022/2245/1
f 5022/2245/1 5023/2244/1 5020/3574/1
f 5023/2244/1 5024/2243/1 5020/3574/1
f 5024/2243/1 5025/2242/1 5026/2241/1
f 5026/2241/1 5027/2240/1 5028/2239/1
f 5028/2239/1 5029/2236/1 5030/2235/1
f 5030/2235/1 5031/2234/1 5028/2239/1
f 5031/2234/1 5032/2201/1 5028/2239/1
f 5032/2201/1 5033/2232/1 5034/2229/1
f 5034/2229/1 5035/2226/1 5036/3575/1
f 5036/3575/1 5037/2224/1 5038/2221/1
f 5038/2221/1 5039/3576/1 5036/3575/1
f 5039/3576/1 5040/2202/1 5036/3575/1
f 5040/2202/1 4996/3573/1 4998/2211/1
f 5008/2203/1 5010/2255/1 5016/2250/1
f 5010/2255/1 5012/2254/1 5016/2250/1
f 5016/2250/1 5018/2248/1 5020/3574/1
f 5024/2243/1 5026/2241/1 5032/2201/1
f 5026/2241/1 5028/2239/1 5032/2201/1
f 5032/2201/1 5034/2229/1 5036/3575/1
f 5040/2202/1 4998/2211/1 5008/2203/1
f 4998/2211/1 5002/2217/1 5008/2203/1
f 5002/2217/1 5004/2261/1 5008/2203/1
f 5016/2250/1 5020/3574/1 5008/2203/1
f 5020/3574/1 5024/2243/1 5008/2203/1
f 5032/2201/1 5036/3575/1 5024/2243/1
f 5036/3575/1 5040/2202/1 5024/2243/1
f 4987/2193/807 4988/2194/808 5046/2213/808
f 4989/2195/809 5047/2215/2210 5046/2213/808
f 4990/2196/810 5048/2216/810 5047/2215/809
f 4991/2197/795 4992/2198/795 5048/2216/812
f 4986/2192/819 4987/2193/807 5045/2210/807
f 4984/2190/820 4986/2192/819 5044/2209/819
f 4982/2188/821 4984/2190/822 5043/2208/822
f 4982/2188/823 5041/2204/823 5042/2206/824
f 4978/2184/827 4980/2186/826 5042/2206/826
f 4887/2095/761 4889/2096/762 5061/2259/762
f 4889/2096/762 4890/2097/763 4936/2143/763
f 4956/2162/793 4959/2165/887 5060/2263/887
f 4959/2165/887 4960/2166/888 5059/2237/888
f 4960/2166/889 4962/2168/890 5058/2233/890
f 4962/2168/915 4964/2170/891 5057/2231/891
f 4965/2171/892 5056/2230/892 5057/2231/891
f 4967/2173/893 5055/2228/893 5056/2230/892
f 4967/2173/893 4969/2175/917 5054/2227/917
f 4971/2177/896 5053/2225/896 5054/2227/917
f 4971/2177/897 4973/2179/918 5052/2223/918
f 4975/2181/899 5051/2222/899 5052/2223/900
f 4976/2182/901 5050/2220/902 5051/2222/899
f 4976/2182/901 4978/2184/825 5049/2219/825
f 5065/2266/3 5064/2266/3 5062/2264/3
f 5064/2266/4 5065/2266/4 5068/2267/4
f 5070/2269/2 5071/2269/2 5066/2264/2
f 5068/2267/5 5071/2269/5 5070/2269/5
f 5076/2273/5 5075/2273/5 5072/2270/5
f 5075/2273/2 5076/2273/2 5078/2272/2
f 5073/2271/3 5074/2272/3 5078/2272/3
f 5073/2271/4 5079/2271/4 5077/2270/4
f 5080/2277/1 4667/1875/1 5063/2265/1
f 4757/1964/2 5086/2280/2 5087/2279/2
f 4664/1872/904 5088/2281/904 5086/2280/904
f 4665/1873/4 5089/2282/4 5088/2281/4
f 4666/1874/905 5087/2279/905 5089/2282/905
f 4770/1977/1 4769/1976/1 5081/2278/1
f 4764/1971/1 4763/1970/1 5094/2283/1
f 4762/1969/1 4759/1966/1 4758/1965/1
f 4879/2086/795 4813/2020/758 4815/2022/758
f 5152/2306/1 5107/2292/1 5108/2295/1
f 5108/2295/1 5109/3578/1 5152/2306/1
f 5109/3578/1 5110/2296/1 5152/2306/1
f 5110/2296/1 5111/2299/1 5112/2301/1
f 5112/2301/1 5113/2304/1 5114/2288/1
f 5114/2288/1 5106/2286/1 5105/2287/1
f 5105/2287/1 5115/3579/1 5114/2288/1
f 5115/3579/1 5116/2353/1 5114/2288/1
f 5116/2353/1 5117/3453/1 5118/2352/1
f 5118/2352/1 5119/2351/1 5120/2289/1
f 5120/2289/1 5121/2350/1 5122/2349/1
f 5122/2349/1 5123/3452/1 5120/2289/1
f 5123/3452/1 5124/2348/1 5120/2289/1
f 5124/2348/1 5125/2347/1 5128/2345/1
f 5125/2347/1 5126/2346/1 5128/2345/1
f 5126/2346/1 5127/3580/1 5128/2345/1
f 5128/2345/1 5129/2344/1 5132/3581/1
f 5129/2344/1 5130/2343/1 5132/3581/1
f 5130/2343/1 5131/2342/1 5132/3581/1
f 5132/3581/1 5133/2341/1 5136/2290/1
f 5133/2341/1 5134/2340/1 5136/2290/1
f 5134/2340/1 5135/2337/1 5136/2290/1
f 5136/2290/1 5137/2334/1 5138/2333/1
f 5138/2333/1 5139/2331/1 5140/2329/1
f 5140/2329/1 5141/2327/1 5142/2325/1
f 5142/2325/1 5143/2323/1 5144/2321/1
f 5144/2321/1 5145/2318/1 5146/3582/1
f 5146/3582/1 5147/2316/1 5148/2314/1
f 5148/2314/1 5149/2312/1 5150/2310/1
f 5150/2310/1 5151/2308/1 5148/2314/1
f 5151/2308/1 5152/2306/1 5148/2314/1
f 5110/2296/1 5112/2301/1 5152/2306/1
f 5112/2301/1 5114/2288/1 5152/2306/1
f 5116/2353/1 5118/2352/1 5114/2288/1
f 5118/2352/1 5120/2289/1 5114/2288/1
f 5136/2290/1 5138/2333/1 5140/2329/1
f 5140/2329/1 5142/2325/1 5144/2321/1
f 5144/2321/1 5146/3582/1 5148/2314/1
f 5120/2289/1 5124/2348/1 5128/2345/1
f 5128/2345/1 5132/3581/1 5120/2289/1
f 5132/3581/1 5136/2290/1 5120/2289/1
f 5136/2290/1 5140/2329/1 5144/2321/1
f 5144/2321/1 5148/2314/1 5136/2290/1
f 5148/2314/1 5152/2306/1 5136/2290/1
f 5152/2306/1 5114/2288/1 5136/2290/1
f 4873/2080/807 4874/2081/808 5158/2300/808
f 4876/2083/2210 5159/2302/2210 5158/2300/808
f 4878/2085/810 5160/2303/810 5159/2302/809
f 4879/2086/795 5104/2285/795 5160/2303/810
f 4873/2080/807 5157/2298/807 5156/2297/819
f 4869/2076/822 4871/2078/819 5156/2297/819
f 4867/2074/821 4869/2076/820 5155/2294/820
f 4867/2074/821 5153/2291/821 5154/2293/824
f 4863/2070/825 4865/2072/824 5154/2293/824
f 4843/2050/793 5173/2328/793 5174/2330/792
f 4844/2051/887 5172/2326/887 5173/2328/793
f 4844/2051/887 4845/2052/889 5171/2324/889
f 4845/2052/889 4847/2054/915 5170/2322/915
f 4849/2056/891 5169/2320/891 5170/2322/915
f 4850/2057/892 5168/2319/892 5169/2320/891
f 4850/2057/892 4852/2059/893 5167/2317/893
f 4854/2061/894 5166/2315/917 5167/2317/893
f 4856/2063/896 5165/2313/896 5166/2315/917
f 4856/2063/896 4858/2065/918 5164/2311/918
f 4858/2065/918 4860/2067/899 5163/2309/899
f 4860/2067/899 4861/2068/901 5162/2307/901
f 4861/2068/902 4863/2070/825 5161/2305/825
f 4839/2046/791 4840/2047/792 5174/2330/792
f 4838/2045/790 4839/2046/791 5175/2332/791
f 4838/2045/790 5176/2335/790 5177/2336/787
f 4837/2044/787 5177/2336/787 5178/2338/785
f 4835/2042/784 4836/2043/788 5178/2338/788
f 4833/2041/782 4835/2042/784 5179/2339/784
f 5184/2358/2 5187/2358/2 5188/2360/2
f 5186/2360/1 5184/2358/1 5190/2361/1
f 5186/2360/3 5188/2360/3 5191/2362/3
f 5192/2363/3 5193/2363/3 5194/1904/3
f 4696/1904/1 5192/2363/1 5195/2364/1
f 4696/1904/4 5194/1904/4 5196/1903/4
f 5194/1904/1 5193/2363/1 5197/2364/1
f 5195/2364/2 5197/2364/2 5193/2363/2
f 5189/2362/4 5191/2362/4 5198/2361/4
f 5188/2360/1 5187/2358/1 5198/2361/1
f 5190/2361/5 5198/2361/5 5187/2358/5
f 4695/1903/5 5196/1903/5 5197/2364/5
f 5200/2366/2 5203/2366/2 5204/2368/2
f 4697/1905/1 4698/1906/1 5202/2368/1
f 4697/1905/5 5205/1905/5 5203/2366/5
f 4698/1906/4 5206/1906/4 5205/1905/4
f 5202/2368/3 5204/2368/3 5206/1906/3
f 5185/2359/931 5217/2379/2857 5219/2380/931
f 5217/2379/932 5216/2378/933 5218/2381/933
f 5216/2378/933 5215/2377/934 5220/2382/934
f 5215/2377/935 5214/2376/936 5221/2383/936
f 5214/2376/937 5212/2374/938 5222/2384/938
f 5212/2374/938 5211/2373/939 5223/2385/939
f 5211/2373/940 5210/2372/941 5224/2386/941
f 5209/2371/942 5225/2387/942 5224/2386/941
f 5225/2387/943 5209/2371/943 5226/2388/944
f 5208/2370/2 5229/2370/2 5230/2390/2
f 5208/2370/1 5231/2392/1 5232/2391/1
f 5231/2392/5 5233/2392/5 5229/2370/5
f 4699/1907/5 5235/1907/5 5236/2393/5
f 5237/2394/1 5234/2393/1 4699/1907/1
f 5237/2394/3 5238/2394/3 5239/1908/3
f 5241/2396/2 5253/2396/2 5254/1913/2
f 4704/1912/1 4705/1913/1 5241/2396/1
f 4704/1912/4 5256/1912/4 5257/2408/4
f 4701/1909/5 5259/1909/5 5260/2409/5
f 5258/2409/1 4701/1909/1 4702/1910/1
f 5258/2409/2 5260/2409/2 5261/1911/2
f 5262/1910/1 5261/1911/1 5260/2409/1
f 4702/1910/4 5262/1910/4 5259/1909/4
f 4703/1911/3 5261/1911/3 5262/1910/3
f 5255/2408/5 5257/2408/5 5253/2396/5
f 5254/1913/1 5253/2396/1 5257/2408/1
f 4705/1913/3 5254/1913/3 5256/1912/3
f 5321/2445/1 5297/2446/1 5298/2450/1
f 5298/2450/1 5299/2451/1 5321/2445/1
f 5299/2451/1 5300/2452/1 5321/2445/1
f 5300/2452/1 5301/2453/1 5302/2454/1
f 5302/2454/1 5303/2455/1 5304/2456/1
f 5304/2456/1 5305/2457/1 5306/2458/1
f 5306/2458/370 5307/2459/370 5308/2461/370
f 5308/2461/1 5309/2462/1 5310/2463/1
f 5310/2463/1 5311/3061/1 5308/2461/1
f 5311/3061/1 5278/2425/1 5308/2461/1
f 5278/2425/370 5279/2426/370 5280/2427/370
f 5280/2427/1 5281/2428/1 5278/2425/1
f 5281/2428/1 5282/2429/1 5278/2425/1
f 5282/2429/1 5283/2430/1 5286/2433/1
f 5283/2430/1 5284/2431/1 5286/2433/1
f 5284/2431/1 5285/2432/1 5286/2433/1
f 5286/2433/1 5287/2434/1 5290/2437/1
f 5287/2434/1 5288/2435/1 5290/2437/1
f 5288/2435/1 5289/2436/1 5290/2437/1
f 5290/2437/1 5291/2438/1 5292/2439/1
f 5292/2439/1 5293/2440/1 5294/2441/1
f 5294/2441/370 4706/1914/370 4707/1915/370
f 4707/1915/361 4708/1916/361 4709/1917/361
f 4709/1917/1 4710/1918/1 5294/2441/1
f 4710/1918/1 4711/1919/1 5294/2441/1
f 4711/1919/1 5312/3092/1 5313/2444/1
f 5313/2444/361 5314/3093/361 5315/3094/361
f 5315/3094/1 5316/3095/1 5317/3096/1
f 5317/3096/1 5318/3097/1 5319/3098/1
f 5319/3098/1 5320/3099/1 5321/2445/1
f 5300/2452/1 5302/2454/1 5304/2456/1
f 5304/2456/1 5306/2458/1 5308/2461/1
f 5290/2437/1 5292/2439/1 5286/2433/1
f 5292/2439/1 5294/2441/1 5286/2433/1
f 5294/2441/1 4707/1915/1 4709/1917/1
f 4711/1919/1 5313/2444/1 5294/2441/1
f 5313/2444/1 5315/3094/1 5321/2445/1
f 5315/3094/1 5317/3096/1 5321/2445/1
f 5317/3096/1 5319/3098/1 5321/2445/1
f 5321/2445/1 5300/2452/1 5304/2456/1
f 5304/2456/1 5308/2461/1 5278/2425/1
f 5278/2425/1 5282/2429/1 5286/2433/1
f 5321/2445/1 5304/2456/1 5278/2425/1
f 5278/2425/1 5286/2433/1 5321/2445/1
f 5286/2433/1 5294/2441/1 5321/2445/1
f 5336/2474/1 5337/2475/1 5340/2478/1
f 5337/2475/1 5338/2476/1 5340/2478/1
f 5338/2476/1 5339/2477/1 5340/2478/1
f 5340/2478/1 5341/2479/1 5342/2480/1
f 5342/2480/1 5343/2481/1 5344/2482/1
f 5344/2482/1 5346/2484/1 5347/2485/1
f 5347/2485/1 5348/2486/1 5344/2482/1
f 5348/2486/1 5349/2487/1 5344/2482/1
f 5349/2487/1 5350/2488/1 5243/2398/1
f 5243/2398/361 5244/2399/361 5245/2400/361
f 5245/2400/1 5246/2401/1 5249/2404/1
f 5246/2401/1 5247/2402/1 5249/2404/1
f 5247/2402/1 5248/2403/1 5249/2404/1
f 5249/2404/1 5250/2405/1 5251/2406/1
f 5251/2406/1 5252/2407/1 5263/2410/1
f 5263/2410/1 5264/2411/1 5265/2412/1
f 5265/2412/1 5266/2413/1 5267/2414/1
f 5267/2414/1 5268/2415/1 5269/2416/1
f 5269/2416/1 5270/2417/1 5267/2414/1
f 5270/2417/1 5271/2418/1 5267/2414/1
f 5271/2418/1 5272/2419/1 5275/2422/1
f 5272/2419/1 5273/2420/1 5275/2422/1
f 5273/2420/1 5274/2421/1 5275/2422/1
f 5275/2422/370 5276/2423/370 5277/2424/370
f 5277/2424/1 5326/2464/1 5275/2422/1
f 5326/2464/1 5327/2465/1 5275/2422/1
f 5327/2465/361 5328/2466/361 5329/2467/361
f 5329/2467/1 5330/2468/1 5327/2465/1
f 5330/2468/1 5331/2469/1 5327/2465/1
f 5331/2469/1 5332/2470/1 5333/2471/1
f 5333/2471/1 5335/2473/1 5336/2474/1
f 5340/2478/1 5342/2480/1 5344/2482/1
f 5349/2487/1 5243/2398/1 5344/2482/1
f 5243/2398/1 5245/2400/1 5344/2482/1
f 5249/2404/1 5251/2406/1 5245/2400/1
f 5251/2406/1 5263/2410/1 5245/2400/1
f 5263/2410/1 5265/2412/1 5271/2418/1
f 5265/2412/1 5267/2414/1 5271/2418/1
f 5331/2469/1 5333/2471/1 5336/2474/1
f 5336/2474/1 5340/2478/1 5245/2400/1
f 5340/2478/1 5344/2482/1 5245/2400/1
f 5271/2418/1 5275/2422/1 5327/2465/1
f 5327/2465/1 5331/2469/1 5271/2418/1
f 5331/2469/1 5336/2474/1 5271/2418/1
f 5245/2400/1 5263/2410/1 5336/2474/1
f 5400/2537/1042 5399/2539/2883 5345/2483/1041
f 5399/2539/1044 5242/2397/1044 5345/2483/3297
f 5401/2538/1043 5240/2395/1043 5242/2397/1044
f 5402/2540/1045 5403/2541/1045 5240/2395/1043
f 5227/2389/944 5226/2388/944 5403/2541/1045
f 5404/2542/1046 5405/2614/1047 5227/2389/1047
f 5401/2538/1048 5406/3426/1048 5404/2542/2252
f 5407/2543/1050 5406/3426/1051 5401/2538/1051
f 5400/2537/1052 5408/2545/1052 5407/2543/3298
f 5409/2544/2886 5410/2547/2253 5408/2545/1055
f 5412/2549/1056 5410/2547/1057 5409/2544/1057
f 5413/2548/1140 5414/2551/1140 5412/2549/1056
f 5415/2550/1059 5416/2553/1059 5414/2551/1060
f 5417/2552/1061 5418/2555/1061 5416/2553/1059
f 5419/2554/1063 5420/2557/1063 5418/2555/1061
f 5421/2556/1064 5422/3416/1064 5420/2557/1063
f 5424/2558/1065 5422/3416/1064 5421/2556/1064
f 5426/2560/1066 5424/2558/1065 5423/2559/1065
f 5428/2562/1067 5426/2560/1068 5425/2561/1068
f 5429/2564/1069 5430/2566/1069 5428/2562/1067
f 5431/2565/1071 5432/3410/1071 5430/2566/1072
f 5434/2567/1073 5432/3410/1074 5431/2565/1074
f 5436/2569/1079 5434/2567/1136 5433/2568/1136
f 5437/2571/1081 5438/2573/1081 5436/2569/1079
f 5439/2572/1134 5440/2575/1134 5438/2573/1133
f 5441/2574/1082 5442/3404/1082 5440/2575/1080
f 5444/2576/1083 5442/3404/1084 5441/2574/1084
f 5446/2578/1085 5444/2576/1083 5443/2577/1083
f 5448/2580/1086 5446/2578/1085 5445/2579/1085
f 5450/2582/1087 5448/2580/1088 5447/2581/1088
f 5452/2584/1093 5450/2582/1126 5449/2583/1126
f 5453/2586/1092 5454/3397/1092 5452/2584/1093
f 5456/2587/1096 5454/3397/2889 5453/2586/2889
f 5458/2589/1097 5456/2587/1094 5455/2588/1094
f 5459/2591/1098 5460/3393/1098 5458/2589/1099
f 5462/2592/1100 5460/3393/1101 5459/2591/1101
f 5463/2594/1102 5464/2596/1102 5462/2592/1103
f 5465/2595/1104 5466/3447/1104 5464/2596/1102
f 5468/2597/1105 5466/3447/1104 5465/2595/1104
f 5470/2599/1106 5468/2597/1105 5467/2598/1105
f 5472/2601/1107 5470/2599/1106 5469/2600/1106
f 5474/2603/1108 5472/2601/1107 5471/2602/1107
f 5475/2605/1109 5476/3441/1109 5474/2603/1110
f 5478/2606/1111 5476/3441/1112 5475/2605/1112
f 5479/2608/1113 5478/2606/1114 5477/2607/1111
f 5218/2381/1115 5480/3437/1115 5479/2608/1116
f 5481/2609/1117 5480/3437/1118 5218/2381/1118
f 5482/2610/1119 5481/2609/1120 5220/2382/1120
f 5222/2384/1121 5483/2611/1121 5482/2610/1122
f 5223/2385/1123 5484/2612/1123 5483/2611/2895
f 5224/2386/1124 5485/2613/1124 5484/2612/1123
f 5225/2387/1125 5486/3430/1125 5485/2613/1124
f 5405/2614/1047 5486/3430/1125 5225/2387/1125
f 5458/2589/1 5460/3393/1 5462/2592/1
f 5462/2592/1 5464/2596/1 5458/2589/1
f 5464/2596/1 5466/3447/1 5458/2589/1
f 5466/3447/1 5468/2597/1 5470/2599/1
f 5470/2599/1 5472/2601/1 5474/2603/1
f 5474/2603/1 5476/3441/1 5478/2606/1
f 5478/2606/1 5479/2608/1 5474/2603/1
f 5479/2608/1 5480/3437/1 5474/2603/1
f 5480/3437/1 5481/2609/1 5484/2612/1
f 5481/2609/1 5482/2610/1 5484/2612/1
f 5482/2610/1 5483/2611/1 5484/2612/1
f 5484/2612/1 5485/2613/1 5486/3430/1
f 5486/3430/1 5405/2614/1 5484/2612/1
f 5405/2614/1 5404/2542/1 5484/2612/1
f 5404/2542/1 5406/3426/1 5407/2543/1
f 5407/2543/1 5408/2545/1 5410/2547/1
f 5410/2547/1 5412/2549/1 5414/2551/1
f 5414/2551/1 5416/2553/1 5410/2547/1
f 5416/2553/1 5418/2555/1 5410/2547/1
f 5418/2555/1 5420/2557/1 5422/3416/1
f 5422/3416/1 5424/2558/1 5418/2555/1
f 5424/2558/1 5426/2560/1 5418/2555/1
f 5426/2560/1 5428/2562/1 5430/2566/1
f 5430/2566/1 5432/3410/1 5434/2567/1
f 5434/2567/1 5436/2569/1 5438/2573/1
f 5438/2573/1 5440/2575/1 5434/2567/1
f 5440/2575/1 5442/3404/1 5434/2567/1
f 5442/3404/1 5444/2576/1 5446/2578/1
f 5446/2578/1 5448/2580/1 5442/3404/1
f 5448/2580/1 5450/2582/1 5442/3404/1
f 5450/2582/1 5452/2584/1 5454/3397/1
f 5454/3397/1 5456/2587/1 5458/2589/1
f 5466/3447/1 5470/2599/1 5458/2589/1
f 5470/2599/1 5474/2603/1 5458/2589/1
f 5404/2542/1 5407/2543/1 5484/2612/1
f 5407/2543/1 5410/2547/1 5484/2612/1
f 5426/2560/1 5430/2566/1 5434/2567/1
f 5450/2582/1 5454/3397/1 5442/3404/1
f 5454/3397/1 5458/2589/1 5442/3404/1
f 5474/2603/1 5480/3437/1 5458/2589/1
f 5480/3437/1 5484/2612/1 5458/2589/1
f 5410/2547/1 5418/2555/1 5426/2560/1
f 5426/2560/1 5434/2567/1 5458/2589/1
f 5434/2567/1 5442/3404/1 5458/2589/1
f 5484/2612/1 5410/2547/1 5458/2589/1
f 5726/2998/1208 5679/2951/3299 5727/2999/3299
f 5679/2951/3299 5680/2952/1210 5729/3001/1210
f 5680/2952/1210 5681/2953/1212 5730/3002/1212
f 5681/2953/1212 5682/2954/1215 5731/3003/1213
f 5683/2955/1214 5732/3004/1214 5731/3003/1215
f 5684/2956/2908 5733/3005/2908 5732/3004/1214
f 5685/2957/1217 5734/3007/1217 5733/3005/1216
f 5685/2957/2909 5686/2958/1218 5735/3006/1218
f 5686/2958/1219 5687/2959/1220 5736/3008/1220
f 5687/2959/1220 5688/2960/1222 5737/3009/1222
f 5689/2961/1223 5738/3010/1223 5737/3009/1224
f 5690/2962/1225 5739/3011/1225 5738/3010/1223
f 5691/2963/1226 5740/3012/1229 5739/3011/1227
f 5692/2964/1228 5741/3013/1228 5740/3012/3300
f 5693/2965/1231 5742/3015/1231 5741/3013/1232
f 5693/2965/1231 5694/2966/1235 5743/3014/1235
f 5695/2967/3301 5744/3016/3301 5743/3014/1235
f 5696/2968/1236 5745/3017/1236 5744/3016/1234
f 5697/2969/1237 5746/3019/1237 5745/3017/1238
f 5697/2969/2911 5698/2970/1239 5747/3018/1239
f 5698/2970/1240 5699/2971/1241 5748/3020/1241
f 5699/2971/1241 5700/2972/1243 5749/3021/1243
f 5701/2973/1244 5750/3022/1244 5749/3021/1245
f 5702/2974/1246 5751/3023/1246 5750/3022/1244
f 5703/2975/3302 5752/3024/2268 5751/3023/2913
f 5704/2976/1248 5753/3025/1248 5752/3024/3303
f 5705/2977/1249 5754/3027/1249 5753/3025/1250
f 5705/2977/1249 5706/2978/1253 5755/3026/1253
f 5707/2979/1255 5756/3028/1255 5755/3026/1253
f 5708/2980/1254 5757/3029/1254 5756/3028/1255
f 5709/2981/1258 5758/3031/1258 5757/3029/1257
f 5709/2981/2269 5710/2982/3304 5759/3030/3304
f 5711/2983/1260 5760/3033/1260 5759/3030/1261
f 5711/2983/1260 5712/2984/1262 5761/3032/1262
f 5713/2985/1263 5762/3034/1263 5761/3032/1264
f 5714/2986/1265 5763/3036/1265 5762/3034/1263
f 5714/2986/1267 5715/2987/2914 5764/3035/2914
f 5715/2987/2914 5716/2988/1272 5765/3037/1272
f 5716/2988/1272 5717/2989/1273 5766/3038/1273
f 5717/2989/1273 5718/2990/1274 5767/3039/1274
f 5719/2991/1275 5768/3041/1275 5767/3039/1276
f 5719/2991/1275 5720/2992/2916 5769/3040/1279
f 5721/2993/1278 5770/3043/1278 5769/3040/1277
f 5721/2993/3305 5722/2994/1281 5771/3042/1281
f 5722/2994/2271 5723/2995/1283 5772/3044/1283
f 5723/2995/1283 5724/2996/1284 5773/3045/1284
f 5725/2997/1285 5774/3046/1285 5773/3045/1286
f 5725/2997/1285 5726/2998/1287 5728/3000/1287
f 5185/2359/931 5219/2380/931 5477/2607/1288
f 5183/2357/1288 5477/2607/1288 5475/2605/1289
f 5182/2356/1290 5475/2605/1290 5473/2604/1291
f 5181/2355/1291 5473/2604/1291 5471/2602/1292
f 5180/2354/1293 5471/2602/1293 5469/2600/1294
f 4779/1986/1294 5469/2600/1294 5467/2598/1295
f 5467/2598/1295 5465/2595/1296 4776/1983/1296
f 5465/2595/1297 5463/2594/1298 4774/1981/1298
f 5463/2594/1299 5461/2593/1300 4773/1980/1300
f 5461/2593/1300 5459/2591/1301 4772/1979/1301
f 5459/2591/1301 5457/2590/1302 4771/1978/1302
f 5457/2590/1303 5455/2588/1304 4767/1974/1304
f 4767/1974/1304 5455/2588/1304 5453/2586/1305
f 5453/2586/1305 5451/2585/1306 4765/1972/1306
f 4765/1972/1307 5451/2585/1307 5449/2583/1308
f 4761/1968/1308 5449/2583/1308 5447/2581/1309
f 4760/1967/1309 5447/2581/1309 5445/2579/1310
f 4756/1963/1311 5445/2579/1311 5443/2577/1312
f 5443/2577/1312 5441/2574/1313 5776/3048/1313
f 5441/2574/1314 5439/2572/1315 5777/3049/1315
f 5439/2572/1316 5437/2571/1317 5778/3050/1317
f 5437/2571/1317 5435/2570/1318 5779/3051/1318
f 5433/2568/1319 5780/3052/1319 5779/3051/1318
f 5433/2568/1319 5431/2565/1320 4743/1950/1320
f 5429/2564/1321 4741/1948/1321 4743/1950/1320
f 5429/2564/1321 5427/2563/1322 4740/1947/1322
f 5425/2561/1323 4735/1942/1323 4740/1947/1322
f 5423/2559/1324 5781/3053/1324 4735/1942/1323
f 5421/2556/1325 5782/3054/1325 5781/3053/1326
f 5419/2554/1327 4715/1923/1327 5782/3054/3306
f 4714/1922/1328 4715/1923/1327 5419/2554/1327
f 4713/1921/1329 4714/1922/1328 5417/2552/1328
f 4712/1920/1330 4713/1921/1331 5415/2550/1331
f 5324/2449/1332 4712/1920/1330 5413/2548/1330
f 5409/2544/1333 5325/2460/1333 5324/2449/1332
f 5334/2472/1042 5325/2460/1333 5409/2544/1333
f 4716/1924/3 5827/1924/3 5828/1941/3
f 4717/1925/546 5829/1925/546 5827/1924/3312
f 4718/1926/201 5830/1926/201 5829/1925/543
f 4719/1927/544 5831/1927/544 5830/1926/203
f 4720/1928/243 5832/1928/243 5831/1927/540
f 4721/1929/359 5833/1929/359 5832/1928/165
f 4722/1930/140 5834/1930/140 5833/1929/141
f 4723/1931/122 5835/1931/122 5834/1930/123
f 4724/1932/1396 5836/1932/1396 5835/1931/125
f 4725/1933/5 5837/1933/5 5836/1932/5
f 4727/1934/126 5838/1934/126 5837/1933/2289
f 4728/1935/212 5839/1935/212 5838/1934/127
f 4729/1936/128 5840/1936/128 5839/1935/512
f 4730/1937/216 5841/1937/216 5840/1936/3313
f 4731/1938/1400 5842/1938/1400 5841/1937/225
f 4732/1939/229 5843/1939/229 5842/1938/494
f 4733/1940/495 5844/1940/495 5843/1939/232
f 4734/1941/1401 5828/1941/1401 5844/1940/3314
f 4747/1954/1 5845/3108/1 5846/3109/1
f 4755/1962/1 5854/3117/1 5853/3116/1
f 5852/3115/1 5851/3114/1 4752/1959/1
f 4751/1958/1 5850/3113/1 5849/3112/1
f 5848/3111/1 5847/3110/1 4748/1955/1
f 5228/2390/3 5230/2390/3 5863/2391/3
f 5233/2392/1 5863/2391/1 5230/2390/1
f 5232/2391/4 5863/2391/4 5233/2392/4
f 5234/2393/2 5236/2393/2 5238/2394/2
f 5236/2393/1 5235/1907/1 5239/1908/1
f 4700/1908/4 5239/1908/4 5235/1907/4
f 5199/2365/5 5864/2365/5 5865/2375/5
f 5207/2369/1 5213/2375/1 5199/2365/1
f 5207/2369/3 5866/2369/3 5867/2367/3
f 5213/2375/2 5865/2375/2 5866/2369/2
f 5864/2365/1 5867/2367/1 5866/2369/1
f 5201/2367/4 5867/2367/4 5864/2365/4
f 5205/1905/1 5206/1906/1 5204/2368/1
f 5868/3118/1 4746/1953/1 5873/3127/1
f 4746/1953/1 5869/3121/1 5872/3120/1
f 5873/3127/1 4746/1953/1 5872/3120/1
f 5869/3121/1 5870/3126/1 5871/3119/1
f 5890/3123/1 5874/3124/1 5869/3121/1
f 5874/3124/1 4737/1944/1 5869/3121/1
f 4737/1944/1 5875/3125/1 5869/3121/1
f 5875/3125/1 5876/3164/1 5869/3121/1
f 5876/3164/1 5877/3162/1 5869/3121/1
f 5869/3121/1 4746/1953/1 5887/3137/1
f 4746/1953/1 5878/3129/1 5879/3128/1
f 5879/3128/1 5880/3130/1 4746/1953/1
f 5880/3130/1 5881/3131/1 4746/1953/1
f 5881/3131/1 5882/3132/1 4746/1953/1
f 5882/3132/1 5883/3133/1 4746/1953/1
f 5883/3133/1 5884/3134/1 4746/1953/1
f 5884/3134/1 5885/3135/1 4746/1953/1
f 5885/3135/1 5886/3136/1 4746/1953/1
f 5886/3136/1 5887/3137/1 4746/1953/1
f 5887/3137/1 5888/3138/1 5869/3121/1
f 5888/3138/1 5889/3122/1 5869/3121/1
f 4742/1949/1 4739/1946/1 4738/1945/1
f 4663/1871/1 4726/328/1 4657/330/1
f 4662/1870/1435 5958/3586/1435 5959/3172/1435
f 5961/3173/1427 5958/3586/1427 4662/1870/1427
f 5960/3174/1431 5962/3177/1431 5963/3175/1431
f 5965/3178/1435 5953/3167/1435 5967/3179/1435
f 5965/3178/2952 5966/3180/2952 5968/3181/2952
f 5967/3179/757 5969/3182/757 5968/3181/757
f 5954/3168/1430 5969/3182/1430 5967/3179/1430
f 5964/3176/1428 5968/3181/1428 5969/3182/1428
f 5974/3187/1428 5962/3177/1428 5973/3186/1428
f 5974/3187/1427 5976/3189/1427 5957/3171/1427
f 5976/3189/757 5974/3187/757 5975/3188/757
f 5976/3189/1435 5977/3190/1435 5978/3191/1435
f 5973/3186/1434 5978/3191/1434 5977/3190/1434
f 5979/3192/1430 5980/3196/1430 5978/3191/1430
f 5973/3186/1428 5972/3185/1428 5981/3193/1428
f 5983/3194/2297 5981/3193/2297 5972/3185/2297
f 5978/3191/1435 5980/3196/1435 5983/3194/1435
f 5981/3193/757 5983/3194/757 5980/3196/757
f 5982/3195/1435 5985/3201/1435 5986/3198/1435
f 5987/3199/1427 5985/3201/1427 5982/3195/1427
f 5972/3185/1431 5971/3184/1431 5988/3200/1431
f 5986/3198/1446 5988/3200/1446 5971/3184/1446
f 5988/3200/757 5986/3198/757 5985/3201/757
f 5989/3204/1430 5990/3202/1430 5984/3197/1430
f 5971/3184/1431 5970/3183/1431 5991/3203/1431
f 5993/3206/1446 5991/3203/1446 5970/3183/1446
f 5984/3197/1435 5990/3202/1435 5993/3206/1435
f 5993/3206/757 5990/3202/757 5989/3204/757
f 5992/3205/1426 5994/3208/1426 5995/3207/1426
f 5996/3210/1427 5994/3208/1427 5992/3205/1427
f 5970/3183/1431 5955/3169/1431 5997/3209/1431
f 5995/3207/1446 5997/3209/1446 5955/3169/1446
f 5996/3210/757 5997/3209/757 5995/3207/757
f 5959/3172/1446 5963/3175/1446 5962/3177/1446
f 5959/3172/757 5958/3586/757 5961/3173/757
f 6005/3218/3322 6004/3216/2307 6007/3219/3323
f 6006/3220/1463 6007/3219/1463 6012/3224/1464
f 6007/3219/1466 6013/3226/1466 6014/3225/1467
f 6004/3216/1469 6015/3227/1469 6013/3226/1539
f 6034/3244/1501 6032/3242/2336 6031/3243/1500
f 6036/3246/2330 6034/3244/2331 6033/3245/1503
f 6038/3248/1513 6036/3246/1512 6035/3247/1512
f 6014/3225/1508 6038/3248/3328 6037/3249/2969
f 6038/3248/1511 6014/3225/1510 6040/3250/1510
f 6036/3246/2334 6038/3248/3329 6039/3251/3329
f 6034/3244/1503 6036/3246/1502 6041/3252/2330
f 6032/3242/2329 6034/3244/3330 6042/3253/3330
f 6052/3264/2316 6016/3228/2316 6017/3229/2315
f 6053/3265/2313 6015/3227/3335 6016/3228/2312
f 6054/3266/2311 6013/3226/2311 6015/3227/2344
f 6040/3250/1467 6014/3225/1467 6013/3226/1466
f 6041/3252/1 6042/3253/1 6052/3264/1
f 6042/3253/1 6043/3254/1 6051/3263/1
f 6043/3254/1 6044/3255/1 6050/3262/1
f 6044/3255/1 6045/3256/1 6049/3261/1
f 6045/3256/1 6046/3257/1 6049/3261/1
f 6046/3257/1 6047/3259/1 6048/3260/1
f 6049/3261/1 6046/3257/1 6048/3260/1
f 6049/3261/1 6050/3262/1 6044/3255/1
f 6050/3262/1 6051/3263/1 6043/3254/1
f 6051/3263/1 6052/3264/1 6042/3253/1
f 6052/3264/1 6053/3265/1 6041/3252/1
f 6053/3265/1 6054/3266/1 6039/3251/1
f 6054/3266/1 6040/3250/1 6039/3251/1
f 6037/3249/1540 6055/3267/2976 6010/3223/1541
f 6035/3247/1543 6056/3289/1543 6055/3267/1544
f 6100/3298/370 6082/3295/370 6099/3320/370
f 6082/3295/1 6083/3302/1 6091/3314/1
f 6099/3320/1 6082/3295/1 6098/3294/1
f 6083/3302/1 6078/3292/1 6079/3291/1
f 6079/3291/1 6084/3307/1 6083/3302/1
f 6084/3307/1 6085/3308/1 6083/3302/1
f 6085/3308/1 6086/3309/1 6083/3302/1
f 6086/3309/1 6087/3310/1 6083/3302/1
f 6087/3310/1 6088/3311/1 6083/3302/1
f 6088/3311/1 6089/3312/1 6083/3302/1
f 6089/3312/1 6090/3313/1 6083/3302/1
f 6090/3313/1 6091/3314/1 6083/3302/1
f 6091/3314/1 6092/3315/1 6082/3295/1
f 6092/3315/1 6093/3316/1 6082/3295/1
f 6093/3316/1 6094/3317/1 6082/3295/1
f 6094/3317/1 6095/3318/1 6082/3295/1
f 6095/3318/1 6096/3319/1 6082/3295/1
f 6096/3319/1 6097/3293/1 6082/3295/1
f 6105/3301/1 6083/3302/1 6104/3300/1
f 6083/3302/1 6082/3295/1 6103/3297/1
f 6104/3300/1 6083/3302/1 6103/3297/1
f 6082/3295/1 6101/3299/1 6102/3296/1
f 6169/3345/1 6170/3351/1 6168/3342/1
f 6170/3351/1 6171/3348/1 6174/3344/1
f 6168/3342/1 6170/3351/1 6174/3344/1
f 6171/3348/1 6172/3369/1 6173/3347/1
f 6193/3368/370 6171/3348/370 6192/3367/370
f 6171/3348/1 6170/3351/1 6184/3361/1
f 6192/3367/1 6171/3348/1 6191/3350/1
f 6170/3351/1 6175/3353/1 6176/3352/1
f 6176/3352/1 6177/3354/1 6170/3351/1
f 6177/3354/1 6178/3355/1 6170/3351/1
f 6178/3355/1 6179/3356/1 6170/3351/1
f 6179/3356/1 6180/3357/1 6170/3351/1
f 6180/3357/1 6181/3358/1 6170/3351/1
f 6181/3358/1 6182/3359/1 6170/3351/1
f 6182/3359/1 6183/3360/1 6170/3351/1
f 6183/3360/1 6184/3361/1 6170/3351/1
f 6184/3361/1 6185/3362/1 6171/3348/1
f 6185/3362/1 6186/3363/1 6171/3348/1
f 6186/3363/1 6187/3364/1 6171/3348/1
f 6187/3364/1 6188/3365/1 6171/3348/1
f 6188/3365/1 6189/3366/1 6171/3348/1
f 6189/3366/1 6190/3349/1 6171/3348/1
usemtl InnerJogWheel_mat
f 3897/3034/1 3905/3043/1 3865/3002/1
f 5762/3034/1 5770/3043/1 5730/3002/1
f 3865/3002/1 3866/3003/1 3867/3004/1
f 3867/3004/1 3868/3005/1 3865/3002/1
f 3868/3005/1 3869/3007/1 3865/3002/1
f 3869/3007/1 3870/3006/1 3873/3010/1
f 3870/3006/1 3871/3008/1 3873/3010/1
f 3871/3008/1 3872/3009/1 3873/3010/1
f 3873/3010/1 3874/3011/1 3877/3015/1
f 3874/3011/1 3875/3012/1 3877/3015/1
f 3875/3012/1 3876/3013/1 3877/3015/1
f 3877/3015/1 3878/3014/1 3879/3016/1
f 3879/3016/1 3880/3017/1 3877/3015/1
f 3880/3017/1 3881/3019/1 3877/3015/1
f 3881/3019/1 3882/3018/1 3885/3022/1
f 3882/3018/1 3883/3020/1 3885/3022/1
f 3883/3020/1 3884/3021/1 3885/3022/1
f 3885/3022/1 3886/3023/1 3889/3027/1
f 3886/3023/1 3887/3024/1 3889/3027/1
f 3887/3024/1 3888/3025/1 3889/3027/1
f 3889/3027/1 3890/3026/1 3891/3028/1
f 3891/3028/1 3892/3029/1 3889/3027/1
f 3892/3029/1 3893/3031/1 3889/3027/1
f 3893/3031/1 3894/3030/1 3895/3033/1
f 3895/3033/1 3896/3032/1 3893/3031/1
f 3896/3032/1 3897/3034/1 3893/3031/1
f 3897/3034/1 3898/3036/1 3899/3035/1
f 3899/3035/1 3900/3037/1 3901/3038/1
f 3901/3038/1 3902/3039/1 3905/3043/1
f 3902/3039/1 3903/3041/1 3905/3043/1
f 3903/3041/1 3904/3040/1 3905/3043/1
f 3905/3043/1 3906/3042/1 3909/3046/1
f 3906/3042/1 3907/3044/1 3909/3046/1
f 3907/3044/1 3908/3045/1 3909/3046/1
f 3909/3046/1 3863/3000/1 3862/2999/1
f 3862/2999/1 3864/3001/1 3909/3046/1
f 3864/3001/1 3865/3002/1 3909/3046/1
f 3897/3034/1 3899/3035/1 3905/3043/1
f 3899/3035/1 3901/3038/1 3905/3043/1
f 3865/3002/1 3869/3007/1 3873/3010/1
f 3873/3010/1 3877/3015/1 3865/3002/1
f 3877/3015/1 3881/3019/1 3865/3002/1
f 3881/3019/1 3885/3022/1 3889/3027/1
f 3889/3027/1 3893/3031/1 3897/3034/1
f 3905/3043/1 3909/3046/1 3865/3002/1
f 3881/3019/1 3889/3027/1 3865/3002/1
f 3889/3027/1 3897/3034/1 3865/3002/1
f 5730/3002/1 5731/3003/1 5732/3004/1
f 5732/3004/1 5733/3005/1 5730/3002/1
f 5733/3005/1 5734/3007/1 5730/3002/1
f 5734/3007/1 5735/3006/1 5738/3010/1
f 5735/3006/1 5736/3008/1 5738/3010/1
f 5736/3008/1 5737/3009/1 5738/3010/1
f 5738/3010/1 5739/3011/1 5742/3015/1
f 5739/3011/1 5740/3012/1 5742/3015/1
f 5740/3012/1 5741/3013/1 5742/3015/1
f 5742/3015/1 5743/3014/1 5744/3016/1
f 5744/3016/1 5745/3017/1 5742/3015/1
f 5745/3017/1 5746/3019/1 5742/3015/1
f 5746/3019/1 5747/3018/1 5750/3022/1
f 5747/3018/1 5748/3020/1 5750/3022/1
f 5748/3020/1 5749/3021/1 5750/3022/1
f 5750/3022/1 5751/3023/1 5754/3027/1
f 5751/3023/1 5752/3024/1 5754/3027/1
f 5752/3024/1 5753/3025/1 5754/3027/1
f 5754/3027/1 5755/3026/1 5756/3028/1
f 5756/3028/1 5757/3029/1 5754/3027/1
f 5757/3029/1 5758/3031/1 5754/3027/1
f 5758/3031/1 5759/3030/1 5760/3033/1
f 5760/3033/1 5761/3032/1 5762/3034/1
f 5762/3034/1 5763/3036/1 5764/3035/1
f 5764/3035/1 5765/3037/1 5762/3034/1
f 5765/3037/1 5766/3038/1 5762/3034/1
f 5766/3038/1 5767/3039/1 5768/3041/1
f 5768/3041/1 5769/3040/1 5770/3043/1
f 5770/3043/1 5771/3042/1 5774/3046/1
f 5771/3042/1 5772/3044/1 5774/3046/1
f 5772/3044/1 5773/3045/1 5774/3046/1
f 5774/3046/1 5728/3000/1 5727/2999/1
f 5727/2999/1 5729/3001/1 5774/3046/1
f 5729/3001/1 5730/3002/1 5774/3046/1
f 5758/3031/1 5760/3033/1 5754/3027/1
f 5760/3033/1 5762/3034/1 5754/3027/1
f 5766/3038/1 5768/3041/1 5762/3034/1
f 5768/3041/1 5770/3043/1 5762/3034/1
f 5730/3002/1 5734/3007/1 5738/3010/1
f 5738/3010/1 5742/3015/1 5730/3002/1
f 5742/3015/1 5746/3019/1 5730/3002/1
f 5746/3019/1 5750/3022/1 5754/3027/1
f 5770/3043/1 5774/3046/1 5730/3002/1
f 5746/3019/1 5754/3027/1 5730/3002/1
f 5754/3027/1 5762/3034/1 5730/3002/1
usemtl Slider_mat
f 2/1/1 4/2/1 1/3/1
f 35/6/5 25/7/5 26/8/5
f 4/2/6 46/9/6 17/10/6
f 66/11/3 56/12/3 57/13/3
f 13/4/1 47/14/1 9/5/1
f 47/14/7 44/15/7 48/16/7
f 43/17/8 48/16/9 44/15/9
f 42/18/10 49/19/8 43/17/8
f 41/20/11 50/21/12 42/18/12
f 40/22/13 51/23/11 41/20/11
f 39/24/14 52/25/15 40/22/15
f 38/26/16 53/27/14 39/24/14
f 37/28/17 54/29/16 38/26/16
f 36/30/18 55/31/17 37/28/17
f 35/6/19 56/12/18 36/30/18
f 34/32/20 57/13/19 35/6/19
f 33/33/21 58/34/22 34/32/22
f 32/35/23 59/36/23 33/33/23
f 61/37/4 32/35/4 31/35/4
f 30/39/2 63/38/2 62/38/2
f 63/38/25 28/40/25 64/41/25
f 64/41/26 27/42/27 65/43/27
f 65/43/27 26/8/28 66/11/28
f 66/11/28 25/7/29 67/44/29
f 67/44/29 24/45/30 68/46/30
f 68/46/31 23/47/32 69/48/32
f 69/48/32 22/49/33 70/50/33
f 70/50/33 21/51/34 71/52/34
f 71/52/34 20/53/35 72/54/35
f 72/54/35 19/55/36 73/56/36
f 73/56/37 18/57/38 74/58/38
f 74/58/38 17/10/39 46/9/39
f 76/59/1 78/60/1 75/61/1
f 109/64/4 99/65/4 100/66/4
f 78/60/40 120/67/40 91/68/40
f 140/69/2 130/70/2 131/71/2
f 87/62/1 121/72/1 83/63/1
f 121/72/41 118/73/41 122/74/41
f 117/75/42 122/74/43 118/73/43
f 117/75/42 124/76/44 123/77/42
f 115/78/45 124/76/46 116/79/46
f 114/80/47 125/81/48 115/78/48
f 113/82/49 126/83/50 114/80/50
f 112/84/51 127/85/49 113/82/49
f 111/86/52 128/87/51 112/84/51
f 110/88/53 129/89/52 111/86/52
f 109/64/54 130/70/55 110/88/56
f 108/90/57 131/71/54 109/64/54
f 107/91/58 132/92/57 108/90/57
f 106/93/49 133/94/49 107/91/49
f 105/93/3 134/95/3 106/93/3
f 104/97/5 137/96/5 136/96/5
f 137/96/59 102/98/59 138/99/59
f 138/99/60 101/100/61 139/101/61
f 139/101/61 100/66/62 140/69/62
f 140/69/63 99/65/64 141/102/65
f 141/102/64 98/103/66 142/104/66
f 142/104/66 97/105/67 143/106/67
f 143/106/67 96/107/68 144/108/68
f 144/108/68 95/109/69 145/110/69
f 145/110/70 94/111/71 146/112/71
f 146/112/72 93/113/73 147/114/73
f 147/114/74 92/115/75 148/116/75
f 148/116/75 91/68/76 120/67/76
f 150/117/1 152/118/1 149/119/1
f 183/122/5 173/123/5 174/124/5
f 152/118/6 194/125/6 165/126/6
f 214/127/3 204/128/3 205/129/3
f 161/120/1 195/130/1 157/121/1
f 195/130/78 192/131/78 196/132/78
f 191/133/79 196/132/80 192/131/80
f 190/134/10 197/135/8 191/133/8
f 189/136/11 198/137/12 190/134/12
f 188/138/13 199/139/11 189/136/11
f 187/140/14 200/141/13 188/138/13
f 186/142/16 201/143/14 187/140/14
f 185/144/81 202/145/16 186/142/16
f 184/146/18 203/147/81 185/144/81
f 183/122/19 204/128/18 184/146/18
f 182/148/20 205/129/19 183/122/19
f 181/149/82 206/150/22 182/148/22
f 180/151/14 207/152/14 181/149/14
f 209/153/4 180/151/4 179/151/4
f 178/155/2 211/154/2 210/154/2
f 211/154/33 176/156/33 212/157/33
f 212/157/83 175/158/84 213/159/84
f 213/159/27 174/124/28 214/127/28
f 214/127/28 173/123/29 215/160/29
f 215/160/29 172/161/30 216/162/30
f 216/162/30 171/163/32 217/164/32
f 217/164/32 170/165/33 218/166/33
f 218/166/33 169/167/34 219/168/34
f 219/168/34 168/169/85 220/170/85
f 220/170/35 167/171/36 221/172/36
f 221/172/37 166/173/38 222/174/38
f 222/174/38 165/126/39 194/125/39
f 224/175/1 226/176/1 223/177/1
f 257/180/5 247/181/5 248/182/5
f 226/176/6 268/183/6 239/184/6
f 288/185/3 278/186/3 279/187/3
f 235/178/1 269/188/1 231/179/1
f 269/188/7 266/189/7 270/190/7
f 265/191/8 270/190/80 266/189/80
f 264/192/10 271/193/8 265/191/8
f 263/194/11 272/195/12 264/192/12
f 262/196/15 273/197/11 263/194/11
f 261/198/14 274/199/13 262/196/13
f 260/200/16 275/201/14 261/198/14
f 259/202/81 276/203/16 260/200/16
f 258/204/18 277/205/81 259/202/81
f 257/180/19 278/186/18 258/204/18
f 256/206/20 279/187/19 257/180/19
f 255/207/86 280/208/20 256/206/20
f 254/209/23 281/210/23 255/207/23
f 283/211/4 254/209/4 253/209/4
f 252/213/2 285/212/2 284/212/2
f 285/212/25 250/214/25 286/215/25
f 286/215/87 249/216/88 287/217/88
f 287/217/27 248/182/28 288/185/28
f 288/185/28 247/181/29 289/218/29
f 289/218/29 246/219/30 290/220/30
f 290/220/30 245/221/32 291/222/32
f 291/222/89 244/223/33 292/224/33
f 292/224/33 243/225/34 293/226/34
f 293/226/90 242/227/35 294/228/35
f 294/228/35 241/229/36 295/230/36
f 295/230/37 240/231/38 296/232/38
f 296/232/91 239/184/92 268/183/92
f 298/233/1 300/234/1 297/235/1
f 331/238/5 321/239/5 322/240/5
f 300/234/6 342/241/6 313/242/6
f 362/243/3 352/244/3 353/245/3
f 309/236/1 343/246/1 305/237/1
f 343/246/78 340/247/78 344/248/78
f 339/249/79 344/248/80 340/247/80
f 338/250/10 345/251/8 339/249/8
f 337/252/11 346/253/12 338/250/12
f 336/254/13 347/255/11 337/252/11
f 335/256/14 348/257/13 336/254/13
f 334/258/16 349/259/14 335/256/14
f 333/260/81 350/261/16 334/258/16
f 332/262/18 351/263/81 333/260/81
f 331/238/19 352/244/18 332/262/18
f 330/264/20 353/245/19 331/238/19
f 329/265/82 354/266/22 330/264/22
f 328/267/14 355/268/14 329/265/14
f 357/269/4 328/267/4 327/267/4
f 326/271/2 359/270/2 358/270/2
f 359/270/33 324/272/33 360/273/33
f 360/273/83 323/274/84 361/275/84
f 361/275/27 322/240/28 362/243/28
f 362/243/28 321/239/29 363/276/29
f 363/276/29 320/277/30 364/278/30
f 364/278/30 319/279/32 365/280/32
f 365/280/32 318/281/33 366/282/33
f 366/282/33 317/283/34 367/284/34
f 367/284/34 316/285/85 368/286/85
f 368/286/35 315/287/36 369/288/36
f 369/288/37 314/289/38 370/290/38
f 370/290/38 313/242/39 342/241/39
f 2710/360/1 2712/361/1 2709/362/1
f 2743/1812/5 2733/1813/5 2734/1814/5
f 2712/361/6 2754/1815/6 2725/1816/6
f 2774/1817/3 2764/1818/3 2765/1819/3
f 2721/1810/1 2755/1820/1 2717/1811/1
f 2755/1820/7 2752/1821/7 2756/1822/7
f 2751/1823/8 2756/1822/80 2752/1821/80
f 2750/1824/12 2757/1825/8 2751/1823/8
f 2749/1826/754 2758/1827/10 2750/1824/10
f 2748/1828/13 2759/1829/754 2749/1826/754
f 2747/1830/14 2760/1831/13 2748/1828/13
f 2746/1832/16 2761/1833/755 2747/1830/755
f 2745/1834/81 2762/1835/16 2746/1832/16
f 2744/1836/18 2763/1837/81 2745/1834/81
f 2743/1812/19 2764/1818/18 2744/1836/18
f 2742/1838/22 2765/1819/19 2743/1812/19
f 2741/1839/21 2766/1840/20 2742/1838/20
f 2740/1841/756 2767/1842/756 2741/1839/756
f 2769/1843/4 2740/1841/4 2739/1841/4
f 2738/1845/2 2771/1844/2 2770/1844/2
f 2771/1844/25 2736/1846/25 2772/1847/25
f 2772/1847/26 2735/1848/84 2773/1849/84
f 2773/1849/27 2734/1814/28 2774/1817/28
f 2774/1817/28 2733/1813/29 2775/1850/29
f 2775/1850/29 2732/1851/30 2776/1852/30
f 2776/1852/31 2731/1853/32 2777/1854/32
f 2777/1854/32 2730/1855/33 2778/1856/33
f 2778/1856/33 2729/1857/34 2779/1858/34
f 2779/1858/90 2728/1859/35 2780/1860/35
f 2780/1860/35 2727/1861/36 2781/1862/36
f 2781/1862/37 2726/1863/38 2782/1864/38
f 2782/1864/91 2725/1816/92 2754/1815/92
f 4576/360/1 4578/361/1 4575/362/1
f 4609/1812/5 4599/1813/5 4600/1814/5
f 4578/361/6 4620/1815/6 4591/1816/6
f 4640/1817/3 4630/1818/3 4631/1819/3
f 4587/1810/1 4621/1820/1 4583/1811/1
f 4621/1820/7 4618/1821/7 4622/1822/7
f 4617/1823/8 4622/1822/80 4618/1821/80
f 4616/1824/10 4623/1825/8 4617/1823/8
f 4615/1826/754 4624/1827/10 4616/1824/10
f 4614/1828/13 4625/1829/754 4615/1826/754
f 4613/1830/14 4626/1831/13 4614/1828/13
f 4612/1832/16 4627/1833/14 4613/1830/14
f 4611/1834/81 4628/1835/16 4612/1832/16
f 4610/1836/18 4629/1837/81 4611/1834/81
f 4609/1812/19 4630/1818/18 4610/1836/18
f 4608/1838/20 4631/1819/19 4609/1812/19
f 4607/1839/82 4632/1840/22 4608/1838/20
f 4606/1841/756 4633/1842/756 4607/1839/756
f 4635/1843/4 4606/1841/4 4605/1841/4
f 4604/1845/2 4637/1844/2 4636/1844/2
f 4637/1844/25 4602/1846/25 4638/1847/25
f 4638/1847/26 4601/1848/84 4639/1849/84
f 4639/1849/84 4600/1814/2205 4640/1817/2205
f 4640/1817/28 4599/1813/29 4641/1850/29
f 4641/1850/29 4598/1851/30 4642/1852/30
f 4642/1852/31 4597/1853/32 4643/1854/32
f 4643/1854/32 4596/1855/33 4644/1856/33
f 4644/1856/33 4595/1857/34 4645/1858/34
f 4645/1858/90 4594/1859/35 4646/1860/35
f 4646/1860/35 4593/1861/36 4647/1862/36
f 4647/1862/37 4592/1863/38 4648/1864/38
f 4648/1864/91 4591/1816/92 4620/1815/92
f 2/1/1 3/3455/1 4/2/1
f 45/3458/5 13/4/5 16/4/5
f 44/15/5 45/3458/5 16/4/5
f 43/17/5 44/15/5 16/4/5
f 43/17/5 16/4/5 15/3457/5
f 42/18/5 43/17/5 15/3457/5
f 14/3/5 1/3/5 4/2/5
f 41/20/5 42/18/5 15/3457/5
f 14/3/5 4/2/5 17/10/5
f 40/22/5 41/20/5 20/53/5
f 41/20/5 15/3457/5 20/53/5
f 15/3457/5 14/3/5 18/57/5
f 14/3/5 17/10/5 18/57/5
f 39/24/5 40/22/5 21/51/5
f 38/26/5 39/24/5 22/49/5
f 40/22/5 20/53/5 21/51/5
f 15/3457/5 18/57/5 19/55/5
f 15/3457/5 19/55/5 20/53/5
f 37/28/5 38/26/5 23/47/5
f 39/24/5 21/51/5 22/49/5
f 36/30/5 37/28/5 24/45/5
f 38/26/5 22/49/5 23/47/5
f 35/6/5 36/30/5 25/7/5
f 37/28/5 23/47/5 24/45/5
f 32/35/2587 33/33/2587 34/32/2587
f 34/32/5 35/6/5 31/35/5
f 36/30/5 24/45/5 25/7/5
f 31/35/2587 32/35/2587 34/32/2587
f 29/39/2588 30/39/2588 27/42/2588
f 30/39/5 31/35/5 26/8/5
f 27/42/5 28/40/5 29/39/5
f 26/8/5 27/42/5 30/39/5
f 26/8/5 31/35/5 35/6/5
f 4/2/6 3/3455/6 46/9/6
f 46/9/2589 3/3455/2589 12/1/2589
f 3/3455/3 2/1/3 12/1/3
f 74/58/3 46/9/3 12/1/3
f 74/58/3 12/1/3 11/3456/3
f 73/56/3 74/58/3 11/3456/3
f 10/5/3 9/5/3 47/14/3
f 72/54/3 73/56/3 11/3456/3
f 10/5/2590 47/14/2590 48/16/2590
f 71/52/3 72/54/3 51/23/3
f 72/54/3 11/3456/3 51/23/3
f 11/3456/3 10/5/3 49/19/3
f 10/5/3 48/16/3 49/19/3
f 70/50/3 71/52/3 52/25/3
f 69/48/3 70/50/3 53/27/3
f 71/52/3 51/23/3 52/25/3
f 11/3456/3 49/19/3 50/21/3
f 11/3456/3 50/21/3 51/23/3
f 68/46/3 69/48/3 54/29/3
f 70/50/3 52/25/3 53/27/3
f 67/44/3 68/46/3 55/31/3
f 69/48/3 53/27/3 54/29/3
f 66/11/3 67/44/3 56/12/3
f 68/46/3 54/29/3 55/31/3
f 63/38/2590 64/41/2590 65/43/2590
f 65/43/3 66/11/3 62/38/3
f 67/44/3 55/31/3 56/12/3
f 62/38/2589 63/38/2589 65/43/2589
f 60/37/2591 61/37/2591 58/34/2591
f 61/37/3 62/38/3 57/13/3
f 58/34/2592 59/36/2592 60/37/2592
f 57/13/2593 58/34/2593 61/37/2593
f 57/13/3 62/38/3 66/11/3
f 13/4/1 45/3458/1 47/14/1
f 47/14/7 45/3458/7 44/15/7
f 43/17/8 49/19/8 48/16/9
f 42/18/10 50/21/10 49/19/8
f 41/20/754 51/23/754 50/21/10
f 40/22/13 52/25/13 51/23/11
f 39/24/14 53/27/14 52/25/13
f 38/26/16 54/29/16 53/27/14
f 37/28/81 55/31/81 54/29/16
f 36/30/18 56/12/18 55/31/81
f 35/6/19 57/13/19 56/12/2594
f 34/32/20 58/34/20 57/13/2595
f 33/33/21 59/36/21 58/34/22
f 32/35/23 60/37/23 59/36/23
f 61/37/4 60/37/4 32/35/4
f 30/39/2 29/39/2 63/38/2
f 63/38/25 29/39/25 28/40/25
f 64/41/26 28/40/26 27/42/84
f 65/43/27 27/42/27 26/8/28
f 66/11/28 26/8/28 25/7/29
f 67/44/29 25/7/29 24/45/30
f 68/46/30 24/45/30 23/47/32
f 69/48/32 23/47/32 22/49/33
f 70/50/33 22/49/33 21/51/90
f 71/52/34 21/51/34 20/53/35
f 72/54/35 20/53/35 19/55/36
f 73/56/2596 19/55/2596 18/57/91
f 74/58/38 18/57/38 17/10/39
f 76/59/1 77/3459/1 78/60/1
f 119/3462/4 87/62/4 90/62/4
f 118/73/4 119/3462/4 90/62/4
f 117/75/4 118/73/4 90/62/4
f 117/75/4 90/62/4 89/3461/4
f 116/79/4 117/75/4 89/3461/4
f 88/61/4 75/61/4 78/60/4
f 115/78/4 116/79/4 89/3461/4
f 88/61/4 78/60/4 91/68/4
f 114/80/4 115/78/4 94/111/4
f 115/78/4 89/3461/4 94/111/4
f 89/3461/4 88/61/4 92/115/4
f 88/61/4 91/68/4 92/115/4
f 113/82/4 114/80/4 95/109/4
f 112/84/4 113/82/4 96/107/4
f 114/80/4 94/111/4 95/109/4
f 89/3461/4 92/115/4 93/113/4
f 89/3461/4 93/113/4 94/111/4
f 111/86/4 112/84/4 97/105/4
f 113/82/4 95/109/4 96/107/4
f 110/88/4 111/86/4 98/103/4
f 112/84/4 96/107/4 97/105/4
f 109/64/4 110/88/4 99/65/4
f 111/86/4 97/105/4 98/103/4
f 106/93/4 107/91/4 108/90/4
f 108/90/4 109/64/4 100/66/4
f 110/88/4 98/103/4 99/65/4
f 105/93/4 106/93/4 108/90/4
f 103/97/4 104/97/4 101/100/4
f 104/97/4 105/93/4 108/90/4
f 101/100/4 102/98/4 103/97/4
f 100/66/4 101/100/4 108/90/4
f 104/97/4 108/90/4 101/100/4
f 78/60/40 77/3459/40 120/67/40
f 120/67/2 77/3459/2 86/59/2
f 77/3459/2 76/59/2 86/59/2
f 148/116/2 120/67/2 86/59/2
f 148/116/2 86/59/2 85/3460/2
f 147/114/2 148/116/2 85/3460/2
f 84/63/2 83/63/2 121/72/2
f 146/112/2 147/114/2 85/3460/2
f 84/63/2 121/72/2 122/74/2
f 145/110/2 146/112/2 125/81/2
f 146/112/2 85/3460/2 125/81/2
f 85/3460/2 84/63/2 123/77/2
f 84/63/2 122/74/2 123/77/2
f 144/108/2 145/110/2 126/83/2
f 143/106/2 144/108/2 127/85/2
f 145/110/2 125/81/2 126/83/2
f 85/3460/2 123/77/2 124/76/2
f 85/3460/2 124/76/2 125/81/2
f 142/104/2 143/106/2 128/87/2
f 144/108/2 126/83/2 127/85/2
f 141/102/2 142/104/2 129/89/2
f 143/106/2 127/85/2 128/87/2
f 140/69/2 141/102/2 130/70/2
f 142/104/2 128/87/2 129/89/2
f 137/96/2 138/99/2 139/101/2
f 139/101/2 140/69/2 131/71/2
f 141/102/2 129/89/2 130/70/2
f 136/96/2 137/96/2 139/101/2
f 134/95/2 135/95/2 132/92/2
f 135/95/2 136/96/2 139/101/2
f 132/92/2 133/94/2 134/95/2
f 131/71/2 132/92/2 139/101/2
f 135/95/2 139/101/2 132/92/2
f 87/62/1 119/3462/1 121/72/1
f 121/72/41 119/3462/41 118/73/41
f 117/75/42 123/77/42 122/74/43
f 117/75/42 116/79/44 124/76/44
f 115/78/45 125/81/45 124/76/46
f 114/80/47 126/83/47 125/81/48
f 113/82/49 127/85/49 126/83/50
f 112/84/51 128/87/51 127/85/49
f 111/86/52 129/89/52 128/87/51
f 110/88/53 130/70/53 129/89/52
f 109/64/54 131/71/54 130/70/53
f 108/90/57 132/92/57 131/71/54
f 107/91/58 133/94/58 132/92/57
f 106/93/49 134/95/49 133/94/49
f 105/93/3 135/95/3 134/95/3
f 104/97/5 103/97/5 137/96/5
f 137/96/59 103/97/59 102/98/59
f 138/99/60 102/98/60 101/100/61
f 139/101/61 101/100/61 100/66/62
f 140/69/63 100/66/63 99/65/64
f 141/102/64 99/65/64 98/103/66
f 142/104/66 98/103/66 97/105/67
f 143/106/67 97/105/67 96/107/68
f 144/108/68 96/107/68 95/109/69
f 145/110/70 95/109/70 94/111/71
f 146/112/72 94/111/72 93/113/73
f 147/114/74 93/113/74 92/115/75
f 148/116/75 92/115/75 91/68/76
f 150/117/1 151/3463/1 152/118/1
f 193/3466/5 161/120/5 164/120/5
f 192/131/2587 193/3466/2587 164/120/2587
f 191/133/5 192/131/5 164/120/5
f 191/133/5 164/120/5 163/3465/5
f 190/134/5 191/133/5 163/3465/5
f 162/119/5 149/119/5 152/118/5
f 189/136/2597 190/134/2597 163/3465/2597
f 162/119/2597 152/118/2597 165/126/2597
f 188/138/5 189/136/5 168/169/5
f 189/136/5 163/3465/5 168/169/5
f 163/3465/5 162/119/5 166/173/5
f 162/119/2587 165/126/2587 166/173/2587
f 187/140/5 188/138/5 169/167/5
f 186/142/5 187/140/5 170/165/5
f 188/138/5 168/169/5 169/167/5
f 163/3465/5 166/173/5 167/171/5
f 163/3465/2587 167/171/2587 168/169/2587
f 185/144/5 186/142/5 171/163/5
f 187/140/5 169/167/5 170/165/5
f 184/146/5 185/144/5 172/161/5
f 186/142/5 170/165/5 171/163/5
f 183/122/5 184/146/5 173/123/5
f 185/144/5 171/163/5 172/161/5
f 180/151/2597 181/149/2597 182/148/2597
f 182/148/2588 183/122/2588 179/151/2588
f 184/146/5 172/161/5 173/123/5
f 179/151/5 180/151/5 182/148/5
f 177/155/5 178/155/5 175/158/5
f 178/155/5 179/151/5 174/124/5
f 175/158/2598 176/156/2598 177/155/2598
f 174/124/2599 175/158/2599 178/155/2599
f 174/124/5 179/151/5 183/122/5
f 152/118/6 151/3463/6 194/125/6
f 194/125/3 151/3463/3 160/117/3
f 151/3463/3 150/117/3 160/117/3
f 222/174/3 194/125/3 160/117/3
f 222/174/3 160/117/3 159/3464/3
f 221/172/3 222/174/3 159/3464/3
f 158/121/3 157/121/3 195/130/3
f 220/170/3 221/172/3 159/3464/3
f 158/121/3 195/130/3 196/132/3
f 219/168/3 220/170/3 199/139/3
f 220/170/3 159/3464/3 199/139/3
f 159/3464/3 158/121/3 197/135/3
f 158/121/3 196/132/3 197/135/3
f 218/166/3 219/168/3 200/141/3
f 217/164/3 218/166/3 201/143/3
f 219/168/3 199/139/3 200/141/3
f 159/3464/3 197/135/3 198/137/3
f 159/3464/3 198/137/3 199/139/3
f 216/162/3 217/164/3 202/145/3
f 218/166/3 200/141/3 201/143/3
f 215/160/3 216/162/3 203/147/3
f 217/164/3 201/143/3 202/145/3
f 214/127/3 215/160/3 204/128/3
f 216/162/3 202/145/3 203/147/3
f 211/154/2590 212/157/2590 213/159/2590
f 213/159/3 214/127/3 210/154/3
f 215/160/3 203/147/3 204/128/3
f 210/154/3 211/154/3 213/159/3
f 208/153/3 209/153/3 206/150/3
f 209/153/3 210/154/3 205/129/3
f 206/150/3 207/152/3 208/153/3
f 205/129/3 206/150/3 209/153/3
f 205/129/3 210/154/3 214/127/3
f 161/120/1 193/3466/1 195/130/1
f 195/130/2600 193/3466/2600 192/131/2600
f 191/133/79 197/135/79 196/132/80
f 190/134/10 198/137/10 197/135/8
f 189/136/11 199/139/11 198/137/12
f 188/138/13 200/141/13 199/139/11
f 187/140/14 201/143/14 200/141/13
f 186/142/16 202/145/16 201/143/14
f 185/144/81 203/147/81 202/145/16
f 184/146/18 204/128/18 203/147/81
f 183/122/19 205/129/19 204/128/2594
f 182/148/20 206/150/20 205/129/19
f 181/149/82 207/152/82 206/150/22
f 180/151/14 208/153/14 207/152/14
f 209/153/4 208/153/4 180/151/4
f 178/155/2 177/155/2 211/154/2
f 211/154/33 177/155/33 176/156/33
f 212/157/83 176/156/83 175/158/84
f 213/159/27 175/158/27 174/124/28
f 214/127/28 174/124/28 173/123/29
f 215/160/29 173/123/29 172/161/30
f 216/162/30 172/161/30 171/163/32
f 217/164/32 171/163/32 170/165/33
f 218/166/33 170/165/33 169/167/34
f 219/168/34 169/167/34 168/169/35
f 220/170/35 168/169/35 167/171/36
f 221/172/37 167/171/37 166/173/38
f 222/174/91 166/173/91 165/126/92
f 224/175/1 225/3467/1 226/176/1
f 267/3470/5 235/178/5 238/178/5
f 266/189/5 267/3470/5 238/178/5
f 265/191/5 266/189/5 238/178/5
f 265/191/5 238/178/5 237/3469/5
f 264/192/5 265/191/5 237/3469/5
f 236/177/5 223/177/5 226/176/5
f 263/194/5 264/192/5 237/3469/5
f 236/177/5 226/176/5 239/184/5
f 262/196/5 263/194/5 242/227/5
f 263/194/5 237/3469/5 242/227/5
f 237/3469/5 236/177/5 240/231/5
f 236/177/2597 239/184/2597 240/231/2597
f 261/198/5 262/196/5 243/225/5
f 260/200/5 261/198/5 244/223/5
f 262/196/5 242/227/5 243/225/5
f 237/3469/5 240/231/5 241/229/5
f 237/3469/5 241/229/5 242/227/5
f 259/202/5 260/200/5 245/221/5
f 261/198/5 243/225/5 244/223/5
f 258/204/5 259/202/5 246/219/5
f 260/200/5 244/223/5 245/221/5
f 257/180/5 258/204/5 247/181/5
f 259/202/5 245/221/5 246/219/5
f 254/209/5 255/207/5 256/206/5
f 256/206/5 257/180/5 253/209/5
f 258/204/5 246/219/5 247/181/5
f 253/209/5 254/209/5 256/206/5
f 251/213/5 252/213/5 249/216/5
f 252/213/5 253/209/5 248/182/5
f 249/216/5 250/214/5 251/213/5
f 248/182/2588 249/216/2588 252/213/2588
f 248/182/5 253/209/5 257/180/5
f 226/176/6 225/3467/6 268/183/6
f 268/183/3 225/3467/3 234/175/3
f 225/3467/3 224/175/3 234/175/3
f 296/232/3 268/183/3 234/175/3
f 296/232/3 234/175/3 233/3468/3
f 295/230/3 296/232/3 233/3468/3
f 232/179/3 231/179/3 269/188/3
f 294/228/3 295/230/3 233/3468/3
f 232/179/2590 269/188/2590 270/190/2590
f 293/226/3 294/228/3 273/197/3
f 294/228/3 233/3468/3 273/197/3
f 233/3468/3 232/179/3 271/193/3
f 232/179/3 270/190/3 271/193/3
f 292/224/3 293/226/3 274/199/3
f 291/222/3 292/224/3 275/201/3
f 293/226/3 273/197/3 274/199/3
f 233/3468/3 271/193/3 272/195/3
f 233/3468/3 272/195/3 273/197/3
f 290/220/3 291/222/3 276/203/3
f 292/224/3 274/199/3 275/201/3
f 289/218/3 290/220/3 277/205/3
f 291/222/3 275/201/3 276/203/3
f 288/185/3 289/218/3 278/186/3
f 290/220/3 276/203/3 277/205/3
f 285/212/2590 286/215/2590 287/217/2590
f 287/217/3 288/185/3 284/212/3
f 289/218/3 277/205/3 278/186/3
f 284/212/2589 285/212/2589 287/217/2589
f 282/211/2591 283/211/2591 280/208/2591
f 283/211/3 284/212/3 279/187/3
f 280/208/2589 281/210/2589 282/211/2589
f 279/187/3 280/208/3 283/211/3
f 279/187/3 284/212/3 288/185/3
f 235/178/1 267/3470/1 269/188/1
f 269/188/7 267/3470/7 266/189/7
f 265/191/8 271/193/8 270/190/80
f 264/192/12 272/195/12 271/193/8
f 263/194/754 273/197/754 272/195/10
f 262/196/13 274/199/13 273/197/11
f 261/198/14 275/201/14 274/199/13
f 260/200/2601 276/203/2601 275/201/14
f 259/202/81 277/205/81 276/203/16
f 258/204/18 278/186/18 277/205/81
f 257/180/19 279/187/19 278/186/18
f 256/206/20 280/208/20 279/187/19
f 255/207/86 281/210/86 280/208/22
f 254/209/23 282/211/23 281/210/23
f 283/211/4 282/211/4 254/209/4
f 252/213/2 251/213/2 285/212/2
f 285/212/25 251/213/25 250/214/25
f 286/215/87 250/214/87 249/216/84
f 287/217/27 249/216/27 248/182/28
f 288/185/28 248/182/28 247/181/29
f 289/218/29 247/181/29 246/219/30
f 290/220/31 246/219/31 245/221/89
f 291/222/89 245/221/89 244/223/33
f 292/224/33 244/223/33 243/225/34
f 293/226/34 243/225/34 242/227/35
f 294/228/85 242/227/85 241/229/37
f 295/230/37 241/229/37 240/231/38
f 296/232/38 240/231/38 239/184/39
f 298/233/1 299/3471/1 300/234/1
f 341/3474/5 309/236/5 312/236/5
f 340/247/5 341/3474/5 312/236/5
f 339/249/5 340/247/5 312/236/5
f 339/249/5 312/236/5 311/3473/5
f 338/250/5 339/249/5 311/3473/5
f 310/235/5 297/235/5 300/234/5
f 337/252/2597 338/250/2597 311/3473/2597
f 310/235/5 300/234/5 313/242/5
f 336/254/5 337/252/5 316/285/5
f 337/252/5 311/3473/5 316/285/5
f 311/3473/5 310/235/5 314/289/5
f 310/235/5 313/242/5 314/289/5
f 335/256/5 336/254/5 317/283/5
f 334/258/5 335/256/5 318/281/5
f 336/254/5 316/285/5 317/283/5
f 311/3473/5 314/289/5 315/287/5
f 311/3473/2587 315/287/2587 316/285/2587
f 333/260/5 334/258/5 319/279/5
f 335/256/5 317/283/5 318/281/5
f 332/262/5 333/260/5 320/277/5
f 334/258/5 318/281/5 319/279/5
f 331/238/5 332/262/5 321/239/5
f 333/260/5 319/279/5 320/277/5
f 328/267/2597 329/265/2597 330/264/2597
f 330/264/5 331/238/5 327/267/5
f 332/262/5 320/277/5 321/239/5
f 327/267/2587 328/267/2587 330/264/2587
f 325/271/2588 326/271/2588 323/274/2588
f 326/271/5 327/267/5 322/240/5
f 323/274/5 324/272/5 325/271/5
f 322/240/2599 323/274/2599 326/271/2599
f 322/240/5 327/267/5 331/238/5
f 300/234/6 299/3471/6 342/241/6
f 342/241/2590 299/3471/2590 308/233/2590
f 299/3471/3 298/233/3 308/233/3
f 370/290/3 342/241/3 308/233/3
f 370/290/3 308/233/3 307/3472/3
f 369/288/3 370/290/3 307/3472/3
f 306/237/3 305/237/3 343/246/3
f 368/286/2590 369/288/2590 307/3472/2590
f 306/237/2589 343/246/2589 344/248/2589
f 367/284/3 368/286/3 347/255/3
f 368/286/3 307/3472/3 347/255/3
f 307/3472/3 306/237/3 345/251/3
f 306/237/3 344/248/3 345/251/3
f 366/282/3 367/284/3 348/257/3
f 365/280/3 366/282/3 349/259/3
f 367/284/3 347/255/3 348/257/3
f 307/3472/3 345/251/3 346/253/3
f 307/3472/2589 346/253/2589 347/255/2589
f 364/278/3 365/280/3 350/261/3
f 366/282/3 348/257/3 349/259/3
f 363/276/3 364/278/3 351/263/3
f 365/280/3 349/259/3 350/261/3
f 362/243/3 363/276/3 352/244/3
f 364/278/3 350/261/3 351/263/3
f 359/270/2590 360/273/2590 361/275/2590
f 361/275/3 362/243/3 358/270/3
f 363/276/3 351/263/3 352/244/3
f 358/270/3 359/270/3 361/275/3
f 356/269/3 357/269/3 354/266/3
f 357/269/3 358/270/3 353/245/3
f 354/266/2592 355/268/2592 356/269/2592
f 353/245/3 354/266/3 357/269/3
f 353/245/3 358/270/3 362/243/3
f 309/236/1 341/3474/1 343/246/1
f 343/246/2600 341/3474/2600 340/247/2600
f 339/249/79 345/251/79 344/248/80
f 338/250/10 346/253/10 345/251/8
f 337/252/11 347/255/11 346/253/12
f 336/254/13 348/257/13 347/255/11
f 335/256/14 349/259/14 348/257/13
f 334/258/16 350/261/16 349/259/14
f 333/260/81 351/263/81 350/261/16
f 332/262/18 352/244/18 351/263/81
f 331/238/19 353/245/19 352/244/18
f 330/264/20 354/266/20 353/245/19
f 329/265/82 355/268/82 354/266/22
f 328/267/14 356/269/14 355/268/14
f 357/269/4 356/269/4 328/267/4
f 326/271/2 325/271/2 359/270/2
f 359/270/33 325/271/33 324/272/33
f 360/273/83 324/272/83 323/274/84
f 361/275/27 323/274/27 322/240/28
f 362/243/28 322/240/28 321/239/29
f 363/276/29 321/239/29 320/277/30
f 364/278/30 320/277/30 319/279/32
f 365/280/32 319/279/32 318/281/33
f 366/282/33 318/281/33 317/283/34
f 367/284/34 317/283/34 316/285/35
f 368/286/35 316/285/35 315/287/36
f 369/288/37 315/287/37 314/289/38
f 370/290/91 314/289/91 313/242/92
f 2710/360/1 2711/3476/1 2712/361/1
f 2753/3572/5 2721/1810/5 2724/1810/5
f 2752/1821/5 2753/3572/5 2724/1810/5
f 2751/1823/5 2752/1821/5 2724/1810/5
f 2751/1823/5 2724/1810/5 2723/3571/5
f 2750/1824/5 2751/1823/5 2723/3571/5
f 2722/362/5 2709/362/5 2712/361/5
f 2749/1826/2587 2750/1824/2587 2723/3571/2587
f 2722/362/2587 2712/361/2587 2725/1816/2587
f 2748/1828/5 2749/1826/5 2728/1859/5
f 2749/1826/5 2723/3571/5 2728/1859/5
f 2723/3571/5 2722/362/5 2726/1863/5
f 2722/362/5 2725/1816/5 2726/1863/5
f 2747/1830/5 2748/1828/5 2729/1857/5
f 2746/1832/5 2747/1830/5 2730/1855/5
f 2748/1828/5 2728/1859/5 2729/1857/5
f 2723/3571/5 2726/1863/5 2727/1861/5
f 2723/3571/2597 2727/1861/2597 2728/1859/2597
f 2745/1834/5 2746/1832/5 2731/1853/5
f 2747/1830/5 2729/1857/5 2730/1855/5
f 2744/1836/5 2745/1834/5 2732/1851/5
f 2746/1832/5 2730/1855/5 2731/1853/5
f 2743/1812/5 2744/1836/5 2733/1813/5
f 2745/1834/5 2731/1853/5 2732/1851/5
f 2740/1841/2597 2741/1839/2597 2742/1838/2597
f 2742/1838/2588 2743/1812/2588 2739/1841/2588
f 2744/1836/5 2732/1851/5 2733/1813/5
f 2739/1841/2599 2740/1841/2599 2742/1838/2599
f 2737/1845/2588 2738/1845/2588 2735/1848/2588
f 2738/1845/5 2739/1841/5 2734/1814/5
f 2735/1848/2598 2736/1846/2598 2737/1845/2598
f 2734/1814/2599 2735/1848/2599 2738/1845/2599
f 2734/1814/5 2739/1841/5 2743/1812/5
f 2712/361/6 2711/3476/6 2754/1815/6
f 2754/1815/3 2711/3476/3 2720/360/3
f 2711/3476/3 2710/360/3 2720/360/3
f 2782/1864/3 2754/1815/3 2720/360/3
f 2782/1864/3 2720/360/3 2719/3570/3
f 2781/1862/3 2782/1864/3 2719/3570/3
f 2718/1811/3 2717/1811/3 2755/1820/3
f 2780/1860/3 2781/1862/3 2719/3570/3
f 2718/1811/2589 2755/1820/2589 2756/1822/2589
f 2779/1858/3 2780/1860/3 2759/1829/3
f 2780/1860/3 2719/3570/3 2759/1829/3
f 2719/3570/3 2718/1811/3 2757/1825/3
f 2718/1811/3 2756/1822/3 2757/1825/3
f 2778/1856/3 2779/1858/3 2760/1831/3
f 2777/1854/3 2778/1856/3 2761/1833/3
f 2779/1858/3 2759/1829/3 2760/1831/3
f 2719/3570/3 2757/1825/3 2758/1827/3
f 2719/3570/3 2758/1827/3 2759/1829/3
f 2776/1852/3 2777/1854/3 2762/1835/3
f 2778/1856/3 2760/1831/3 2761/1833/3
f 2775/1850/3 2776/1852/3 2763/1837/3
f 2777/1854/3 2761/1833/3 2762/1835/3
f 2774/1817/3 2775/1850/3 2764/1818/3
f 2776/1852/3 2762/1835/3 2763/1837/3
f 2771/1844/3 2772/1847/3 2773/1849/3
f 2773/1849/3 2774/1817/3 2770/1844/3
f 2775/1850/3 2763/1837/3 2764/1818/3
f 2770/1844/2590 2771/1844/2590 2773/1849/2590
f 2768/1843/2593 2769/1843/2593 2766/1840/2593
f 2769/1843/3 2770/1844/3 2765/1819/3
f 2766/1840/3 2767/1842/3 2768/1843/3
f 2765/1819/3 2766/1840/3 2769/1843/3
f 2765/1819/3 2770/1844/3 2774/1817/3
f 2721/1810/1 2753/3572/1 2755/1820/1
f 2755/1820/7 2753/3572/7 2752/1821/7
f 2751/1823/8 2757/1825/8 2756/1822/80
f 2750/1824/2830 2758/1827/2830 2757/1825/2831
f 2749/1826/11 2759/1829/11 2758/1827/12
f 2748/1828/13 2760/1831/13 2759/1829/754
f 2747/1830/14 2761/1833/14 2760/1831/13
f 2746/1832/16 2762/1835/16 2761/1833/14
f 2745/1834/81 2763/1837/81 2762/1835/16
f 2744/1836/18 2764/1818/18 2763/1837/81
f 2743/1812/19 2765/1819/19 2764/1818/18
f 2742/1838/20 2766/1840/20 2765/1819/19
f 2741/1839/21 2767/1842/21 2766/1840/20
f 2740/1841/756 2768/1843/756 2767/1842/756
f 2769/1843/4 2768/1843/4 2740/1841/4
f 2738/1845/2 2737/1845/2 2771/1844/2
f 2771/1844/25 2737/1845/25 2736/1846/25
f 2772/1847/26 2736/1846/26 2735/1848/84
f 2773/1849/27 2735/1848/27 2734/1814/28
f 2774/1817/28 2734/1814/28 2733/1813/2832
f 2775/1850/29 2733/1813/29 2732/1851/30
f 2776/1852/30 2732/1851/30 2731/1853/32
f 2777/1854/32 2731/1853/32 2730/1855/33
f 2778/1856/33 2730/1855/33 2729/1857/34
f 2779/1858/34 2729/1857/34 2728/1859/35
f 2780/1860/85 2728/1859/85 2727/1861/37
f 2781/1862/36 2727/1861/36 2726/1863/38
f 2782/1864/38 2726/1863/38 2725/1816/39
f 4576/360/1 4577/3476/1 4578/361/1
f 4619/3572/5 4587/1810/5 4590/1810/5
f 4618/1821/5 4619/3572/5 4590/1810/5
f 4617/1823/5 4618/1821/5 4590/1810/5
f 4617/1823/5 4590/1810/5 4589/3571/5
f 4616/1824/5 4617/1823/5 4589/3571/5
f 4588/362/5 4575/362/5 4578/361/5
f 4615/1826/5 4616/1824/5 4589/3571/5
f 4588/362/5 4578/361/5 4591/1816/5
f 4614/1828/5 4615/1826/5 4594/1859/5
f 4615/1826/5 4589/3571/5 4594/1859/5
f 4589/3571/5 4588/362/5 4592/1863/5
f 4588/362/5 4591/1816/5 4592/1863/5
f 4613/1830/5 4614/1828/5 4595/1857/5
f 4612/1832/5 4613/1830/5 4596/1855/5
f 4614/1828/5 4594/1859/5 4595/1857/5
f 4589/3571/5 4592/1863/5 4593/1861/5
f 4589/3571/5 4593/1861/5 4594/1859/5
f 4611/1834/5 4612/1832/5 4597/1853/5
f 4613/1830/5 4595/1857/5 4596/1855/5
f 4610/1836/5 4611/1834/5 4598/1851/5
f 4612/1832/5 4596/1855/5 4597/1853/5
f 4609/1812/5 4610/1836/5 4599/1813/5
f 4611/1834/5 4597/1853/5 4598/1851/5
f 4606/1841/5 4607/1839/5 4608/1838/5
f 4608/1838/5 4609/1812/5 4605/1841/5
f 4610/1836/5 4598/1851/5 4599/1813/5
f 4605/1841/5 4606/1841/5 4608/1838/5
f 4603/1845/5 4604/1845/5 4601/1848/5
f 4604/1845/5 4605/1841/5 4600/1814/5
f 4601/1848/5 4602/1846/5 4603/1845/5
f 4600/1814/5 4601/1848/5 4604/1845/5
f 4600/1814/5 4605/1841/5 4609/1812/5
f 4578/361/6 4577/3476/6 4620/1815/6
f 4620/1815/3 4577/3476/3 4586/360/3
f 4577/3476/3 4576/360/3 4586/360/3
f 4648/1864/3 4620/1815/3 4586/360/3
f 4648/1864/3 4586/360/3 4585/3570/3
f 4647/1862/3 4648/1864/3 4585/3570/3
f 4584/1811/3 4583/1811/3 4621/1820/3
f 4646/1860/3 4647/1862/3 4585/3570/3
f 4584/1811/3 4621/1820/3 4622/1822/3
f 4645/1858/3 4646/1860/3 4625/1829/3
f 4646/1860/3 4585/3570/3 4625/1829/3
f 4585/3570/3 4584/1811/3 4623/1825/3
f 4584/1811/3 4622/1822/3 4623/1825/3
f 4644/1856/3 4645/1858/3 4626/1831/3
f 4643/1854/3 4644/1856/3 4627/1833/3
f 4645/1858/3 4625/1829/3 4626/1831/3
f 4585/3570/3 4623/1825/3 4624/1827/3
f 4585/3570/3 4624/1827/3 4625/1829/3
f 4642/1852/3 4643/1854/3 4628/1835/3
f 4644/1856/3 4626/1831/3 4627/1833/3
f 4641/1850/3 4642/1852/3 4629/1837/3
f 4643/1854/3 4627/1833/3 4628/1835/3
f 4640/1817/3 4641/1850/3 4630/1818/3
f 4642/1852/3 4628/1835/3 4629/1837/3
f 4637/1844/3 4638/1847/3 4639/1849/3
f 4639/1849/3 4640/1817/3 4636/1844/3
f 4641/1850/3 4629/1837/3 4630/1818/3
f 4636/1844/3 4637/1844/3 4639/1849/3
f 4634/1843/3 4635/1843/3 4632/1840/3
f 4635/1843/3 4636/1844/3 4631/1819/3
f 4632/1840/3 4633/1842/3 4634/1843/3
f 4631/1819/3 4632/1840/3 4635/1843/3
f 4631/1819/3 4636/1844/3 4640/1817/3
f 4587/1810/1 4619/3572/1 4621/1820/1
f 4621/1820/7 4619/3572/7 4618/1821/7
f 4617/1823/8 4623/1825/8 4622/1822/80
f 4616/1824/12 4624/1827/12 4623/1825/8
f 4615/1826/754 4625/1829/754 4624/1827/10
f 4614/1828/13 4626/1831/13 4625/1829/11
f 4613/1830/14 4627/1833/14 4626/1831/13
f 4612/1832/16 4628/1835/16 4627/1833/14
f 4611/1834/81 4629/1837/81 4628/1835/16
f 4610/1836/18 4630/1818/18 4629/1837/81
f 4609/1812/19 4631/1819/19 4630/1818/18
f 4608/1838/22 4632/1840/22 4631/1819/19
f 4607/1839/82 4633/1842/82 4632/1840/20
f 4606/1841/756 4634/1843/756 4633/1842/756
f 4635/1843/4 4634/1843/4 4606/1841/4
f 4604/1845/2 4603/1845/2 4637/1844/2
f 4637/1844/25 4603/1845/25 4602/1846/25
f 4638/1847/26 4602/1846/26 4601/1848/84
f 4639/1849/27 4601/1848/27 4600/1814/28
f 4640/1817/28 4600/1814/28 4599/1813/2832
f 4641/1850/29 4599/1813/29 4598/1851/30
f 4642/1852/30 4598/1851/30 4597/1853/32
f 4643/1854/89 4597/1853/89 4596/1855/33
f 4644/1856/33 4596/1855/33 4595/1857/34
f 4645/1858/34 4595/1857/34 4594/1859/35
f 4646/1860/35 4594/1859/35 4593/1861/36
f 4647/1862/36 4593/1861/36 4592/1863/38
f 4648/1864/91 4592/1863/91 4591/1816/92
usemtl Void
f 452/355/1 445/356/1 453/357/1
f 490/382/1 487/378/1 491/379/1
f 514/396/1 511/397/1 513/398/1
f 659/497/1 648/496/1 661/498/1
f 1118/778/1 1120/780/1 1537/815/1
f 1618/1048/1 1620/1050/1 1558/1056/1
f 2024/1333/1 2016/1334/1 2025/1335/1
f 2044/1342/1 2038/1343/1 2045/1344/1
f 2281/1437/1 2283/1439/1 2267/1463/1
f 3213/2274/1 3212/2275/1 3214/2276/1
f 3977/1938/1 3979/1940/1 3973/1934/1
f 5078/2274/1 5077/2275/1 5079/2276/1
f 5842/1938/1 5844/1940/1 5838/1934/1
f 452/355/1 446/3475/1 445/356/1
f 490/382/1 488/381/1 487/378/1
f 514/396/1 512/3477/1 511/397/1
f 665/501/1 650/485/1 651/486/1
f 651/486/1 652/487/1 665/501/1
f 652/487/1 653/488/1 665/501/1
f 653/488/1 654/489/1 655/490/1
f 655/490/1 656/491/1 664/513/1
f 656/491/1 657/492/1 663/706/1
f 664/513/1 656/491/1 663/706/1
f 657/492/1 658/499/1 659/497/1
f 659/497/1 649/500/1 648/496/1
f 648/496/1 660/707/1 661/498/1
f 661/498/1 662/705/1 657/492/1
f 662/705/1 663/706/1 657/492/1
f 664/513/1 665/501/1 653/488/1
f 653/488/1 655/490/1 664/513/1
f 657/492/1 659/497/1 661/498/1
f 1120/780/1 1121/781/1 1537/815/1
f 1121/781/1 1122/782/1 1536/826/1
f 1537/815/1 1121/781/1 1536/826/1
f 1122/782/1 1123/783/1 1124/784/1
f 1124/784/1 1125/785/1 1540/807/1
f 1125/785/1 1126/786/1 1540/807/1
f 1126/786/1 1128/806/1 1540/807/1
f 1540/807/1 1535/809/1 1534/828/1
f 1534/828/1 1536/826/1 1122/782/1
f 1537/815/1 1539/804/1 1118/778/1
f 1539/804/1 1117/805/1 1118/778/1
f 1117/805/1 1116/777/1 1118/778/1
f 1118/778/1 1119/779/1 1120/780/1
f 1122/782/1 1124/784/1 1534/828/1
f 1540/807/1 1534/828/1 1124/784/1
f 1620/1050/1 1621/1051/1 1558/1056/1
f 1621/1051/1 1622/1052/1 1556/294/1
f 1558/1056/1 1621/1051/1 1556/294/1
f 1622/1052/1 1623/1053/1 1624/1054/1
f 1624/1054/1 1551/1055/1 1553/300/1
f 1551/1055/1 1550/303/1 1553/300/1
f 1550/303/1 1552/302/1 1553/300/1
f 1553/300/1 1554/297/1 1555/295/1
f 1555/295/1 1556/294/1 1622/1052/1
f 1558/1056/1 1625/1091/1 1617/1092/1
f 1617/1092/1 1616/1047/1 1558/1056/1
f 1616/1047/1 1618/1048/1 1558/1056/1
f 1618/1048/1 1619/1049/1 1620/1050/1
f 1622/1052/1 1624/1054/1 1555/295/1
f 1553/300/1 1555/295/1 1624/1054/1
f 2024/1333/1 2017/3540/1 2016/1334/1
f 2044/1342/1 2039/3541/1 2038/1343/1
f 2283/1439/1 2284/1440/1 2267/1463/1
f 2284/1440/1 2212/1441/1 2265/1462/1
f 2267/1463/1 2284/1440/1 2265/1462/1
f 2212/1441/1 2211/1346/1 2213/1347/1
f 2213/1347/1 2214/1348/1 2215/1349/1
f 2215/1349/1 2216/1350/1 2217/1351/1
f 2217/1351/1 2218/1353/1 2220/1442/1
f 2220/1442/1 2265/1462/1 2212/1441/1
f 2267/1463/1 2278/1434/1 2279/1435/1
f 2279/1435/1 2280/1436/1 2267/1463/1
f 2280/1436/1 2281/1437/1 2267/1463/1
f 2281/1437/1 2282/1438/1 2283/1439/1
f 2212/1441/1 2213/1347/1 2220/1442/1
f 2213/1347/1 2215/1349/1 2217/1351/1
f 2217/1351/1 2220/1442/1 2213/1347/1
f 3213/2274/1 3211/3577/1 3212/2275/1
f 3979/1940/1 3963/1941/1 3973/1934/1
f 3963/1941/1 3962/1924/1 3972/1933/1
f 3973/1934/1 3963/1941/1 3972/1933/1
f 3962/1924/1 3964/1925/1 3965/1926/1
f 3965/1926/1 3966/1927/1 3969/1930/1
f 3966/1927/1 3967/1928/1 3969/1930/1
f 3967/1928/1 3968/1929/1 3969/1930/1
f 3969/1930/1 3970/1931/1 3971/1932/1
f 3971/1932/1 3972/1933/1 3962/1924/1
f 3973/1934/1 3974/1935/1 3975/1936/1
f 3975/1936/1 3976/1937/1 3973/1934/1
f 3976/1937/1 3977/1938/1 3973/1934/1
f 3977/1938/1 3978/1939/1 3979/1940/1
f 3962/1924/1 3965/1926/1 3971/1932/1
f 3969/1930/1 3971/1932/1 3965/1926/1
f 5078/2274/1 5076/3577/1 5077/2275/1
f 5844/1940/1 5828/1941/1 5838/1934/1
f 5828/1941/1 5827/1924/1 5837/1933/1
f 5838/1934/1 5828/1941/1 5837/1933/1
f 5827/1924/1 5829/1925/1 5830/1926/1
f 5830/1926/1 5831/1927/1 5834/1930/1
f 5831/1927/1 5832/1928/1 5834/1930/1
f 5832/1928/1 5833/1929/1 5834/1930/1
f 5834/1930/1 5835/1931/1 5836/1932/1
f 5836/1932/1 5837/1933/1 5827/1924/1
f 5838/1934/1 5839/1935/1 5840/1936/1
f 5840/1936/1 5841/1937/1 5838/1934/1
f 5841/1937/1 5842/1938/1 5838/1934/1
f 5842/1938/1 5843/1939/1 5844/1940/1
f 5827/1924/1 5830/1926/1 5836/1932/1
f 5834/1930/1 5836/1932/1 5830/1926/1
usemtl SkimSlider_mat
f 3223/2281/1 3222/2279/1 3221/2280/1
f 5088/2281/1 5087/2279/1 5086/2280/1
f 3223/2281/1 3224/2282/1 3222/2279/1
f 5088/2281/1 5089/2282/1 5087/2279/1
usemtl FuncKey_mat
f 2802/1875/2 3218/2277/2 3215/2277/2
f 3215/2277/3 3219/2268/3 3204/2268/3
f 3219/2268/1 3217/1875/1 3220/2265/1
f 3204/2268/4 3220/2265/4 3198/2265/4
f 3198/2265/5 3217/1875/5 2802/1875/5
f 3216/2278/2 3226/1976/2 2904/1976/2
f 2905/1977/4 3228/1982/4 2910/1982/4
f 2904/1976/3 3227/1977/3 2905/1977/3
f 3227/1977/1 3225/2278/1 3228/1982/1
f 2910/1982/5 3225/2278/5 3216/2278/5
f 2903/1975/5 3231/2283/5 3229/2283/5
f 2899/1971/4 3230/1975/4 2903/1975/4
f 2898/1970/3 3232/1971/3 2899/1971/3
f 3229/2283/2 3233/1970/2 2898/1970/2
f 2897/1969/5 3236/2284/5 3234/2284/5
f 2894/1966/4 3235/1969/4 2897/1969/4
f 2893/1965/3 3237/1966/3 2894/1966/3
f 3234/2284/2 3238/1965/2 2893/1965/2
f 3237/1966/1 3236/2284/1 3235/1969/1
f 3232/1971/1 3231/2283/1 3230/1975/1
f 3987/3115/5 3991/1960/5 2888/1960/5
f 3986/3114/4 3990/3115/4 3987/3115/4
f 2887/1959/3 3992/3114/3 3986/3114/3
f 2888/1960/2 3993/1959/2 2887/1959/2
f 3992/3114/1 3991/1960/1 3990/3115/1
f 3983/3111/5 3995/1956/5 2884/1956/5
f 3982/3110/4 3994/3111/4 3983/3111/4
f 2883/1955/3 3996/3110/3 3982/3110/3
f 2884/1956/2 3997/1955/2 2883/1955/2
f 3996/3110/1 3995/1956/1 3994/3111/1
f 2879/1951/2 4085/1945/2 2873/1945/2
f 2877/1949/5 4084/1951/5 2879/1951/5
f 2874/1946/4 4086/1949/4 2877/1949/4
f 2873/1945/3 4087/1946/3 2874/1946/3
f 4087/1946/1 4084/1951/1 4086/1949/1
f 4667/1875/2 5083/2277/2 5080/2277/2
f 5080/2277/3 5084/2268/3 5069/2268/3
f 5084/2268/1 5082/1875/1 5085/2265/1
f 5069/2268/4 5085/2265/4 5063/2265/4
f 5063/2265/5 5082/1875/5 4667/1875/5
f 5081/2278/2 5091/1976/2 4769/1976/2
f 4770/1977/4 5093/1982/4 4775/1982/4
f 4769/1976/3 5092/1977/3 4770/1977/3
f 5092/1977/1 5090/2278/1 5093/1982/1
f 4775/1982/5 5090/2278/5 5081/2278/5
f 4768/1975/5 5096/2283/5 5094/2283/5
f 4764/1971/4 5095/1975/4 4768/1975/4
f 4763/1970/3 5097/1971/3 4764/1971/3
f 5094/2283/2 5098/1970/2 4763/1970/2
f 4762/1969/5 5101/2284/5 5099/2284/5
f 4759/1966/4 5100/1969/4 4762/1969/4
f 4758/1965/3 5102/1966/3 4759/1966/3
f 5099/2284/2 5103/1965/2 4758/1965/2
f 5102/1966/1 5101/2284/1 5100/1969/1
f 5097/1971/1 5096/2283/1 5095/1975/1
f 5852/3115/5 5856/1960/5 4753/1960/5
f 5851/3114/4 5855/3115/4 5852/3115/4
f 4752/1959/3 5857/3114/3 5851/3114/3
f 4753/1960/2 5858/1959/2 4752/1959/2
f 5857/3114/1 5856/1960/1 5855/3115/1
f 5848/3111/5 5860/1956/5 4749/1956/5
f 5847/3110/4 5859/3111/4 5848/3111/4
f 4748/1955/3 5861/3110/3 5847/3110/3
f 4749/1956/2 5862/1955/2 4748/1955/2
f 5861/3110/1 5860/1956/1 5859/3111/1
f 4744/1951/2 5950/1945/2 4738/1945/2
f 4742/1949/5 5949/1951/5 4744/1951/5
f 4739/1946/4 5951/1949/4 4742/1949/4
f 4738/1945/3 5952/1946/3 4739/1946/3
f 5952/1946/1 5949/1951/1 5951/1949/1
f 2802/1875/2 3217/1875/2 3218/2277/2
f 3215/2277/3 3218/2277/3 3219/2268/3
f 3219/2268/1 3218/2277/1 3217/1875/1
f 3204/2268/4 3219/2268/4 3220/2265/4
f 3198/2265/5 3220/2265/5 3217/1875/5
f 3216/2278/2 3225/2278/2 3226/1976/2
f 2905/1977/4 3227/1977/4 3228/1982/4
f 2904/1976/3 3226/1976/3 3227/1977/3
f 3227/1977/1 3226/1976/1 3225/2278/1
f 2910/1982/5 3228/1982/5 3225/2278/5
f 2903/1975/5 3230/1975/5 3231/2283/5
f 2899/1971/4 3232/1971/4 3230/1975/4
f 2898/1970/3 3233/1970/3 3232/1971/3
f 3229/2283/2 3231/2283/2 3233/1970/2
f 2897/1969/5 3235/1969/5 3236/2284/5
f 2894/1966/4 3237/1966/4 3235/1969/4
f 2893/1965/3 3238/1965/3 3237/1966/3
f 3234/2284/2 3236/2284/2 3238/1965/2
f 3237/1966/1 3238/1965/1 3236/2284/1
f 3232/1971/1 3233/1970/1 3231/2283/1
f 3987/3115/5 3990/3115/5 3991/1960/5
f 3986/3114/4 3992/3114/4 3990/3115/4
f 2887/1959/3 3993/1959/3 3992/3114/3
f 2888/1960/2 3991/1960/2 3993/1959/2
f 3992/3114/1 3993/1959/1 3991/1960/1
f 3983/3111/5 3994/3111/5 3995/1956/5
f 3982/3110/4 3996/3110/4 3994/3111/4
f 2883/1955/3 3997/1955/3 3996/3110/3
f 2884/1956/2 3995/1956/2 3997/1955/2
f 3996/3110/1 3997/1955/1 3995/1956/1
f 2879/1951/2 4084/1951/2 4085/1945/2
f 2877/1949/5 4086/1949/5 4084/1951/5
f 2874/1946/4 4087/1946/4 4086/1949/4
f 2873/1945/3 4085/1945/3 4087/1946/3
f 4087/1946/1 4085/1945/1 4084/1951/1
f 4667/1875/2 5082/1875/2 5083/2277/2
f 5080/2277/3 5083/2277/3 5084/2268/3
f 5084/2268/1 5083/2277/1 5082/1875/1
f 5069/2268/4 5084/2268/4 5085/2265/4
f 5063/2265/5 5085/2265/5 5082/1875/5
f 5081/2278/2 5090/2278/2 5091/1976/2
f 4770/1977/4 5092/1977/4 5093/1982/4
f 4769/1976/3 5091/1976/3 5092/1977/3
f 5092/1977/1 5091/1976/1 5090/2278/1
f 4775/1982/5 5093/1982/5 5090/2278/5
f 4768/1975/5 5095/1975/5 5096/2283/5
f 4764/1971/4 5097/1971/4 5095/1975/4
f 4763/1970/3 5098/1970/3 5097/1971/3
f 5094/2283/2 5096/2283/2 5098/1970/2
f 4762/1969/5 5100/1969/5 5101/2284/5
f 4759/1966/4 5102/1966/4 5100/1969/4
f 4758/1965/3 5103/1965/3 5102/1966/3
f 5099/2284/2 5101/2284/2 5103/1965/2
f 5102/1966/1 5103/1965/1 5101/2284/1
f 5097/1971/1 5098/1970/1 5096/2283/1
f 5852/3115/5 5855/3115/5 5856/1960/5
f 5851/3114/4 5857/3114/4 5855/3115/4
f 4752/1959/3 5858/1959/3 5857/3114/3
f 4753/1960/2 5856/1960/2 5858/1959/2
f 5857/3114/1 5858/1959/1 5856/1960/1
f 5848/3111/5 5859/3111/5 5860/1956/5
f 5847/3110/4 5861/3110/4 5859/3111/4
f 4748/1955/3 5862/1955/3 5861/3110/3
f 4749/1956/2 5860/1956/2 5862/1955/2
f 5861/3110/1 5862/1955/1 5860/1956/1
f 4744/1951/2 5949/1951/2 5950/1945/2
f 4742/1949/5 5951/1949/5 5949/1951/5
f 4739/1946/4 5952/1946/4 5951/1949/4
f 4738/1945/3 5950/1945/3 5952/1946/3
f 5952/1946/1 5950/1945/1 5949/1951/1
usemtl PFLButton_mat
f 524/408/5 532/414/5 530/414/5
f 525/409/4 531/408/4 524/408/4
f 526/410/3 533/409/3 525/409/3
f 530/414/2 534/410/2 526/410/2
f 533/409/1 532/414/1 531/408/1
f 542/418/5 556/431/5 554/431/5
f 543/419/4 555/418/4 542/418/4
f 544/420/3 557/419/3 543/419/3
f 554/431/2 558/420/2 544/420/2
f 557/419/1 556/431/1 555/418/1
f 1986/1313/5 1995/1318/5 1993/1318/5
f 1987/1314/4 1994/1313/4 1986/1313/4
f 1988/1315/3 1996/1314/3 1987/1314/3
f 1993/1318/2 1997/1315/2 1988/1315/2
f 1996/1314/1 1995/1318/1 1994/1313/1
f 2496/1608/5 2509/1619/5 2507/1619/5
f 2497/1609/4 2508/1608/4 2496/1608/4
f 2498/1610/3 2510/1609/3 2497/1609/3
f 2507/1619/2 2511/1610/2 2498/1610/2
f 2510/1609/1 2509/1619/1 2508/1608/1
f 524/408/5 531/408/5 532/414/5
f 525/409/4 533/409/4 531/408/4
f 526/410/3 534/410/3 533/409/3
f 530/414/2 532/414/2 534/410/2
f 533/409/1 534/410/1 532/414/1
f 542/418/5 555/418/5 556/431/5
f 543/419/4 557/419/4 555/418/4
f 544/420/3 558/420/3 557/419/3
f 554/431/2 556/431/2 558/420/2
f 557/419/1 558/420/1 556/431/1
f 1986/1313/5 1994/1313/5 1995/1318/5
f 1987/1314/4 1996/1314/4 1994/1313/4
f 1988/1315/3 1997/1315/3 1996/1314/3
f 1993/1318/2 1995/1318/2 1997/1315/2
f 1996/1314/1 1997/1315/1 1995/1318/1
f 2496/1608/5 2508/1608/5 2509/1619/5
f 2497/1609/4 2510/1609/4 2508/1608/4
f 2498/1610/3 2511/1610/3 2510/1609/3
f 2507/1619/2 2509/1619/2 2511/1610/2
f 2510/1609/1 2511/1610/1 2509/1619/1
usemtl BoothButton_mat
f 527/411/4 537/415/4 535/415/4
f 535/415/5 538/413/5 529/413/5
f 536/411/1 538/413/1 537/415/1
f 528/412/3 536/411/3 527/411/3
f 529/413/2 539/412/2 528/412/2
f 545/421/4 561/432/4 559/432/4
f 559/432/5 562/424/5 547/424/5
f 560/421/1 562/424/1 561/432/1
f 546/422/3 560/421/3 545/421/3
f 547/424/2 563/422/2 546/422/2
f 1978/1305/3 1991/1316/3 1989/1316/3
f 1989/1316/4 1998/1317/4 1992/1317/4
f 1991/1316/1 1999/1306/1 1998/1317/1
f 1979/1306/2 1990/1305/2 1978/1305/2
f 1992/1317/5 1999/1306/5 1979/1306/5
f 2499/1611/4 2514/1620/4 2512/1620/4
f 2512/1620/5 2515/1613/5 2501/1613/5
f 2513/1611/1 2515/1613/1 2514/1620/1
f 2500/1612/3 2513/1611/3 2499/1611/3
f 2501/1613/2 2516/1612/2 2500/1612/2
f 527/411/4 536/411/4 537/415/4
f 535/415/5 537/415/5 538/413/5
f 536/411/1 539/412/1 538/413/1
f 528/412/3 539/412/3 536/411/3
f 529/413/2 538/413/2 539/412/2
f 545/421/4 560/421/4 561/432/4
f 559/432/5 561/432/5 562/424/5
f 560/421/1 563/422/1 562/424/1
f 546/422/3 563/422/3 560/421/3
f 547/424/2 562/424/2 563/422/2
f 1978/1305/3 1990/1305/3 1991/1316/3
f 1989/1316/4 1991/1316/4 1998/1317/4
f 1991/1316/1 1990/1305/1 1999/1306/1
f 1979/1306/2 1999/1306/2 1990/1305/2
f 1992/1317/5 1998/1317/5 1999/1306/5
f 2499/1611/4 2513/1611/4 2514/1620/4
f 2512/1620/5 2514/1620/5 2515/1613/5
f 2513/1611/1 2516/1612/1 2515/1613/1
f 2500/1612/3 2516/1612/3 2513/1611/3
f 2501/1613/2 2515/1613/2 2516/1612/2
usemtl JogwheelSide_mat
f 4383/2615/1098 4385/2616/1100 4386/2617/1100
f 4387/2618/1099 4389/2619/1098 4390/2620/1098
f 4391/2621/1094 4393/2622/1097 4394/2623/1097
f 4396/2624/1092 4398/2625/1096 4395/2626/1092
f 4399/2627/1093 4401/2628/1092 4402/2629/1092
f 4404/2630/1126 4406/2631/1127 4403/2632/1126
f 4407/2633/1088 4409/2634/1087 4410/2635/1087
f 4411/2636/1128 4413/2637/1129 4414/2638/1129
f 4415/2639/1130 4417/2640/1085 4418/2641/1085
f 4420/2642/1084 4422/2643/1131 4419/2644/1084
f 4424/2645/1132 4426/2646/1084 4423/2647/1132
f 4428/2648/1133 4430/2649/1134 4427/2650/1133
f 4431/2651/1135 4433/2652/1081 4434/2653/1081
f 4436/2654/1136 4438/2655/1079 4435/2656/1136
f 4439/2657/1074 4441/2658/1073 4442/2659/1073
f 4444/2660/1072 4446/2661/1071 4443/2662/1072
f 4447/2663/1067 4449/2664/1069 4450/2665/1069
f 4452/2666/1068 4454/2667/1070 4451/2668/1068
f 4455/2669/1065 4457/2670/1066 4458/2671/1066
f 4459/2672/1064 4461/2673/1137 4462/2674/1137
f 4463/2675/1063 4465/2676/1064 4466/2677/1064
f 4468/2678/1061 4470/2679/1063 4467/2680/1061
f 4472/2681/1138 4474/2682/1061 4471/2683/1138
f 4476/2684/1060 4478/2685/1059 4475/2686/1060
f 4479/2687/1139 4481/2688/1140 4482/2689/1140
f 4484/2690/1057 4486/2691/1056 4483/2692/1057
f 4487/2693/1055 4489/2694/1057 4490/2695/1057
f 4492/2696/1053 4494/2697/1052 4491/2698/1053
f 4496/2699/1051 4498/2700/1050 4495/2701/1051
f 4500/2702/1049 4502/2703/1048 4499/2704/1049
f 4503/2705/1047 4505/2706/1046 4506/2707/1046
f 4507/2708/1125 4509/2709/1141 4510/2710/1141
f 4512/2711/1124 4514/2712/1125 4511/2713/1124
f 4516/2714/1123 4518/2715/1124 4515/2716/1123
f 4520/2717/1142 4522/2718/1123 4519/2719/1142
f 4524/2720/1122 4526/2721/1121 4523/2722/1122
f 4527/2723/1120 4529/2724/1119 4530/2725/1119
f 4531/2726/1118 4533/2727/1117 4534/2728/1117
f 4536/2729/1143 4538/2730/1115 4535/2731/1143
f 4539/2732/1114 4541/2733/1113 4542/2734/1113
f 4544/2735/1112 4546/2736/1111 4543/2737/1112
f 4548/2738/1110 4550/2739/1109 4547/2740/1110
f 4552/2741/1107 4554/2742/1108 4551/2743/1107
f 4555/2744/1106 4557/2745/1107 4558/2746/1107
f 4559/2747/1105 4561/2748/1106 4562/2749/1106
f 4563/2750/1104 4565/2751/1105 4566/2752/1105
f 4568/2753/1144 4570/2754/1104 4567/2755/1102
f 4572/2756/1103 4574/2757/1102 4571/2758/1103
f 3623/2759/1145 3670/2760/1146 3671/2761/1145
f 3668/2762/1147 3670/2760/1146 3669/2763/1146
f 3667/2764/1148 3672/2765/1147 3668/2762/1147
f 3667/2764/1148 3674/2766/1149 3673/2767/1148
f 3666/2768/1149 3675/2769/1150 3674/2766/1149
f 3664/2770/1151 3675/2769/1150 3665/2771/1150
f 3663/2772/1152 3676/2773/1153 3664/2770/1153
f 3663/2772/1152 3678/2774/1154 3677/2775/1152
f 3662/2776/1154 3679/2777/1155 3678/2774/1154
f 3660/2778/1156 3679/2777/1155 3661/2779/1155
f 3659/2780/1157 3680/2781/1156 3660/2778/1156
f 3659/2780/1157 3682/2782/1158 3681/2783/1157
f 3658/2784/1159 3683/2785/1160 3682/2782/1159
f 3656/2786/1161 3683/2785/1162 3657/2787/1162
f 3655/2788/1163 3684/2789/1161 3656/2786/1161
f 3655/2788/1163 3686/2790/1164 3685/2791/1163
f 3654/2792/1165 3687/2793/1166 3686/2790/1165
f 3652/2794/1167 3687/2793/1166 3653/2795/1166
f 3651/2796/1168 3688/2797/1169 3652/2794/1169
f 3651/2796/1168 3690/2798/1170 3689/2799/1168
f 3650/2800/1170 3691/2801/1171 3690/2798/1170
f 3648/2802/1172 3691/2801/1171 3649/2803/1171
f 3647/2804/1173 3692/2805/1172 3648/2802/1172
f 3647/2804/1173 3694/2806/1174 3693/2807/1173
f 3645/2808/1175 3694/2806/1176 3646/2809/1176
f 3644/2810/1177 3695/2811/1178 3645/2808/1178
f 3644/2810/1177 3697/2812/1179 3696/2813/1177
f 3642/2814/1180 3697/2812/1181 3643/2815/1179
f 3642/2814/1182 3699/2816/1183 3698/2817/1182
f 3641/2818/1183 3700/2819/1184 3699/2816/1183
f 3639/2820/1185 3700/2819/1186 3640/2821/1186
f 3639/2820/1185 3702/2822/1187 3701/2823/1185
f 3638/2824/1187 3703/2825/1188 3702/2822/1187
f 3636/2826/1189 3703/2825/1188 3637/2827/1188
f 3635/2828/1190 3704/2829/1189 3636/2826/1189
f 3635/2828/1190 3706/2830/1191 3705/2831/1190
f 3633/2832/1192 3706/2830/1193 3634/2833/1193
f 3632/2834/1194 3707/2835/1195 3633/2832/1195
f 3632/2834/1194 3709/2836/1196 3708/2837/1194
f 3630/2838/1197 3709/2836/1196 3631/2839/1196
f 3630/2838/1198 3711/2840/1199 3710/2841/1198
f 3629/2842/1199 3712/2843/1200 3711/2840/1199
f 3627/2844/1201 3712/2843/1202 3628/2845/1202
f 3627/2844/1201 3714/2846/1203 3713/2847/1201
f 3626/2848/1203 3715/2849/1204 3714/2846/1203
f 3624/2850/1205 3715/2849/1204 3625/2851/1204
f 3622/2852/1206 3716/2853/1205 3624/2850/1205
f 3622/2852/1206 3671/2761/1207 3717/2854/1206
f 3595/3393/1629 4383/2615/1630 3622/2852/1631
f 3597/2592/1632 4384/3394/1633 3595/3393/1634
f 3597/2592/1635 4386/2617/1636 4385/2616/1637
f 3623/2759/1638 4383/2615/1639 4386/2617/1640
f 3593/2589/1641 4387/2618/1642 3624/2850/1643
f 3593/2589/1644 4389/2619/1645 4388/3395/1646
f 3595/3393/1647 4390/2620/1648 4389/2619/1649
f 3624/2850/1650 4390/2620/1651 3622/2852/1652
f 3591/2587/1653 4391/2621/1654 3625/2851/1655
f 3593/2589/1656 4392/3396/1657 3591/2587/1658
f 3593/2589/1659 4394/2623/1660 4393/2622/1661
f 3625/2851/1662 4394/2623/1663 3624/2850/1664
f 3589/3397/1665 4395/2626/1666 3626/2848/1667
f 3589/3397/1668 4397/3398/1669 4396/2624/1670
f 3591/2587/1671 4398/2625/1672 4397/3398/1673
f 3625/2851/1674 4395/2626/1675 4398/2625/1676
f 3587/2584/1677 4399/2627/1678 3627/2844/1679
f 3587/2584/1680 4401/2628/1681 4400/3399/1682
f 3589/3397/1683 4402/2629/1684 4401/2628/1685
f 3626/2848/1686 4399/2627/1687 4402/2629/1688
f 3585/2582/1689 4403/2632/1690 3628/2845/1691
f 3585/2582/1692 4405/3400/1693 4404/2630/1694
f 3587/2584/1695 4406/2631/1696 4405/3400/1697
f 3628/2845/1698 4406/2631/1699 3627/2844/1700
f 3583/2580/1701 4407/2633/1702 3629/2842/1703
f 3585/2582/1704 4408/3401/1705 3583/2580/1706
f 3585/2582/1707 4410/2635/1708 4409/2634/1709
f 3629/2842/1710 4410/2635/1711 3628/2845/1712
f 3581/2578/1713 4411/2636/1714 3630/2838/1715
f 3583/2580/1716 4412/3402/1717 3581/2578/1718
f 3583/2580/1719 4414/2638/1720 4413/2637/1721
f 3630/2838/1722 4414/2638/1723 3629/2842/1724
f 3579/2576/1725 4415/2639/1726 3631/2839/1727
f 3581/2578/1728 4416/3403/1729 3579/2576/1730
f 3581/2578/1731 4418/2641/1732 4417/2640/1733
f 3631/2839/1734 4418/2641/1735 3630/2838/1736
f 3577/3404/1737 4419/2644/1738 3632/2834/1739
f 3577/3404/1740 4421/3405/1741 4420/2642/1742
f 3579/2576/1743 4422/2643/1744 4421/3405/1745
f 3631/2839/1746 4419/2644/1747 4422/2643/1748
f 3575/2575/1749 4423/2647/1750 3633/2832/1751
f 3575/2575/1752 4425/3406/1753 4424/2645/1754
f 3577/3404/1755 4426/2646/1756 4425/3406/1757
f 3633/2832/1758 4426/2646/1759 3632/2834/1760
f 3573/2573/1761 4427/2650/1762 3634/2833/1763
f 3573/2573/1764 4429/3407/1765 4428/2648/1766
f 3575/2575/1767 4430/2649/1768 4429/3407/1769
f 3633/2832/1770 4427/2650/1771 4430/2649/1772
f 3571/2569/1773 4431/2651/1774 3635/2828/1775
f 3571/2569/1776 4433/2652/1777 4432/3408/1778
f 3573/2573/1779 4434/2653/1780 4433/2652/1781
f 3634/2833/1782 4431/2651/1783 4434/2653/1784
f 3569/2567/1785 4435/2656/1786 3636/2826/1787
f 3569/2567/1788 4437/3409/1789 4436/2654/1790
f 3571/2569/1791 4438/2655/1792 4437/3409/1793
f 3636/2826/1794 4438/2655/1795 3635/2828/1796
f 3567/3410/1797 4439/2657/1798 3637/2827/1799
f 3567/3410/1800 4441/2658/1801 4440/3411/1802
f 3569/2567/1803 4442/2659/1804 4441/2658/1805
f 3637/2827/1806 4442/2659/1807 3636/2826/1808
f 3565/2566/1809 4443/2662/1810 3638/2824/1811
f 3567/3410/1812 4444/2660/1813 3565/2566/1814
f 3567/3410/1815 4446/2661/1816 4445/3412/1817
f 3637/2827/1818 4443/2662/1819 4446/2661/1820
f 3563/2562/1821 4447/2663/1822 3639/2820/1823
f 3563/2562/1824 4449/2664/1825 4448/3413/1826
f 3565/2566/1827 4450/2665/1828 4449/2664/1829
f 3639/2820/1830 4450/2665/1831 3638/2824/1832
f 3561/2560/1833 4451/2668/1834 3640/2821/1835
f 3563/2562/1836 4452/2666/1837 3561/2560/1838
f 3563/2562/1839 4454/2667/1840 4453/3414/1841
f 3640/2821/1842 4454/2667/1843 3639/2820/1844
f 3559/2558/1845 4455/2669/1846 3641/2818/1847
f 3561/2560/1848 4456/3415/1849 3559/2558/1850
f 3561/2560/1851 4458/2671/1852 4457/2670/1853
f 3641/2818/1854 4458/2671/1855 3640/2821/1856
f 3557/3416/1857 4459/2672/1858 3642/2814/1859
f 3557/3416/1860 4461/2673/1861 4460/3417/1862
f 3559/2558/1863 4462/2674/1864 4461/2673/1865
f 3641/2818/1866 4459/2672/1867 4462/2674/1868
f 3555/2557/1869 4463/2675/1870 3643/2815/1871
f 3557/3416/1872 4464/3418/1873 3555/2557/1874
f 3557/3416/1875 4466/2677/1876 4465/2676/1877
f 3643/2815/1878 4466/2677/1879 3642/2814/1880
f 3553/2555/1881 4467/2680/1882 3644/2810/1883
f 3553/2555/1884 4469/3419/1885 4468/2678/1886
f 3555/2557/1887 4470/2679/1888 4469/3419/1889
f 3643/2815/1890 4467/2680/1891 4470/2679/1892
f 3551/2553/1893 4471/2683/1894 3645/2808/1895
f 3551/2553/1896 4473/3420/1897 4472/2681/1898
f 3553/2555/1899 4474/2682/1900 4473/3420/1901
f 3645/2808/1902 4474/2682/1903 3644/2810/1904
f 3549/2551/1905 4475/2686/1906 3646/2809/1907
f 3551/2553/1908 4476/2684/1909 3549/2551/1910
f 3551/2553/1911 4478/2685/1912 4477/3421/1913
f 3645/2808/1914 4475/2686/1915 4478/2685/1916
f 3547/2549/1917 4479/2687/1918 3647/2804/1919
f 3547/2549/1920 4481/2688/1921 4480/3422/1922
f 3549/2551/1923 4482/2689/1924 4481/2688/1925
f 3646/2809/1926 4479/2687/1927 4482/2689/1928
f 3545/2547/1929 4483/2692/1930 3648/2802/1931
f 3547/2549/1932 4484/2690/1933 3545/2547/1934
f 3547/2549/1935 4486/2691/1936 4485/3423/1937
f 3647/2804/1938 4483/2692/1939 4486/2691/1940
f 3543/2545/1941 4487/2693/1942 3649/2803/1943
f 3543/2545/1944 4489/2694/1945 4488/3424/1946
f 3545/2547/1947 4490/2695/1948 4489/2694/1949
f 3648/2802/1950 4487/2693/1951 4490/2695/1952
f 3542/2543/1953 4491/2698/1954 3650/2800/1955
f 3542/2543/1956 4493/3425/1957 4492/2696/1958
f 3543/2545/1959 4494/2697/1960 4493/3425/1961
f 3649/2803/1962 4491/2698/1963 4494/2697/1964
f 3541/3426/1965 4495/2701/1966 3651/2796/1967
f 3542/2543/1968 4496/2699/1969 3541/3426/1970
f 3542/2543/1971 4498/2700/1972 4497/3427/1973
f 3650/2800/1974 4495/2701/1975 4498/2700/1976
f 3539/2542/1977 4499/2704/1978 3652/2794/1979
f 3539/2542/1980 4501/3428/1981 4500/2702/1982
f 3541/3426/1983 4502/2703/1984 4501/3428/1985
f 3652/2794/1986 4502/2703/1987 3651/2796/1988
f 3540/2614/1989 4503/2705/1990 3653/2795/1991
f 3539/2542/1992 4504/3429/1993 3540/2614/1994
f 3539/2542/1995 4506/2707/1996 4505/2706/1997
f 3653/2795/1998 4506/2707/1999 3652/2794/2000
f 3621/3430/2001 4507/2708/2002 3654/2792/2003
f 3540/2614/2004 4508/3431/2005 3621/3430/2006
f 3540/2614/2007 4510/2710/2008 4509/2709/2009
f 3653/2795/2010 4507/2708/2011 4510/2710/2012
f 3620/2613/2013 4511/2713/2014 3655/2788/2015
f 3620/2613/2016 4513/3432/2017 4512/2711/2018
f 3621/3430/2019 4514/2712/2020 4513/3432/2021
f 3654/2792/2022 4511/2713/2023 4514/2712/2024
f 3619/2612/2025 4515/2716/2026 3656/2786/2027
f 3620/2613/2028 4516/2714/2029 3619/2612/2030
f 3620/2613/2031 4518/2715/2032 4517/3433/2033
f 3656/2786/2034 4518/2715/2035 3655/2788/2036
f 3618/2611/2037 4519/2719/2038 3657/2787/2039
f 3618/2611/2040 4521/3434/2041 4520/2717/2042
f 3619/2612/2043 4522/2718/2044 4521/3434/2045
f 3656/2786/2046 4519/2719/2047 4522/2718/2048
f 3617/2610/2049 4523/2722/2050 3658/2784/2051
f 3618/2611/2052 4524/2720/2053 3617/2610/2054
f 3618/2611/2055 4526/2721/2056 4525/3435/2057
f 3657/2787/2058 4523/2722/2059 4526/2721/2060
f 3616/2609/2061 4527/2723/2062 3659/2780/2063
f 3617/2610/2064 4528/3436/2065 3616/2609/2066
f 3617/2610/2067 4530/2725/2068 4529/2724/2069
f 3659/2780/2070 4530/2725/2071 3658/2784/2072
f 3615/3437/2073 4531/2726/2074 3660/2778/2075
f 3616/2609/2076 4532/3438/2077 3615/3437/2078
f 3616/2609/2079 4534/2728/2080 4533/2727/2081
f 3660/2778/2082 4534/2728/2083 3659/2780/2084
f 3614/2608/2085 4535/2731/2086 3661/2779/2087
f 3615/3437/2088 4536/2729/2089 3614/2608/2090
f 3615/3437/2091 4538/2730/2092 4537/3439/2093
f 3661/2779/2094 4538/2730/2095 3660/2778/2096
f 3613/2606/2097 4539/2732/2098 3662/2776/2099
f 3613/2606/2100 4541/2733/2101 4540/3440/2102
f 3614/2608/2103 4542/2734/2104 4541/2733/2105
f 3661/2779/2106 4539/2732/2107 4542/2734/2108
f 3611/3441/2109 4543/2737/2110 3663/2772/2111
f 3611/3441/2112 4545/3442/2113 4544/2735/2114
f 3613/2606/2115 4546/2736/2116 4545/3442/2117
f 3662/2776/2118 4543/2737/2119 4546/2736/2120
f 3609/2603/2121 4547/2740/2122 3664/2770/2123
f 3611/3441/2124 4548/2738/2125 3609/2603/2126
f 3611/3441/2127 4550/2739/2128 4549/3443/2129
f 3664/2770/2130 4550/2739/2131 3663/2772/2132
f 3607/2601/2133 4551/2743/2134 3665/2771/2135
f 3609/2603/2136 4552/2741/2137 3607/2601/2138
f 3609/2603/2139 4554/2742/2140 4553/3444/2141
f 3665/2771/2142 4554/2742/2143 3664/2770/2144
f 3605/2599/2145 4555/2744/2146 3666/2768/2147
f 3607/2601/2148 4556/3445/2149 3605/2599/2150
f 3607/2601/2151 4558/2746/2152 4557/2745/2153
f 3666/2768/2154 4558/2746/2155 3665/2771/2156
f 3603/2597/2157 4559/2747/2158 3667/2764/2159
f 3603/2597/2160 4561/2748/2161 4560/3446/2162
f 3605/2599/2163 4562/2749/2164 4561/2748/2165
f 3666/2768/2166 4559/2747/2167 4562/2749/2168
f 3601/3447/2169 4563/2750/2170 3668/2762/2171
f 3603/2597/2172 4564/3448/2173 3601/3447/2174
f 3603/2597/2175 4566/2752/2176 4565/2751/2177
f 3667/2764/2178 4563/2750/2179 4566/2752/2180
f 3599/2596/2181 4567/2755/2182 3669/2763/2183
f 3599/2596/2184 4569/3449/2185 4568/2753/2186
f 3601/3447/2187 4570/2754/2188 4569/3449/2189
f 3669/2763/2190 4570/2754/2191 3668/2762/2192
f 3597/2592/2193 4571/2758/2194 3623/2759/2195
f 3597/2592/2196 4573/3450/2197 4572/2756/2198
f 3599/2596/2199 4574/2757/2200 4573/3450/2201
f 3669/2763/2202 4571/2758/2203 4574/2757/2204
f 6246/2615/1101 6248/2616/1100 6249/2617/1100
f 6250/2618/1099 6252/2619/1098 6253/2620/1098
f 6254/2621/1094 6256/2622/1097 6257/2623/1097
f 6259/2624/1092 6261/2625/1096 6258/2626/1092
f 6262/2627/1093 6264/2628/1092 6265/2629/1092
f 6267/2630/1126 6269/2631/1127 6266/2632/1126
f 6270/2633/1088 6272/2634/1087 6273/2635/1087
f 6274/2636/1085 6276/2637/1129 6277/2638/1129
f 6278/2639/1130 6280/2640/1085 6281/2641/1085
f 6283/2642/1084 6285/2643/1131 6282/2644/1084
f 6287/2645/1132 6289/2646/1084 6286/2647/1132
f 6291/2648/1133 6293/2649/1134 6290/2650/1133
f 6294/2651/1135 6296/2652/1081 6297/2653/1081
f 6299/2654/1136 6301/2655/1079 6298/2656/1136
f 6302/2657/1074 6304/2658/1073 6305/2659/1073
f 6307/2660/1072 6309/2661/1071 6306/2662/1072
f 6310/2663/1067 6312/2664/1069 6313/2665/1069
f 6315/2666/1068 6317/2667/1070 6314/2668/1068
f 6318/2669/1065 6320/2670/1066 6321/2671/1066
f 6322/2672/1064 6324/2673/1137 6325/2674/1137
f 6326/2675/2259 6328/2676/1064 6329/2677/1064
f 6331/2678/1061 6333/2679/2260 6330/2680/1061
f 6335/2681/1138 6337/2682/1061 6334/2683/1138
f 6339/2684/1060 6341/2685/1059 6338/2686/1060
f 6342/2687/1139 6344/2688/1058 6345/2689/1140
f 6347/2690/1057 6349/2691/1056 6346/2692/1057
f 6350/2693/1055 6352/2694/1057 6353/2695/1057
f 6355/2696/1053 6357/2697/1052 6354/2698/1053
f 6359/2699/1051 6361/2700/1050 6358/2701/1051
f 6362/2704/1049 6364/3428/1048 6365/2703/1048
f 6366/2705/1047 6368/2706/1046 6369/2707/1046
f 6371/3431/1125 6373/2710/1141 6370/2708/1125
f 6375/2711/1124 6377/2712/1125 6374/2713/1124
f 6379/2714/1123 6381/2715/1124 6378/2716/1123
f 6383/2717/1142 6385/2718/1123 6382/2719/1142
f 6387/2720/1122 6389/2721/1121 6386/2722/1122
f 6390/2723/1117 6392/2724/1119 6393/2725/1119
f 6394/2726/1118 6396/2727/1117 6397/2728/1117
f 6398/2731/1143 6400/3439/1115 6401/2730/1115
f 6402/2732/1114 6404/2733/1113 6405/2734/1113
f 6407/2735/1112 6409/2736/1111 6406/2737/1112
f 6411/2738/1110 6413/2739/1109 6410/2740/1110
f 6414/2743/1107 6416/3444/1108 6417/2742/1108
f 6418/2744/1106 6420/2745/1107 6421/2746/1107
f 6422/2747/1105 6424/2748/1106 6425/2749/1106
f 6426/2750/1104 6428/2751/1105 6429/2752/1105
f 6431/2753/1102 6433/2754/1104 6430/2755/1102
f 6435/2756/1103 6437/2757/1102 6434/2758/1103
f 5488/2759/1145 5535/2760/1146 5536/2761/1145
f 5533/2762/1147 5535/2760/1146 5534/2763/1146
f 5532/2764/1148 5537/2765/1147 5533/2762/1147
f 5532/2764/1148 5539/2766/1149 5538/2767/1148
f 5531/2768/1149 5540/2769/1150 5539/2766/1149
f 5529/2770/1151 5540/2769/1150 5530/2771/1150
f 5528/2772/1152 5541/2773/1153 5529/2770/1153
f 5528/2772/1152 5543/2774/1154 5542/2775/1152
f 5527/2776/1154 5544/2777/1155 5543/2774/1154
f 5525/2778/1156 5544/2777/1155 5526/2779/1155
f 5524/2780/1157 5545/2781/1156 5525/2778/1156
f 5524/2780/1157 5547/2782/1158 5546/2783/1157
f 5523/2784/1159 5548/2785/1160 5547/2782/1159
f 5521/2786/1161 5548/2785/1162 5522/2787/1162
f 5520/2788/1163 5549/2789/1161 5521/2786/1161
f 5520/2788/1163 5551/2790/1164 5550/2791/1163
f 5519/2792/1165 5552/2793/1166 5551/2790/1165
f 5517/2794/1167 5552/2793/1166 5518/2795/1166
f 5516/2796/1168 5553/2797/1169 5517/2794/1169
f 5516/2796/1168 5555/2798/1170 5554/2799/1168
f 5515/2800/1170 5556/2801/1171 5555/2798/1170
f 5513/2802/1172 5556/2801/1171 5514/2803/1171
f 5512/2804/1173 5557/2805/1172 5513/2802/1172
f 5512/2804/1173 5559/2806/2261 5558/2807/1173
f 5510/2808/1175 5559/2806/1176 5511/2809/1176
f 5509/2810/1177 5560/2811/1178 5510/2808/1178
f 5509/2810/1177 5562/2812/1179 5561/2813/1177
f 5507/2814/1180 5562/2812/1179 5508/2815/1179
f 5507/2814/1182 5564/2816/1183 5563/2817/1182
f 5506/2818/1183 5565/2819/1184 5564/2816/1183
f 5504/2820/1185 5565/2819/1186 5505/2821/1186
f 5504/2820/1185 5567/2822/1187 5566/2823/1185
f 5503/2824/1187 5568/2825/1188 5567/2822/1187
f 5501/2826/1189 5568/2825/1188 5502/2827/1188
f 5500/2828/1190 5569/2829/1189 5501/2826/1189
f 5500/2828/1190 5571/2830/1191 5570/2831/1190
f 5498/2832/1192 5571/2830/1193 5499/2833/1193
f 5497/2834/1194 5572/2835/1195 5498/2832/1195
f 5497/2834/1194 5574/2836/1196 5573/2837/1194
f 5495/2838/1197 5574/2836/1196 5496/2839/1196
f 5495/2838/1198 5576/2840/1199 5575/2841/1198
f 5494/2842/1199 5577/2843/1200 5576/2840/1199
f 5492/2844/1201 5577/2843/1202 5493/2845/1202
f 5492/2844/1201 5579/2846/1203 5578/2847/1201
f 5491/2848/1203 5580/2849/1204 5579/2846/1203
f 5489/2850/1205 5580/2849/1204 5490/2851/1204
f 5487/2852/1206 5581/2853/1205 5489/2850/1205
f 5487/2852/1206 5536/2761/1207 5582/2854/1206
f 5460/3393/1629 6246/2615/2384 5487/2852/2385
f 5462/2592/1632 6247/3394/2386 5460/3393/1634
f 5462/2592/1635 6249/2617/2387 6248/2616/1637
f 5488/2759/1638 6246/2615/1639 6249/2617/1640
f 5458/2589/1641 6250/2618/2388 5489/2850/2389
f 5460/3393/2390 6251/3395/2391 5458/2589/1644
f 5460/3393/1647 6253/2620/1648 6252/2619/2392
f 5489/2850/2393 6253/2620/2394 5487/2852/1652
f 5456/2587/2395 6254/2621/1654 5490/2851/2396
f 5458/2589/2397 6255/3396/1657 5456/2587/1658
f 5458/2589/2398 6257/2623/1660 6256/2622/1661
f 5490/2851/1662 6257/2623/1663 5489/2850/1664
f 5454/3397/2399 6258/2626/1666 5491/2848/1667
f 5454/3397/1668 6260/3398/2400 6259/2624/1670
f 5456/2587/1671 6261/2625/1672 6260/3398/1673
f 5490/2851/1674 6258/2626/1675 6261/2625/1676
f 5452/2584/1677 6262/2627/1678 5492/2844/1679
f 5452/2584/1680 6264/2628/2401 6263/3399/1682
f 5454/3397/1683 6265/2629/1684 6264/2628/1685
f 5491/2848/1686 6262/2627/1687 6265/2629/1688
f 5450/2582/1689 6266/2632/2402 5493/2845/1691
f 5452/2584/2403 6267/2630/2404 5450/2582/2405
f 5452/2584/1695 6269/2631/2406 6268/3400/2407
f 5493/2845/1698 6269/2631/1699 5492/2844/1700
f 5448/2580/1701 6270/2633/1702 5494/2842/1703
f 5450/2582/1704 6271/3401/2408 5448/2580/1706
f 5450/2582/1707 6273/2635/2409 6272/2634/2410
f 5494/2842/1710 6273/2635/1711 5493/2845/2411
f 5446/2578/2412 6274/2636/2413 5495/2838/1715
f 5448/2580/1716 6275/3402/1717 5446/2578/2414
f 5448/2580/1719 6277/2638/1720 6276/2637/2415
f 5495/2838/1722 6277/2638/1723 5494/2842/1724
f 5444/2576/1725 6278/2639/1726 5496/2839/1727
f 5446/2578/1728 6279/3403/1729 5444/2576/1730
f 5446/2578/2416 6281/2641/1732 6280/2640/2417
f 5496/2839/1734 6281/2641/1735 5495/2838/2418
f 5442/3404/1737 6282/2644/1738 5497/2834/2419
f 5442/3404/1740 6284/3405/1741 6283/2642/1742
f 5444/2576/1743 6285/2643/1744 6284/3405/1745
f 5496/2839/2420 6282/2644/1747 6285/2643/1748
f 5440/2575/1749 6286/2647/1750 5498/2832/1751
f 5442/3404/2421 6287/2645/2422 5440/2575/2423
f 5442/3404/1755 6289/2646/2424 6288/3406/2425
f 5498/2832/2426 6289/2646/1759 5497/2834/1760
f 5438/2573/1761 6290/2650/1762 5499/2833/1763
f 5438/2573/2427 6292/3407/2428 6291/2648/2429
f 5440/2575/1767 6293/2649/1768 6292/3407/1769
f 5498/2832/1770 6290/2650/1771 6293/2649/1772
f 5436/2569/1773 6294/2651/2430 5500/2828/2431
f 5436/2569/2432 6296/2652/2433 6295/3408/2434
f 5438/2573/2435 6297/2653/2436 6296/2652/1781
f 5499/2833/1782 6294/2651/1783 6297/2653/1784
f 5434/2567/2437 6298/2656/1786 5501/2826/1787
f 5436/2569/2438 6299/2654/2439 5434/2567/2440
f 5436/2569/1791 6301/2655/2441 6300/3409/2442
f 5501/2826/1794 6301/2655/2443 5500/2828/1796
f 5432/3410/2444 6302/2657/2445 5502/2827/1799
f 5434/2567/2446 6303/3411/2447 5432/3410/2448
f 5434/2567/1803 6305/2659/1804 6304/2658/2449
f 5502/2827/1806 6305/2659/1807 5501/2826/2450
f 5430/2566/2451 6306/2662/1810 5503/2824/1811
f 5432/3410/2452 6307/2660/2453 5430/2566/1814
f 5432/3410/2454 6309/2661/1816 6308/3412/1817
f 5502/2827/1818 6306/2662/1819 6309/2661/1820
f 5428/2562/1821 6310/2663/2455 5504/2820/2456
f 5428/2562/1824 6312/2664/1825 6311/3413/2457
f 5430/2566/1827 6313/2665/1828 6312/2664/2458
f 5503/2824/1832 6310/2663/2459 6313/2665/1831
f 5426/2560/2460 6314/2668/2461 5505/2821/1835
f 5426/2560/1838 6316/3414/2462 6315/2666/2463
f 5428/2562/1839 6317/2667/2464 6316/3414/2465
f 5505/2821/2466 6317/2667/1843 5504/2820/1844
f 5424/2558/1845 6318/2669/1846 5506/2818/2467
f 5426/2560/1848 6319/3415/1849 5424/2558/1850
f 5426/2560/1851 6321/2671/2468 6320/2670/2469
f 5506/2818/1854 6321/2671/1855 5505/2821/1856
f 5422/3416/1857 6322/2672/2470 5507/2814/1859
f 5422/3416/2471 6324/2673/1861 6323/3417/1862
f 5424/2558/1863 6325/2674/2472 6324/2673/2473
f 5506/2818/1866 6322/2672/2474 6325/2674/1868
f 5420/2557/2475 6326/2675/2476 5508/2815/1871
f 5422/3416/1872 6327/3418/1873 5420/2557/2477
f 5422/3416/2478 6329/2677/1876 6328/2676/1877
f 5508/2815/1878 6329/2677/1879 5507/2814/1880
f 5418/2555/1881 6330/2680/2479 5509/2810/2480
f 5418/2555/1884 6332/3419/1885 6331/2678/1886
f 5420/2557/1887 6333/2679/1888 6332/3419/1889
f 5508/2815/2481 6330/2680/1891 6333/2679/1892
f 5416/2553/1893 6334/2683/1894 5510/2808/1895
f 5416/2553/2482 6336/3420/1897 6335/2681/2483
f 5418/2555/1899 6337/2682/2484 6336/3420/1901
f 5510/2808/2485 6337/2682/1903 5509/2810/1904
f 5414/2551/1905 6338/2686/1906 5511/2809/1907
f 5414/2551/1910 6340/3421/2486 6339/2684/1909
f 5416/2553/1911 6341/2685/2487 6340/3421/2488
f 5510/2808/1914 6338/2686/1915 6341/2685/1916
f 5412/2549/1917 6342/2687/1918 5512/2804/1919
f 5412/2549/1920 6344/2688/1921 6343/3422/1922
f 5414/2551/1923 6345/2689/2489 6344/2688/2490
f 5511/2809/2491 6342/2687/1927 6345/2689/1928
f 5410/2547/1929 6346/2692/1930 5513/2802/1931
f 5412/2549/1932 6347/2690/2492 5410/2547/2493
f 5412/2549/1935 6349/2691/1936 6348/3423/1937
f 5513/2802/2494 6349/2691/1940 5512/2804/1938
f 5408/2545/1941 6350/2693/1942 5514/2803/1943
f 5408/2545/1944 6352/2694/2495 6351/3424/1946
f 5410/2547/2496 6353/2695/1948 6352/2694/2497
f 5514/2803/2498 6353/2695/1952 5513/2802/1950
f 5407/2543/1953 6354/2698/1954 5515/2800/2499
f 5407/2543/1956 6356/3425/1957 6355/2696/1958
f 5408/2545/1959 6357/2697/1960 6356/3425/2500
f 5514/2803/1962 6354/2698/1963 6357/2697/1964
f 5406/3426/1965 6358/2701/1966 5516/2796/1967
f 5407/2543/1968 6359/2699/2501 5406/3426/1970
f 5407/2543/2502 6361/2700/1972 6360/3427/2503
f 5515/2800/1974 6358/2701/1975 6361/2700/1976
f 5404/2542/1977 6362/2704/1978 5517/2794/1979
f 5404/2542/2504 6364/3428/2505 6363/2702/1982
f 5406/3426/2506 6365/2703/2507 6364/3428/2508
f 5517/2794/1986 6365/2703/1987 5516/2796/1988
f 5405/2614/1989 6366/2705/1990 5518/2795/1991
f 5405/2614/2509 6368/2706/2510 6367/3429/1993
f 5404/2542/2511 6369/2707/2512 6368/2706/2513
f 5518/2795/1998 6369/2707/1999 5517/2794/2000
f 5486/3430/2001 6370/2708/2002 5519/2792/2514
f 5486/3430/2515 6372/2709/2516 6371/3431/2005
f 5405/2614/2517 6373/2710/2518 6372/2709/2519
f 5518/2795/2010 6370/2708/2011 6373/2710/2012
f 5485/2613/2013 6374/2713/2014 5520/2788/2015
f 5485/2613/2016 6376/3432/2520 6375/2711/2521
f 5486/3430/2019 6377/2712/2020 6376/3432/2021
f 5519/2792/2022 6374/2713/2023 6377/2712/2024
f 5484/2612/2522 6378/2716/2026 5521/2786/2523
f 5484/2612/2030 6380/3433/2524 6379/2714/2525
f 5485/2613/2031 6381/2715/2032 6380/3433/2033
f 5521/2786/2034 6381/2715/2035 5520/2788/2036
f 5483/2611/2037 6382/2719/2038 5522/2787/2039
f 5483/2611/2526 6384/3434/2041 6383/2717/2042
f 5484/2612/2043 6385/2718/2044 6384/3434/2045
f 5522/2787/2527 6385/2718/2048 5521/2786/2046
f 5482/2610/2049 6386/2722/2528 5523/2784/2051
f 5482/2610/2054 6388/3435/2529 6387/2720/2053
f 5483/2611/2055 6389/2721/2530 6388/3435/2531
f 5522/2787/2058 6386/2722/2059 6389/2721/2060
f 5481/2609/2532 6390/2723/2062 5524/2780/2533
f 5482/2610/2064 6391/3436/2065 5481/2609/2534
f 5482/2610/2067 6393/2725/2068 6392/2724/2069
f 5523/2784/2072 6390/2723/2535 6393/2725/2071
f 5480/3437/2536 6394/2726/2074 5525/2778/2537
f 5481/2609/2076 6395/3438/2538 5480/3437/2078
f 5481/2609/2539 6397/2728/2540 6396/2727/2081
f 5525/2778/2082 6397/2728/2083 5524/2780/2084
f 5479/2608/2541 6398/2731/2542 5526/2779/2543
f 5480/3437/2088 6399/2729/2089 5479/2608/2090
f 5480/3437/2091 6401/2730/2092 6400/3439/2093
f 5526/2779/2094 6401/2730/2095 5525/2778/2096
f 5478/2606/2544 6402/2732/2545 5527/2776/2099
f 5478/2606/2100 6404/2733/2101 6403/3440/2102
f 5479/2608/2546 6405/2734/2104 6404/2733/2547
f 5526/2779/2548 6402/2732/2107 6405/2734/2549
f 5476/3441/2109 6406/2737/2110 5528/2772/2111
f 5476/3441/2112 6408/3442/2113 6407/2735/2114
f 5478/2606/2115 6409/2736/2116 6408/3442/2117
f 5527/2776/2118 6406/2737/2119 6409/2736/2120
f 5474/2603/2121 6410/2740/2122 5529/2770/2123
f 5474/2603/2126 6412/3443/2550 6411/2738/2125
f 5476/3441/2551 6413/2739/2128 6412/3443/2129
f 5529/2770/2130 6413/2739/2131 5528/2772/2132
f 5472/2601/2552 6414/2743/2553 5530/2771/2554
f 5472/2601/2555 6416/3444/2556 6415/2741/2137
f 5474/2603/2557 6417/2742/2558 6416/3444/2559
f 5530/2771/2142 6417/2742/2143 5529/2770/2144
f 5470/2599/2145 6418/2744/2146 5531/2768/2147
f 5472/2601/2148 6419/3445/2149 5470/2599/2560
f 5472/2601/2561 6421/2746/2562 6420/2745/2563
f 5531/2768/2154 6421/2746/2155 5530/2771/2156
f 5468/2597/2157 6422/2747/2564 5532/2764/2565
f 5470/2599/2566 6423/3446/2162 5468/2597/2567
f 5470/2599/2568 6425/2749/2164 6424/2748/2165
f 5532/2764/2569 6425/2749/2570 5531/2768/2166
f 5466/3447/2169 6426/2750/2170 5533/2762/2571
f 5468/2597/2172 6427/3448/2173 5466/3447/2174
f 5468/2597/2175 6429/2752/2176 6428/2751/2572
f 5533/2762/2573 6429/2752/2180 5532/2764/2178
f 5464/2596/2181 6430/2755/2574 5534/2763/2575
f 5464/2596/2576 6432/3449/2577 6431/2753/2186
f 5466/3447/2578 6433/2754/2188 6432/3449/2579
f 5534/2763/2580 6433/2754/2191 5533/2762/2192
f 5462/2592/2581 6434/2758/2582 5488/2759/2583
f 5464/2596/2584 6435/2756/2198 5462/2592/2196
f 5464/2596/2199 6437/2757/2585 6436/3450/2586
f 5534/2763/2202 6434/2758/2203 6437/2757/2204
f 4383/2615/1101 4384/3394/1101 4385/2616/1100
f 4387/2618/1099 4388/3395/1099 4389/2619/1098
f 4391/2621/1094 4392/3396/1094 4393/2622/1097
f 4396/2624/1092 4397/3398/1096 4398/2625/1096
f 4399/2627/1093 4400/3399/1093 4401/2628/1092
f 4404/2630/1126 4405/3400/1127 4406/2631/1127
f 4407/2633/1088 4408/3401/1088 4409/2634/1087
f 4411/2636/1085 4412/3402/1085 4413/2637/1129
f 4415/2639/1130 4416/3403/1130 4417/2640/1085
f 4420/2642/1084 4421/3405/1131 4422/2643/1131
f 4424/2645/1080 4425/3406/1084 4426/2646/1084
f 4428/2648/1133 4429/3407/1134 4430/2649/1134
f 4431/2651/1135 4432/3408/1135 4433/2652/1081
f 4436/2654/1136 4437/3409/1079 4438/2655/1079
f 4439/2657/1074 4440/3411/1074 4441/2658/1073
f 4444/2660/1072 4445/3412/2890 4446/2661/2890
f 4447/2663/1067 4448/3413/1067 4449/2664/1069
f 4452/2666/2891 4453/3414/1070 4454/2667/1070
f 4455/2669/2888 4456/3415/2888 4457/2670/1066
f 4459/2672/2254 4460/3417/2254 4461/2673/2892
f 4463/2675/2259 4464/3418/2259 4465/2676/1064
f 4468/2678/1061 4469/3419/2260 4470/2679/2260
f 4472/2681/1138 4473/3420/1061 4474/2682/1061
f 4476/2684/1060 4477/3421/2887 4478/2685/2887
f 4479/2687/1139 4480/3422/1139 4481/2688/1140
f 4484/2690/1057 4485/3423/1056 4486/2691/1056
f 4487/2693/1055 4488/3424/1055 4489/2694/1057
f 4492/2696/1050 4493/3425/1052 4494/2697/1052
f 4496/2699/1051 4497/3427/1050 4498/2700/1050
f 4500/2702/1049 4501/3428/1051 4502/2703/1051
f 4503/2705/1047 4504/3429/1047 4505/2706/1046
f 4507/2708/1125 4508/3431/1125 4509/2709/1141
f 4512/2711/1124 4513/3432/2893 4514/2712/2893
f 4516/2714/2894 4517/3433/1124 4518/2715/1124
f 4520/2717/2895 4521/3434/1123 4522/2718/1123
f 4524/2720/1122 4525/3435/1121 4526/2721/1121
f 4527/2723/1120 4528/3436/1120 4529/2724/1119
f 4531/2726/1118 4532/3438/1118 4533/2727/1117
f 4536/2729/1143 4537/3439/1115 4538/2730/1115
f 4539/2732/1114 4540/3440/2896 4541/2733/1113
f 4544/2735/1112 4545/3442/1111 4546/2736/1111
f 4548/2738/1110 4549/3443/1109 4550/2739/1109
f 4552/2741/1107 4553/3444/1108 4554/2742/1108
f 4555/2744/1106 4556/3445/1106 4557/2745/1107
f 4559/2747/1105 4560/3446/1105 4561/2748/1106
f 4563/2750/1104 4564/3448/1104 4565/2751/1105
f 4568/2753/1102 4569/3449/1104 4570/2754/1104
f 4572/2756/1103 4573/3450/1102 4574/2757/1102
f 3623/2759/1145 3669/2763/1146 3670/2760/1146
f 3668/2762/1147 3672/2765/1147 3670/2760/1146
f 3667/2764/1148 3673/2767/1148 3672/2765/1147
f 3667/2764/1148 3666/2768/1149 3674/2766/1149
f 3666/2768/1149 3665/2771/1150 3675/2769/1150
f 3664/2770/1151 3676/2773/1151 3675/2769/1150
f 3663/2772/1152 3677/2775/1152 3676/2773/2897
f 3663/2772/1152 3662/2776/1154 3678/2774/1154
f 3662/2776/1154 3661/2779/1155 3679/2777/1155
f 3660/2778/1156 3680/2781/1156 3679/2777/1155
f 3659/2780/1157 3681/2783/1157 3680/2781/1156
f 3659/2780/1157 3658/2784/2898 3682/2782/2898
f 3658/2784/1159 3657/2787/1160 3683/2785/1160
f 3656/2786/2899 3684/2789/2899 3683/2785/1160
f 3655/2788/1163 3685/2791/1163 3684/2789/1161
f 3655/2788/1163 3654/2792/1164 3686/2790/1164
f 3654/2792/1164 3653/2795/2900 3687/2793/2900
f 3652/2794/1167 3688/2797/1167 3687/2793/1166
f 3651/2796/1168 3689/2799/1168 3688/2797/2901
f 3651/2796/1168 3650/2800/1170 3690/2798/1170
f 3650/2800/1170 3649/2803/1171 3691/2801/1171
f 3648/2802/1172 3692/2805/1172 3691/2801/1171
f 3647/2804/1173 3693/2807/1173 3692/2805/1172
f 3647/2804/1173 3646/2809/2261 3694/2806/2261
f 3645/2808/1175 3695/2811/1175 3694/2806/1176
f 3644/2810/2902 3696/2813/2902 3695/2811/1175
f 3644/2810/1177 3643/2815/1179 3697/2812/1179
f 3642/2814/1180 3698/2817/1180 3697/2812/1181
f 3642/2814/1180 3641/2818/2903 3699/2816/2903
f 3641/2818/1183 3640/2821/1184 3700/2819/1184
f 3639/2820/1185 3701/2823/1185 3700/2819/2904
f 3639/2820/1185 3638/2824/1187 3702/2822/1187
f 3638/2824/1187 3637/2827/1188 3703/2825/1188
f 3636/2826/1189 3704/2829/1189 3703/2825/1188
f 3635/2828/1190 3705/2831/1190 3704/2829/1189
f 3635/2828/1190 3634/2833/1191 3706/2830/1191
f 3633/2832/1192 3707/2835/1192 3706/2830/1193
f 3632/2834/2905 3708/2837/2905 3707/2835/1192
f 3632/2834/1194 3631/2839/1196 3709/2836/1196
f 3630/2838/1197 3710/2841/1197 3709/2836/1196
f 3630/2838/1197 3629/2842/2906 3711/2840/2906
f 3629/2842/1199 3628/2845/1200 3712/2843/1200
f 3627/2844/1201 3713/2847/1201 3712/2843/1202
f 3627/2844/1201 3626/2848/1203 3714/2846/1203
f 3626/2848/1203 3625/2851/1204 3715/2849/1204
f 3624/2850/1205 3716/2853/1205 3715/2849/1204
f 3622/2852/1206 3717/2854/1206 3716/2853/1205
f 3622/2852/1206 3623/2759/2907 3671/2761/2907
f 3595/3393/1629 4384/3394/3023 4383/2615/2384
f 3597/2592/1632 4385/2616/3024 4384/3394/2386
f 3597/2592/3025 3623/2759/3026 4386/2617/1636
f 3623/2759/1638 3622/2852/3027 4383/2615/1639
f 3593/2589/1641 4388/3395/3028 4387/2618/2388
f 3593/2589/3029 3595/3393/3030 4389/2619/1645
f 3595/3393/1647 3622/2852/3031 4390/2620/1648
f 3624/2850/2393 4387/2618/3032 4390/2620/2394
f 3591/2587/2395 4392/3396/3033 4391/2621/3034
f 3593/2589/1656 4393/2622/3035 4392/3396/1657
f 3593/2589/1659 3624/2850/3036 4394/2623/1660
f 3625/2851/1662 4391/2621/3037 4394/2623/1663
f 3589/3397/1665 4396/2624/3038 4395/2626/1666
f 3589/3397/1668 3591/2587/3039 4397/3398/1669
f 3591/2587/1671 3625/2851/3040 4398/2625/3041
f 3625/2851/1674 3626/2848/3042 4395/2626/1675
f 3587/2584/1677 4400/3399/3043 4399/2627/3044
f 3587/2584/1680 3589/3397/3045 4401/2628/1681
f 3589/3397/1683 3626/2848/3046 4402/2629/1684
f 3626/2848/1686 3627/2844/3047 4399/2627/3048
f 3585/2582/3049 4404/2630/3050 4403/2632/2402
f 3585/2582/1692 3587/2584/2403 4405/3400/3051
f 3587/2584/1695 3627/2844/3052 4406/2631/1696
f 3628/2845/1698 4403/2632/3053 4406/2631/1699
f 3583/2580/3054 4408/3401/3055 4407/2633/3056
f 3585/2582/3057 4409/2634/3058 4408/3401/1705
f 3585/2582/3059 3628/2845/3060 4410/2635/2409
f 3629/2842/1710 4407/2633/3061 4410/2635/1711
f 3581/2578/2412 4412/3402/3062 4411/2636/1714
f 3583/2580/1716 4413/2637/3063 4412/3402/3064
f 3583/2580/3065 3629/2842/3066 4414/2638/3067
f 3630/2838/1722 4411/2636/3068 4414/2638/3069
f 3579/2576/1725 4416/3403/3070 4415/2639/1726
f 3581/2578/1728 4417/2640/3071 4416/3403/1729
f 3581/2578/1731 3630/2838/3072 4418/2641/3073
f 3631/2839/3074 4415/2639/3075 4418/2641/1735
f 3577/3404/1737 4420/2642/3076 4419/2644/3077
f 3577/3404/3078 3579/2576/3079 4421/3405/3080
f 3579/2576/1743 3631/2839/3081 4422/2643/1744
f 3631/2839/3082 3632/2834/3083 4419/2644/1747
f 3575/2575/3084 4424/2645/3085 4423/2647/3086
f 3575/2575/2423 3577/3404/3087 4425/3406/3088
f 3577/3404/1755 3632/2834/3089 4426/2646/2424
f 3633/2832/1758 4423/2647/3090 4426/2646/1759
f 3573/2573/3091 4428/2648/3092 4427/2650/3093
f 3573/2573/2427 3575/2575/3094 4429/3407/2428
f 3575/2575/1767 3633/2832/3095 4430/2649/1768
f 3633/2832/1770 3634/2833/3096 4427/2650/1771
f 3571/2569/3097 4432/3408/3098 4431/2651/3099
f 3571/2569/2432 3573/2573/3100 4433/2652/2433
f 3573/2573/1779 3634/2833/3101 4434/2653/1780
f 3634/2833/1782 3635/2828/3102 4431/2651/1783
f 3569/2567/2437 4436/2654/3103 4435/2656/1786
f 3569/2567/2440 3571/2569/2438 4437/3409/3104
f 3571/2569/1791 3635/2828/3105 4438/2655/1792
f 3636/2826/1794 4435/2656/3106 4438/2655/2443
f 3567/3410/1797 4440/3411/3107 4439/2657/2445
f 3567/3410/1800 3569/2567/2446 4441/2658/1801
f 3569/2567/1803 3636/2826/3108 4442/2659/1804
f 3637/2827/1806 4439/2657/3109 4442/2659/1807
f 3565/2566/1809 4444/2660/3110 4443/2662/1810
f 3567/3410/2452 4445/3412/3111 4444/2660/1813
f 3567/3410/2454 3637/2827/3112 4446/2661/1816
f 3637/2827/1818 3638/2824/3113 4443/2662/1819
f 3563/2562/3114 4448/3413/3115 4447/2663/2455
f 3563/2562/1824 3565/2566/3116 4449/2664/3117
f 3565/2566/1827 3638/2824/3118 4450/2665/1828
f 3639/2820/1830 4447/2663/2459 4450/2665/1831
f 3561/2560/2460 4452/2666/3119 4451/2668/1834
f 3563/2562/1836 4453/3414/3120 4452/2666/1837
f 3563/2562/1839 3639/2820/3121 4454/2667/2464
f 3640/2821/1842 4451/2668/3122 4454/2667/1843
f 3559/2558/1845 4456/3415/3123 4455/2669/3124
f 3561/2560/1848 4457/2670/3125 4456/3415/1849
f 3561/2560/3126 3640/2821/3127 4458/2671/3128
f 3641/2818/1854 4455/2669/3129 4458/2671/1855
f 3557/3416/1857 4460/3417/3130 4459/2672/3131
f 3557/3416/2471 3559/2558/3132 4461/2673/1861
f 3559/2558/1863 3641/2818/3133 4462/2674/2472
f 3641/2818/1866 3642/2814/3134 4459/2672/1867
f 3555/2557/3135 4464/3418/3136 4463/2675/2476
f 3557/3416/3137 4465/2676/3138 4464/3418/1873
f 3557/3416/2478 3642/2814/3139 4466/2677/1876
f 3643/2815/3140 4463/2675/3141 4466/2677/1879
f 3553/2555/3142 4468/2678/3143 4467/2680/1882
f 3553/2555/1884 3555/2557/3144 4469/3419/1885
f 3555/2557/1887 3643/2815/3145 4470/2679/3146
f 3643/2815/1890 3644/2810/3147 4467/2680/1891
f 3551/2553/3148 4472/2681/3149 4471/2683/1894
f 3551/2553/1896 3553/2555/3150 4473/3420/1897
f 3553/2555/1899 3644/2810/3151 4474/2682/3152
f 3645/2808/3153 4471/2683/3154 4474/2682/1903
f 3549/2551/1905 4476/2684/3155 4475/2686/3156
f 3551/2553/1908 4477/3421/3157 4476/2684/1909
f 3551/2553/1911 3645/2808/3158 4478/2685/2487
f 3645/2808/1914 3646/2809/3159 4475/2686/1915
f 3547/2549/1917 4480/3422/3160 4479/2687/3161
f 3547/2549/1920 3549/2551/3162 4481/2688/3163
f 3549/2551/3164 3646/2809/3165 4482/2689/1924
f 3646/2809/1926 3647/2804/3166 4479/2687/1927
f 3545/2547/1929 4484/2690/3167 4483/2692/1930
f 3547/2549/1932 4485/3423/3168 4484/2690/1933
f 3547/2549/1935 3647/2804/3169 4486/2691/3170
f 3647/2804/1938 3648/2802/2494 4483/2692/1939
f 3543/2545/1941 4488/3424/3171 4487/2693/1942
f 3543/2545/1944 3545/2547/3172 4489/2694/2495
f 3545/2547/1947 3648/2802/3173 4490/2695/1948
f 3648/2802/1950 3649/2803/2498 4487/2693/1951
f 3542/2543/3174 4492/2696/3175 4491/2698/3176
f 3542/2543/3177 3543/2545/3178 4493/3425/1957
f 3543/2545/1959 3649/2803/3179 4494/2697/3180
f 3649/2803/1962 3650/2800/3181 4491/2698/1963
f 3541/3426/1965 4496/2699/3182 4495/2701/1966
f 3542/2543/1968 4497/3427/3183 4496/2699/1969
f 3542/2543/2502 3650/2800/3184 4498/2700/1972
f 3650/2800/1974 3651/2796/3185 4495/2701/1975
f 3539/2542/3186 4500/2702/3187 4499/2704/1978
f 3539/2542/2504 3541/3426/3188 4501/3428/1981
f 3541/3426/2506 3651/2796/3189 4502/2703/2507
f 3652/2794/1986 4499/2704/3190 4502/2703/1987
f 3540/2614/1989 4504/3429/3191 4503/2705/1990
f 3539/2542/3192 4505/2706/2510 4504/3429/1993
f 3539/2542/1995 3652/2794/3193 4506/2707/2512
f 3653/2795/1998 4503/2705/3194 4506/2707/1999
f 3621/3430/2001 4508/3431/3195 4507/2708/2002
f 3540/2614/3196 4509/2709/3197 4508/3431/2005
f 3540/2614/2517 3653/2795/3198 4510/2710/2518
f 3653/2795/2010 3654/2792/3199 4507/2708/2011
f 3620/2613/2013 4512/2711/3200 4511/2713/3201
f 3620/2613/2016 3621/3430/3202 4513/3432/2520
f 3621/3430/2019 3654/2792/3203 4514/2712/3204
f 3654/2792/2022 3655/2788/3205 4511/2713/2023
f 3619/2612/3206 4516/2714/3207 4515/2716/3208
f 3620/2613/2028 4517/3433/3209 4516/2714/2525
f 3620/2613/2031 3655/2788/3210 4518/2715/2032
f 3656/2786/2034 4515/2716/3211 4518/2715/2035
f 3618/2611/2037 4520/2717/3212 4519/2719/2038
f 3618/2611/2526 3619/2612/3213 4521/3434/2041
f 3619/2612/2043 3656/2786/3214 4522/2718/3215
f 3656/2786/2046 3657/2787/2527 4519/2719/2047
f 3617/2610/2049 4524/2720/3216 4523/2722/3217
f 3618/2611/2052 4525/3435/2529 4524/2720/3218
f 3618/2611/2055 3657/2787/3219 4526/2721/2530
f 3657/2787/2058 3658/2784/3220 4523/2722/2059
f 3616/2609/2061 4528/3436/3221 4527/2723/2062
f 3617/2610/2064 4529/2724/3222 4528/3436/2065
f 3617/2610/3223 3658/2784/3224 4530/2725/2068
f 3659/2780/2070 4527/2723/2535 4530/2725/2071
f 3615/3437/2536 4532/3438/3225 4531/2726/3226
f 3616/2609/2076 4533/2727/3227 4532/3438/2538
f 3616/2609/2539 3659/2780/3228 4534/2728/2540
f 3660/2778/2082 4531/2726/3229 4534/2728/2083
f 3614/2608/3230 4536/2729/3231 4535/2731/2542
f 3615/3437/3232 4537/3439/3233 4536/2729/2089
f 3615/3437/3234 3660/2778/3235 4538/2730/2092
f 3661/2779/3236 4535/2731/3237 4538/2730/2095
f 3613/2606/2544 4540/3440/3238 4539/2732/3239
f 3613/2606/2100 3614/2608/3240 4541/2733/2101
f 3614/2608/3241 3661/2779/3242 4542/2734/3243
f 3661/2779/3244 3662/2776/3245 4539/2732/2107
f 3611/3441/2109 4544/2735/3246 4543/2737/3247
f 3611/3441/3248 3613/2606/3249 4545/3442/3250
f 3613/2606/2115 3662/2776/3251 4546/2736/3252
f 3662/2776/2118 3663/2772/3253 4543/2737/2119
f 3609/2603/2121 4548/2738/3254 4547/2740/3255
f 3611/3441/2124 4549/3443/2550 4548/2738/2125
f 3611/3441/2551 3663/2772/3256 4550/2739/2128
f 3664/2770/2130 4547/2740/3257 4550/2739/2131
f 3607/2601/2552 4552/2741/3258 4551/2743/3259
f 3609/2603/2136 4553/3444/2556 4552/2741/2137
f 3609/2603/2139 3664/2770/3260 4554/2742/2558
f 3665/2771/2142 4551/2743/3261 4554/2742/2143
f 3605/2599/3262 4556/3445/3263 4555/2744/2146
f 3607/2601/3264 4557/2745/3265 4556/3445/2149
f 3607/2601/2561 3665/2771/3266 4558/2746/2562
f 3666/2768/2154 4555/2744/3267 4558/2746/2155
f 3603/2597/2157 4560/3446/3268 4559/2747/2564
f 3603/2597/2567 3605/2599/2566 4561/2748/2161
f 3605/2599/2568 3666/2768/3269 4562/2749/2164
f 3666/2768/2166 3667/2764/2569 4559/2747/2167
f 3601/3447/3270 4564/3448/3271 4563/2750/2170
f 3603/2597/2172 4565/2751/3272 4564/3448/2173
f 3603/2597/2175 3667/2764/3273 4566/2752/3274
f 3667/2764/2178 3668/2762/2573 4563/2750/2179
f 3599/2596/3275 4568/2753/3276 4567/2755/3277
f 3599/2596/2184 3601/3447/3278 4569/3449/2185
f 3601/3447/2578 3668/2762/3279 4570/2754/2188
f 3669/2763/2190 4567/2755/3280 4570/2754/2191
f 3597/2592/2581 4572/2756/3281 4571/2758/2582
f 3597/2592/2196 3599/2596/2584 4573/3450/2197
f 3599/2596/3282 3669/2763/3283 4574/2757/2585
f 3669/2763/2202 3623/2759/3284 4571/2758/2203
f 6246/2615/1101 6247/3394/1101 6248/2616/1100
f 6250/2618/1099 6251/3395/1099 6252/2619/1098
f 6254/2621/1094 6255/3396/1094 6256/2622/1097
f 6259/2624/1092 6260/3398/1096 6261/2625/1096
f 6262/2627/1093 6263/3399/1093 6264/2628/1092
f 6267/2630/2255 6268/3400/1127 6269/2631/1127
f 6270/2633/1088 6271/3401/1088 6272/2634/1087
f 6274/2636/1085 6275/3402/1085 6276/2637/1129
f 6278/2639/1130 6279/3403/1130 6280/2640/1085
f 6283/2642/1084 6284/3405/1131 6285/2643/1131
f 6287/2645/1132 6288/3406/1084 6289/2646/1084
f 6291/2648/1133 6292/3407/1134 6293/2649/1134
f 6294/2651/1135 6295/3408/1135 6296/2652/1081
f 6299/2654/1136 6300/3409/1079 6301/2655/1079
f 6302/2657/1074 6303/3411/1074 6304/2658/1073
f 6307/2660/1072 6308/3412/1071 6309/2661/1071
f 6310/2663/1067 6311/3413/1067 6312/2664/1069
f 6315/2666/1068 6316/3414/1070 6317/2667/1070
f 6318/2669/1065 6319/3415/1065 6320/2670/1066
f 6322/2672/2254 6323/3417/2254 6324/2673/1065
f 6326/2675/2259 6327/3418/2259 6328/2676/1064
f 6331/2678/1061 6332/3419/2260 6333/2679/2260
f 6335/2681/1138 6336/3420/1061 6337/2682/1061
f 6339/2684/1060 6340/3421/1059 6341/2685/1059
f 6342/2687/1139 6343/3422/1139 6344/2688/1058
f 6347/2690/1057 6348/3423/1056 6349/2691/1056
f 6350/2693/1055 6351/3424/1055 6352/2694/1057
f 6355/2696/2885 6356/3425/1052 6357/2697/1052
f 6359/2699/1051 6360/3427/1050 6361/2700/1050
f 6362/2704/1049 6363/2702/1049 6364/3428/1051
f 6366/2705/1047 6367/3429/1047 6368/2706/1046
f 6371/3431/1125 6372/2709/1141 6373/2710/1141
f 6375/2711/1124 6376/3432/2893 6377/2712/2893
f 6379/2714/2894 6380/3433/1124 6381/2715/1124
f 6383/2717/1121 6384/3434/1123 6385/2718/1123
f 6387/2720/1122 6388/3435/1121 6389/2721/1121
f 6390/2723/1117 6391/3436/1117 6392/2724/1119
f 6394/2726/1118 6395/3438/1118 6396/2727/1117
f 6398/2731/1143 6399/2729/1143 6400/3439/1115
f 6402/2732/1114 6403/3440/1114 6404/2733/1113
f 6407/2735/1112 6408/3442/1111 6409/2736/1111
f 6411/2738/1110 6412/3443/1109 6413/2739/1109
f 6414/2743/1107 6415/2741/1107 6416/3444/1108
f 6418/2744/1106 6419/3445/1106 6420/2745/1107
f 6422/2747/1105 6423/3446/1105 6424/2748/1106
f 6426/2750/1104 6427/3448/1104 6428/2751/1105
f 6431/2753/1102 6432/3449/1104 6433/2754/1104
f 6435/2756/1103 6436/3450/1102 6437/2757/1102
f 5488/2759/1145 5534/2763/1146 5535/2760/1146
f 5533/2762/1147 5537/2765/1147 5535/2760/1146
f 5532/2764/1148 5538/2767/1148 5537/2765/1147
f 5532/2764/1148 5531/2768/1149 5539/2766/1149
f 5531/2768/1149 5530/2771/1150 5540/2769/1150
f 5529/2770/1151 5541/2773/1151 5540/2769/1150
f 5528/2772/1152 5542/2775/1152 5541/2773/2897
f 5528/2772/1152 5527/2776/1154 5543/2774/1154
f 5527/2776/1154 5526/2779/1155 5544/2777/1155
f 5525/2778/1156 5545/2781/1156 5544/2777/1155
f 5524/2780/1157 5546/2783/1157 5545/2781/1156
f 5524/2780/1157 5523/2784/2898 5547/2782/2898
f 5523/2784/1159 5522/2787/1160 5548/2785/1160
f 5521/2786/2899 5549/2789/2899 5548/2785/1160
f 5520/2788/1163 5550/2791/1163 5549/2789/1161
f 5520/2788/1163 5519/2792/1164 5551/2790/1164
f 5519/2792/1165 5518/2795/2900 5552/2793/2900
f 5517/2794/1167 5553/2797/1167 5552/2793/1166
f 5516/2796/1168 5554/2799/1168 5553/2797/2901
f 5516/2796/1168 5515/2800/1170 5555/2798/1170
f 5515/2800/1170 5514/2803/1171 5556/2801/1171
f 5513/2802/1172 5557/2805/1172 5556/2801/1171
f 5512/2804/1173 5558/2807/1173 5557/2805/1172
f 5512/2804/1173 5511/2809/2261 5559/2806/2261
f 5510/2808/1175 5560/2811/1175 5559/2806/1176
f 5509/2810/2902 5561/2813/2902 5560/2811/1175
f 5509/2810/1177 5508/2815/1179 5562/2812/1179
f 5507/2814/1180 5563/2817/1180 5562/2812/1179
f 5507/2814/1180 5506/2818/2903 5564/2816/2903
f 5506/2818/1183 5505/2821/1184 5565/2819/1184
f 5504/2820/1185 5566/2823/1185 5565/2819/1186
f 5504/2820/1185 5503/2824/1187 5567/2822/1187
f 5503/2824/1187 5502/2827/1188 5568/2825/1188
f 5501/2826/1189 5569/2829/1189 5568/2825/1188
f 5500/2828/1190 5570/2831/1190 5569/2829/1189
f 5500/2828/1190 5499/2833/1191 5571/2830/1191
f 5498/2832/1192 5572/2835/1192 5571/2830/1193
f 5497/2834/2905 5573/2837/2905 5572/2835/1192
f 5497/2834/1194 5496/2839/1196 5574/2836/1196
f 5495/2838/1197 5575/2841/1197 5574/2836/1196
f 5495/2838/1197 5494/2842/2906 5576/2840/2906
f 5494/2842/1199 5493/2845/1200 5577/2843/1200
f 5492/2844/1201 5578/2847/1201 5577/2843/1202
f 5492/2844/1201 5491/2848/1203 5579/2846/1203
f 5491/2848/1203 5490/2851/1204 5580/2849/1204
f 5489/2850/1205 5581/2853/1205 5580/2849/1204
f 5487/2852/1206 5582/2854/1206 5581/2853/1205
f 5487/2852/1206 5488/2759/2907 5536/2761/2907
f 5460/3393/1629 6247/3394/3023 6246/2615/2384
f 5462/2592/1632 6248/2616/3024 6247/3394/2386
f 5462/2592/1635 5488/2759/3026 6249/2617/1636
f 5488/2759/1638 5487/2852/3027 6246/2615/1639
f 5458/2589/1641 6251/3395/3028 6250/2618/2388
f 5460/3393/2390 6252/2619/3355 6251/3395/2391
f 5460/3393/1647 5487/2852/3031 6253/2620/3356
f 5489/2850/2393 6250/2618/3032 6253/2620/2394
f 5456/2587/2395 6255/3396/3357 6254/2621/1654
f 5458/2589/1656 6256/2622/3358 6255/3396/3359
f 5458/2589/1659 5489/2850/3360 6257/2623/3361
f 5490/2851/1662 6254/2621/3037 6257/2623/1663
f 5454/3397/1665 6259/2624/3038 6258/2626/1666
f 5454/3397/1668 5456/2587/3362 6260/3398/1669
f 5456/2587/1671 5490/2851/3363 6261/2625/1672
f 5490/2851/1674 5491/2848/3042 6258/2626/1675
f 5452/2584/1677 6263/3399/3364 6262/2627/1678
f 5452/2584/1680 5454/3397/3045 6264/2628/3365
f 5454/3397/1683 5491/2848/3366 6265/2629/1684
f 5491/2848/1686 5492/2844/3047 6262/2627/3048
f 5450/2582/3367 6267/2630/3368 6266/2632/3369
f 5452/2584/3370 6268/3400/3371 6267/2630/2404
f 5452/2584/1695 5492/2844/3372 6269/2631/1696
f 5493/2845/1698 6266/2632/3053 6269/2631/1699
f 5448/2580/1701 6271/3401/3373 6270/2633/1702
f 5450/2582/1704 6272/2634/3374 6271/3401/2408
f 5450/2582/3059 5493/2845/3375 6273/2635/2409
f 5494/2842/1710 6270/2633/3061 6273/2635/1711
f 5446/2578/2412 6275/3402/3062 6274/2636/2413
f 5448/2580/1716 6276/2637/3063 6275/3402/3064
f 5448/2580/1719 5494/2842/3066 6277/2638/1720
f 5495/2838/1722 6274/2636/3376 6277/2638/1723
f 5444/2576/1725 6279/3403/3377 6278/2639/1726
f 5446/2578/1728 6280/2640/3071 6279/3403/1729
f 5446/2578/2416 5495/2838/3072 6281/2641/3073
f 5496/2839/3378 6278/2639/3075 6281/2641/1735
f 5442/3404/1737 6283/2642/3379 6282/2644/3077
f 5442/3404/3078 5444/2576/3079 6284/3405/3080
f 5444/2576/1743 5496/2839/3081 6285/2643/1744
f 5496/2839/3082 5497/2834/3380 6282/2644/1747
f 5440/2575/1749 6287/2645/3085 6286/2647/1750
f 5442/3404/2421 6288/3406/3088 6287/2645/2422
f 5442/3404/1755 5497/2834/3089 6289/2646/3381
f 5498/2832/1758 6286/2647/3090 6289/2646/1759
f 5438/2573/1761 6291/2648/3382 6290/2650/1762
f 5438/2573/2427 5440/2575/3094 6292/3407/2428
f 5440/2575/1767 5498/2832/3095 6293/2649/1768
f 5498/2832/1770 5499/2833/3383 6290/2650/1771
f 5436/2569/1773 6295/3408/3098 6294/2651/3384
f 5436/2569/2432 5438/2573/3385 6296/2652/2433
f 5438/2573/1779 5499/2833/3101 6297/2653/2436
f 5499/2833/1782 5500/2828/3102 6294/2651/1783
f 5434/2567/2437 6299/2654/3103 6298/2656/1786
f 5436/2569/3386 6300/3409/1789 6299/2654/3387
f 5436/2569/1791 5500/2828/3105 6301/2655/2441
f 5501/2826/1794 6298/2656/3106 6301/2655/2443
f 5432/3410/2444 6303/3411/3388 6302/2657/2445
f 5434/2567/3389 6304/2658/1801 6303/3411/2447
f 5434/2567/1803 5501/2826/3108 6305/2659/1804
f 5502/2827/1806 6302/2657/3109 6305/2659/1807
f 5430/2566/1809 6307/2660/3110 6306/2662/1810
f 5432/3410/2452 6308/3412/3390 6307/2660/1813
f 5432/3410/2454 5502/2827/3112 6309/2661/1816
f 5502/2827/1818 5503/2824/3391 6306/2662/1819
f 5428/2562/1821 6311/3413/3115 6310/2663/2455
f 5428/2562/1824 5430/2566/3116 6312/2664/3117
f 5430/2566/1827 5503/2824/3118 6313/2665/1828
f 5503/2824/1832 5504/2820/1830 6310/2663/2459
f 5426/2560/2460 6315/2666/3119 6314/2668/1834
f 5426/2560/1838 5428/2562/1836 6316/3414/3120
f 5428/2562/1839 5504/2820/3121 6317/2667/2464
f 5505/2821/2466 6314/2668/3122 6317/2667/1843
f 5424/2558/1845 6319/3415/3392 6318/2669/1846
f 5426/2560/1848 6320/2670/3125 6319/3415/1849
f 5426/2560/3126 5505/2821/3127 6321/2671/3128
f 5506/2818/1854 6318/2669/3129 6321/2671/1855
f 5422/3416/1857 6323/3417/3130 6322/2672/3131
f 5422/3416/2471 5424/2558/3393 6324/2673/1861
f 5424/2558/3394 5506/2818/3133 6325/2674/3395
f 5506/2818/1866 5507/2814/3134 6322/2672/1867
f 5420/2557/3396 6327/3418/3397 6326/2675/2476
f 5422/3416/1872 6328/2676/3138 6327/3418/1873
f 5422/3416/2478 5507/2814/3398 6329/2677/3399
f 5508/2815/3140 6326/2675/3141 6329/2677/1879
f 5418/2555/1881 6331/2678/3400 6330/2680/1882
f 5418/2555/1884 5420/2557/3401 6332/3419/1885
f 5420/2557/1887 5508/2815/3145 6333/2679/1888
f 5508/2815/1890 5509/2810/3147 6330/2680/1891
f 5416/2553/1893 6335/2681/3149 6334/2683/3402
f 5416/2553/2482 5418/2555/3403 6336/3420/1897
f 5418/2555/1899 5509/2810/3151 6337/2682/3404
f 5510/2808/2485 6334/2683/3154 6337/2682/3405
f 5414/2551/3406 6339/2684/3407 6338/2686/3408
f 5414/2551/1910 5416/2553/1908 6340/3421/2486
f 5416/2553/1911 5510/2808/3409 6341/2685/2487
f 5510/2808/1914 5511/2809/3159 6338/2686/1915
f 5412/2549/1917 6343/3422/3160 6342/2687/1918
f 5412/2549/1920 5414/2551/3410 6344/2688/1921
f 5414/2551/1923 5511/2809/3165 6345/2689/2489
f 5511/2809/1926 5512/2804/3166 6342/2687/1927
f 5410/2547/1929 6347/2690/3167 6346/2692/1930
f 5412/2549/1932 6348/3423/3168 6347/2690/2492
f 5412/2549/1935 5512/2804/3169 6349/2691/3170
f 5513/2802/2494 6346/2692/1939 6349/2691/3411
f 5408/2545/1941 6351/3424/3171 6350/2693/1942
f 5408/2545/1944 5410/2547/3172 6352/2694/2495
f 5410/2547/1947 5513/2802/3173 6353/2695/1948
f 5514/2803/2498 6350/2693/1951 6353/2695/1952
f 5407/2543/3412 6355/2696/3413 6354/2698/1954
f 5407/2543/3414 5408/2545/3415 6356/3425/1957
f 5408/2545/3416 5514/2803/3417 6357/2697/1960
f 5514/2803/1962 5515/2800/3181 6354/2698/1963
f 5406/3426/1965 6359/2699/3182 6358/2701/3418
f 5407/2543/1968 6360/3427/3183 6359/2699/1969
f 5407/2543/2502 5515/2800/3419 6361/2700/1972
f 5515/2800/1974 5516/2796/3185 6358/2701/1975
f 5404/2542/1977 6363/2702/3187 6362/2704/1978
f 5404/2542/2504 5406/3426/3188 6364/3428/1981
f 5406/3426/1983 5516/2796/3189 6365/2703/2507
f 5517/2794/1986 6362/2704/3190 6365/2703/1987
f 5405/2614/1989 6367/3429/3191 6366/2705/1990
f 5405/2614/1994 5404/2542/3192 6368/2706/2510
f 5404/2542/1995 5517/2794/3420 6369/2707/2512
f 5518/2795/1998 6366/2705/3194 6369/2707/1999
f 5486/3430/2001 6371/3431/3195 6370/2708/2002
f 5486/3430/2515 5405/2614/3196 6372/2709/2516
f 5405/2614/2517 5518/2795/3198 6373/2710/2008
f 5518/2795/2010 5519/2792/3199 6370/2708/3421
f 5485/2613/2013 6375/2711/3200 6374/2713/3201
f 5485/2613/2016 5486/3430/3202 6376/3432/2520
f 5486/3430/2019 5519/2792/3422 6377/2712/2020
f 5519/2792/2022 5520/2788/3205 6374/2713/2023
f 5484/2612/2025 6379/2714/3423 6378/2716/2026
f 5484/2612/2030 5485/2613/2028 6380/3433/2524
f 5485/2613/2031 5520/2788/3424 6381/2715/2032
f 5521/2786/2034 6378/2716/3211 6381/2715/2035
f 5483/2611/2037 6383/2717/3425 6382/2719/2038
f 5483/2611/2526 5484/2612/3213 6384/3434/3426
f 5484/2612/2043 5521/2786/3214 6385/2718/2044
f 5522/2787/2527 6382/2719/2047 6385/2718/2048
f 5482/2610/3427 6387/2720/3428 6386/2722/3429
f 5482/2610/2054 5483/2611/2052 6388/3435/2529
f 5483/2611/2055 5522/2787/3219 6389/2721/2530
f 5522/2787/2058 5523/2784/3220 6386/2722/2059
f 5481/2609/2532 6391/3436/3221 6390/2723/2062
f 5482/2610/2064 6392/2724/3222 6391/3436/3430
f 5482/2610/2067 5523/2784/3224 6393/2725/2068
f 5523/2784/2072 5524/2780/2070 6390/2723/2535
f 5480/3437/2536 6395/3438/3225 6394/2726/2074
f 5481/2609/2076 6396/2727/3227 6395/3438/2538
f 5481/2609/2539 5524/2780/3228 6397/2728/2540
f 5525/2778/2082 6394/2726/3229 6397/2728/2083
f 5479/2608/2541 6399/2729/3231 6398/2731/2542
f 5480/3437/2088 6400/3439/3233 6399/2729/2089
f 5480/3437/3234 5525/2778/3235 6401/2730/2092
f 5526/2779/2094 6398/2731/3237 6401/2730/2095
f 5478/2606/2097 6403/3440/3238 6402/2732/3239
f 5478/2606/3431 5479/2608/3240 6404/2733/2101
f 5479/2608/2546 5526/2779/3432 6405/2734/2104
f 5526/2779/3244 5527/2776/3245 6402/2732/2107
f 5476/3441/2109 6407/2735/3433 6406/2737/2110
f 5476/3441/2112 5478/2606/3434 6408/3442/3250
f 5478/2606/2115 5527/2776/3435 6409/2736/2116
f 5527/2776/2118 5528/2772/3253 6406/2737/2119
f 5474/2603/2121 6411/2738/3254 6410/2740/2122
f 5474/2603/2126 5476/3441/2124 6412/3443/3436
f 5476/3441/2551 5528/2772/3437 6413/2739/2128
f 5529/2770/2130 6410/2740/3257 6413/2739/2131
f 5472/2601/2552 6415/2741/3438 6414/2743/2553
f 5472/2601/2138 5474/2603/2136 6416/3444/2556
f 5474/2603/2139 5529/2770/3260 6417/2742/2140
f 5530/2771/2142 6414/2743/3261 6417/2742/2143
f 5470/2599/2145 6419/3445/3263 6418/2744/2146
f 5472/2601/2148 6420/2745/3265 6419/3445/2149
f 5472/2601/2561 5530/2771/3266 6421/2746/3439
f 5531/2768/2154 6418/2744/3267 6421/2746/2155
f 5468/2597/2157 6423/3446/3440 6422/2747/2564
f 5470/2599/2566 6424/2748/2161 6423/3446/2162
f 5470/2599/2163 5531/2768/3269 6425/2749/2164
f 5532/2764/2569 6422/2747/2167 6425/2749/2570
f 5466/3447/2169 6427/3448/3271 6426/2750/2170
f 5468/2597/2172 6428/2751/3272 6427/3448/2173
f 5468/2597/2175 5532/2764/3273 6429/2752/2176
f 5533/2762/2573 6426/2750/2179 6429/2752/2180
f 5464/2596/2181 6431/2753/3441 6430/2755/2182
f 5464/2596/2576 5466/3447/3442 6432/3449/2185
f 5466/3447/2578 5533/2762/3443 6433/2754/2188
f 5534/2763/2190 6430/2755/3280 6433/2754/2191
f 5462/2592/2193 6435/2756/3444 6434/2758/2194
f 5464/2596/2584 6436/3450/3445 6435/2756/3446
f 5464/2596/2199 5534/2763/3447 6437/2757/2585
f 5534/2763/2202 5488/2759/3284 6434/2758/2203
usemtl Knob_mat
f 572/442/99 576/444/100 574/444/100
f 578/448/101 600/449/102 577/449/103
f 615/470/105 619/472/106 617/472/106
f 568/437/99 618/470/100 615/470/100
f 567/436/107 620/437/108 568/437/109
f 566/435/110 621/436/111 567/436/111
f 565/434/112 622/435/113 566/435/113
f 564/433/114 623/434/115 565/434/116
f 625/473/117 624/433/118 564/433/118
f 574/444/105 676/518/106 589/518/106
f 677/519/142 676/518/143 576/444/144
f 685/520/1 679/521/1 680/522/1
f 681/526/149 710/525/150 712/510/150
f 683/527/151 711/511/152 713/528/153
f 684/529/154 713/528/155 714/530/154
f 684/529/156 676/518/157 678/531/157
f 589/518/158 714/530/159 588/530/160
f 588/530/140 713/528/161 587/528/161
f 587/528/162 711/511/163 586/511/163
f 586/511/164 712/510/165 585/510/166
f 585/510/167 715/508/168 584/508/169
f 703/524/170 702/532/171 715/508/171
f 702/532/174 716/506/175 715/508/176
f 716/506/177 700/533/178 717/505/178
f 718/504/179 700/533/180 699/534/181
f 719/502/182 699/534/183 698/535/182
f 719/502/184 697/536/185 720/484/185
f 580/502/186 720/484/187 579/484/187
f 581/504/188 719/502/189 580/502/190
f 582/505/191 718/504/192 581/504/192
f 583/506/193 717/505/194 582/505/195
f 584/508/196 716/506/197 583/506/198
f 579/484/199 599/448/200 578/448/200
f 601/450/186 722/483/187 636/483/187
f 602/451/188 721/450/189 601/450/190
f 603/452/201 723/451/192 602/451/202
f 604/454/193 724/452/203 603/452/203
f 605/456/196 725/454/197 604/454/197
f 606/458/167 726/456/168 605/456/168
f 607/459/164 727/458/165 606/458/166
f 608/461/162 728/459/163 607/459/163
f 609/463/140 729/461/161 608/461/161
f 610/465/158 730/463/123 609/463/123
f 611/466/105 731/465/106 610/465/106
f 612/467/99 732/466/100 611/466/100
f 734/537/204 733/467/108 612/467/108
f 613/468/99 738/538/100 736/538/100
f 739/539/204 737/468/108 613/468/108
f 614/469/99 743/540/205 741/540/205
f 616/471/107 742/469/108 614/469/108
f 745/541/110 744/471/111 616/471/206
f 617/472/158 748/542/159 747/542/160
f 750/543/207 619/472/208 749/544/208
f 757/545/1 751/546/1 752/547/1
f 753/551/149 782/550/150 784/552/150
f 755/553/151 783/554/209 785/555/210
f 750/543/211 785/555/155 748/542/154
f 747/542/140 785/555/161 786/555/161
f 787/556/212 746/541/113 745/541/213
f 789/557/114 788/556/129 787/556/129
f 786/555/162 783/554/163 791/554/163
f 791/554/214 784/552/165 792/552/166
f 793/558/215 790/557/118 789/557/118
f 795/559/216 794/558/217 793/558/217
f 792/552/167 798/560/169 797/560/169
f 775/549/218 774/561/171 798/560/171
f 774/561/174 799/562/175 798/560/174
f 799/562/177 772/563/219 800/564/219
f 801/565/179 772/563/220 771/566/179
f 802/567/182 771/566/183 770/568/221
f 802/567/222 769/569/185 803/480/185
f 804/567/186 803/480/187 633/480/223
f 812/574/224 796/559/225 795/559/225
f 810/573/226 813/574/227 812/574/228
f 808/572/229 814/573/230 810/573/230
f 806/571/231 815/572/232 808/572/232
f 805/570/101 816/571/102 806/571/103
f 805/570/200 818/481/199 817/570/200
f 819/575/233 818/481/234 634/481/234
f 741/540/105 840/594/106 839/594/106
f 841/595/144 840/594/235 743/540/144
f 849/596/1 843/597/1 844/598/1
f 845/602/236 874/601/150 876/586/150
f 877/590/151 846/603/237 875/588/237
f 848/604/211 877/590/238 878/592/239
f 848/604/240 840/594/241 842/605/208
f 839/594/158 878/592/159 837/592/160
f 837/592/140 877/590/161 835/590/161
f 835/590/162 875/588/163 833/588/163
f 833/588/164 876/586/148 831/586/242
f 831/586/243 879/584/168 829/584/168
f 867/600/244 866/606/171 879/584/245
f 866/606/246 880/582/247 879/584/176
f 880/582/248 864/607/219 881/580/219
f 882/578/249 864/607/180 863/608/179
f 862/609/250 882/578/251 863/608/183
f 820/575/222 861/610/252 818/481/252
f 817/570/253 861/610/254 860/611/255
f 817/570/256 859/612/257 816/571/258
f 816/571/259 858/613/260 815/572/261
f 858/613/262 814/573/263 815/572/262
f 857/614/264 813/574/265 814/573/266
f 813/574/267 855/615/268 796/559/268
f 855/615/269 794/558/270 796/559/271
f 794/558/272 853/616/273 790/557/273
f 790/557/274 852/617/275 788/556/276
f 852/617/277 746/541/278 788/556/277
f 746/541/279 850/618/280 744/471/281
f 744/471/282 849/596/283 742/469/284
f 849/596/285 743/540/286 742/469/285
f 823/578/188 820/575/189 819/575/189
f 825/580/191 882/578/192 823/578/192
f 827/582/193 881/580/203 825/580/203
f 829/584/196 880/582/197 827/582/197
f 838/593/110 740/539/111 739/539/111
f 836/591/112 883/593/113 838/593/113
f 834/589/114 884/591/129 836/591/129
f 832/587/215 885/589/118 834/589/118
f 830/585/287 886/587/217 832/587/217
f 828/583/224 887/585/288 830/585/289
f 826/581/226 888/583/227 828/583/228
f 824/579/229 889/581/230 826/581/230
f 822/577/231 890/579/290 824/579/291
f 822/577/102 892/576/101 891/577/102
f 635/482/199 892/576/200 821/576/200
f 894/619/186 893/482/187 635/482/187
f 736/538/105 915/638/106 914/638/106
f 916/639/292 915/638/143 738/538/144
f 924/640/1 918/641/1 919/642/1
f 920/646/294 949/645/150 951/630/150
f 922/647/151 950/632/209 952/634/210
f 953/636/154 922/647/238 952/634/238
f 917/648/157 953/636/156 915/638/157
f 914/638/158 953/636/123 912/636/123
f 912/636/140 952/634/161 910/634/161
f 910/634/162 950/632/163 908/632/163
f 908/632/295 951/630/165 906/630/165
f 906/630/167 954/628/296 904/628/297
f 942/644/298 941/649/171 954/628/171
f 954/628/300 940/650/301 955/626/301
f 940/650/248 956/624/219 955/626/177
f 938/651/181 956/624/180 939/652/180
f 895/619/182 938/651/183 937/653/221
f 895/619/222 936/654/185 893/482/185
f 892/576/253 936/654/302 935/655/255
f 891/577/257 935/655/303 934/656/257
f 891/577/304 933/657/305 890/579/305
f 890/579/306 932/658/263 889/581/263
f 932/658/307 888/583/308 889/581/307
f 931/659/267 887/585/268 888/583/309
f 887/585/310 929/660/311 886/587/312
f 886/587/313 928/661/314 885/589/315
f 928/661/274 884/591/316 885/589/317
f 927/662/318 883/593/319 884/591/320
f 883/593/321 925/663/280 740/539/280
f 740/539/282 924/640/283 737/468/283
f 924/640/322 738/538/286 737/468/323
f 898/622/188 895/619/189 894/619/190
f 900/624/201 957/622/192 898/622/202
f 902/626/193 956/624/203 900/624/203
f 904/628/196 955/626/197 902/626/197
f 913/637/110 735/537/111 734/537/111
f 911/635/112 958/637/113 913/637/113
f 909/633/114 959/635/129 911/635/129
f 907/631/215 960/633/118 909/633/118
f 905/629/287 961/631/217 907/631/217
f 903/627/224 962/629/288 905/629/289
f 901/625/226 963/627/227 903/627/228
f 899/623/229 964/625/230 901/625/230
f 897/621/231 965/623/290 899/623/291
f 897/621/102 967/620/101 966/621/102
f 636/483/199 967/620/200 896/620/200
f 967/620/253 968/664/302 969/665/255
f 721/450/222 968/664/185 722/483/324
f 721/450/182 971/666/183 970/667/221
f 723/451/179 972/668/220 971/666/181
f 725/454/177 972/668/325 724/452/219
f 726/456/300 973/669/301 725/454/301
f 976/670/244 974/671/171 726/456/171
f 978/672/326 975/673/150 727/458/150
f 979/674/151 728/459/209 729/461/210
f 980/675/239 729/461/155 730/463/239
f 980/675/327 731/465/157 981/676/157
f 985/677/1 982/678/1 983/679/1
f 981/676/328 732/466/144 984/681/292
f 985/677/285 732/466/286 733/467/329
f 735/537/282 985/677/283 733/467/283
f 958/637/321 986/682/280 735/537/280
f 988/683/277 958/637/319 959/635/320
f 960/633/317 988/683/276 959/635/275
f 990/684/272 960/633/273 961/631/330
f 962/629/310 990/684/311 961/631/312
f 992/685/267 962/629/331 963/627/309
f 964/625/307 992/685/308 963/627/308
f 994/686/306 964/625/263 965/623/262
f 966/621/304 994/686/260 965/623/305
f 966/621/332 969/665/333 995/687/257
f 797/560/196 799/562/197 811/562/198
f 811/562/193 800/564/194 809/564/195
f 809/564/191 801/565/192 807/565/192
f 807/565/188 802/567/189 804/567/189
f 632/479/334 803/480/335 1002/479/200
f 1002/479/255 769/569/254 768/688/255
f 1002/479/336 767/689/258 1003/478/258
f 632/479/101 1003/478/102 631/478/102
f 631/478/231 1004/477/290 630/477/291
f 1003/478/304 766/690/260 1004/477/337
f 766/690/262 1005/476/338 1004/477/262
f 765/691/264 1006/475/308 1005/476/266
f 1006/475/267 763/692/268 1007/474/268
f 763/692/269 626/473/311 1007/474/269
f 626/473/272 761/693/273 624/433/273
f 624/433/274 760/694/276 623/434/316
f 760/694/277 622/435/319 623/434/320
f 622/435/339 758/695/280 621/436/340
f 621/436/341 757/545/283 620/437/283
f 757/545/322 618/470/286 620/437/322
f 756/696/144 619/472/143 618/470/144
f 627/474/216 626/473/217 625/473/217
f 628/475/224 1007/474/225 627/474/225
f 629/476/342 1006/475/227 628/475/228
f 630/477/343 1005/476/230 629/476/230
f 599/448/255 697/536/254 696/697/255
f 599/448/256 695/698/258 600/449/258
f 600/449/304 694/699/305 1008/447/337
f 577/449/231 1008/447/290 598/447/291
f 598/447/343 1009/453/230 597/453/230
f 694/699/344 1009/453/338 1008/447/345
f 693/700/266 1010/455/265 1009/453/266
f 1010/455/267 691/701/268 1011/457/268
f 691/701/269 1012/446/270 1011/457/271
f 1012/446/330 689/702/273 1013/460/273
f 1013/460/274 688/703/316 1014/462/316
f 688/703/318 1015/464/319 1014/462/320
f 687/704/346 1016/445/281 1015/464/279
f 1016/445/341 685/520/347 575/442/347
f 685/520/323 576/444/286 575/442/323
f 590/445/107 575/442/108 572/442/108
f 591/464/110 1016/445/111 590/445/206
f 592/462/112 1015/464/113 591/464/113
f 593/460/114 1014/462/115 592/462/116
f 594/446/117 1013/460/118 593/460/118
f 595/457/216 1012/446/217 594/446/217
f 596/455/224 1011/457/225 595/457/225
f 597/453/226 1010/455/227 596/455/228
f 1130/808/124 1134/810/205 1132/810/205
f 1132/810/105 1166/831/106 1144/831/106
f 1167/832/498 1166/831/499 1134/810/292
f 1175/833/1 1169/834/1 1170/835/1
f 1171/839/236 1200/838/150 1202/823/150
f 1203/840/151 1172/841/152 1201/824/152
f 1174/842/154 1203/840/155 1204/843/154
f 1174/842/327 1166/831/157 1168/844/157
f 1144/831/158 1204/843/123 1143/843/123
f 1143/843/140 1203/840/161 1142/840/161
f 1142/840/501 1201/824/163 1141/824/163
f 1141/824/295 1202/823/148 1140/823/148
f 1140/823/167 1205/821/168 1139/821/168
f 1193/837/170 1192/845/245 1205/821/245
f 1192/845/300 1206/819/504 1205/821/246
f 1206/819/177 1190/846/219 1207/818/219
f 1208/817/181 1190/846/220 1189/847/181
f 1209/814/182 1189/847/183 1188/848/221
f 1209/814/184 1187/849/185 1210/803/185
f 1135/814/233 1210/803/187 1113/803/223
f 1136/817/188 1209/814/505 1135/814/506
f 1137/818/201 1208/817/192 1136/817/192
f 1138/819/193 1207/818/194 1137/818/194
f 1139/821/196 1206/819/197 1138/819/197
f 1113/803/507 1211/813/508 1155/813/508
f 1226/872/105 1230/874/106 1228/874/509
f 1097/787/124 1229/872/205 1226/872/205
f 1098/788/107 1231/787/490 1097/787/510
f 1099/789/110 1232/788/511 1098/788/511
f 1100/790/112 1233/789/113 1099/789/113
f 1101/791/114 1234/790/512 1100/790/512
f 1102/792/117 1235/791/118 1101/791/118
f 1103/793/216 1236/792/217 1102/792/217
f 1104/794/224 1237/793/225 1103/793/513
f 1105/795/226 1238/794/227 1104/794/227
f 1106/796/229 1239/795/230 1105/795/514
f 1107/797/231 1240/796/232 1106/796/232
f 1108/798/515 1241/797/102 1107/797/102
f 1108/798/516 1243/799/517 1242/798/516
f 1244/875/233 1243/799/187 1109/799/223
f 1263/893/110 1265/873/511 1227/873/518
f 1261/891/112 1264/893/113 1263/893/113
f 1259/889/114 1266/891/512 1261/891/512
f 1257/887/117 1267/889/118 1259/889/118
f 1255/885/216 1268/887/217 1257/887/217
f 1253/883/224 1269/885/225 1255/885/513
f 1251/881/226 1270/883/227 1253/883/227
f 1249/879/229 1271/881/230 1251/881/230
f 1247/877/231 1272/879/232 1249/879/519
f 1246/876/515 1273/877/102 1247/877/102
f 1246/876/516 1275/800/517 1274/876/516
f 1276/894/233 1275/800/187 1110/800/187
f 1225/871/124 1300/915/205 1298/915/205
f 1227/873/107 1299/871/490 1225/871/490
f 1301/916/282 1299/871/283 1265/873/341
f 1264/893/321 1301/916/340 1265/873/280
f 1266/891/277 1303/917/278 1264/893/278
f 1267/889/274 1304/918/275 1266/891/276
f 1306/919/272 1267/889/273 1268/887/272
f 1307/920/310 1268/887/270 1269/885/310
f 1270/883/520 1307/920/268 1269/885/268
f 1309/921/266 1270/883/265 1271/881/266
f 1272/879/306 1309/921/338 1271/881/263
f 1272/879/261 1311/922/259 1310/923/260
f 1274/876/256 1311/922/257 1273/877/258
f 1274/876/253 1313/924/254 1312/925/255
f 1277/894/521 1313/924/522 1275/800/252
f 1314/926/221 1315/897/251 1316/927/183
f 1280/897/188 1277/894/505 1276/894/505
f 1282/899/191 1315/897/192 1280/897/192
f 1284/901/193 1317/899/203 1282/899/203
f 1286/903/196 1318/901/197 1284/901/197
f 1288/905/243 1319/903/168 1286/903/168
f 1290/907/295 1320/905/148 1288/905/148
f 1292/909/162 1321/907/163 1290/907/163
f 1294/911/140 1322/909/161 1292/909/161
f 1296/913/158 1323/911/123 1294/911/123
f 1298/915/105 1324/913/106 1296/913/509
f 1325/928/498 1324/913/328 1300/915/292
f 1302/929/1 1327/930/1 1328/931/1
f 1329/935/523 1343/934/150 1320/905/150
f 1322/909/151 1330/936/524 1321/907/524
f 1332/937/211 1322/909/155 1323/911/239
f 1332/937/327 1324/913/157 1326/938/157
f 1336/933/525 1335/939/245 1319/903/245
f 1335/939/300 1318/901/175 1319/903/174
f 1334/940/248 1317/899/325 1318/901/177
f 1315/897/181 1333/941/220 1316/927/181
f 1325/928/286 1299/871/323 1302/929/323
f 1297/914/204 1345/870/108 1224/870/108
f 1295/912/110 1344/914/111 1297/914/111
f 1293/910/112 1346/912/113 1295/912/113
f 1291/908/114 1347/910/512 1293/910/512
f 1289/906/117 1348/908/118 1291/908/118
f 1287/904/216 1349/906/217 1289/906/217
f 1285/902/224 1350/904/288 1287/904/289
f 1283/900/226 1351/902/227 1285/902/227
f 1281/898/229 1352/900/230 1283/900/230
f 1279/896/231 1353/898/232 1281/898/232
f 1279/896/102 1355/895/515 1354/896/102
f 1111/801/507 1355/895/200 1278/895/200
f 1357/942/233 1356/801/187 1111/801/223
f 1224/870/124 1380/963/205 1379/963/205
f 1382/964/526 1345/870/322 1381/965/285
f 1381/965/1 1383/966/1 1384/967/1
f 1385/971/294 1414/970/150 1416/953/150
f 1387/972/151 1415/955/237 1417/957/151
f 1418/959/211 1387/972/155 1417/957/155
f 1389/973/157 1418/959/327 1419/961/157
f 1377/961/158 1418/959/123 1375/959/528
f 1379/963/105 1419/961/106 1377/961/106
f 1382/964/498 1419/961/235 1380/963/292
f 1375/959/140 1417/957/161 1373/957/161
f 1373/957/162 1415/955/163 1371/955/163
f 1371/955/295 1416/953/165 1369/953/166
f 1369/953/167 1420/951/296 1367/951/296
f 1407/969/170 1406/974/245 1420/951/245
f 1420/951/174 1405/975/301 1421/949/175
f 1405/975/248 1422/947/325 1421/949/177
f 1403/976/181 1422/947/220 1404/977/220
f 1402/978/221 1423/945/183 1403/976/251
f 1358/942/222 1401/979/185 1356/801/185
f 1355/895/253 1401/979/302 1400/980/255
f 1354/896/257 1400/980/303 1399/981/332
f 1354/896/259 1398/982/261 1353/898/260
f 1353/898/262 1397/983/338 1352/900/263
f 1397/983/266 1351/902/265 1352/900/264
f 1396/984/520 1350/904/268 1351/902/309
f 1350/904/310 1394/985/270 1349/906/270
f 1349/906/272 1393/986/273 1348/908/273
f 1393/986/274 1347/910/275 1348/908/274
f 1392/987/277 1346/912/278 1347/910/277
f 1346/912/339 1390/988/280 1344/914/280
f 1390/988/282 1345/870/283 1344/914/341
f 1361/945/188 1358/942/505 1357/942/506
f 1363/947/201 1423/945/192 1361/945/192
f 1365/949/193 1422/947/203 1363/947/203
f 1367/951/196 1421/949/197 1365/949/197
f 1378/962/204 1425/869/108 1223/869/108
f 1376/960/110 1424/962/111 1378/962/111
f 1374/958/112 1426/960/113 1376/960/113
f 1372/956/114 1427/958/512 1374/958/512
f 1370/954/117 1428/956/118 1372/956/118
f 1368/952/216 1429/954/217 1370/954/217
f 1366/950/224 1430/952/288 1368/952/289
f 1364/948/226 1431/950/227 1366/950/227
f 1362/946/229 1432/948/230 1364/948/230
f 1360/944/231 1433/946/232 1362/946/232
f 1360/944/102 1435/943/515 1434/944/102
f 1112/802/507 1435/943/200 1359/943/200
f 1212/850/233 1436/802/187 1112/802/223
f 1213/852/188 1437/850/505 1212/850/505
f 1214/854/201 1438/852/192 1213/852/192
f 1215/856/193 1439/854/203 1214/854/203
f 1216/857/196 1440/856/197 1215/856/197
f 1217/859/167 1441/857/168 1216/857/168
f 1218/861/295 1442/859/148 1217/859/148
f 1219/863/162 1443/861/163 1218/861/163
f 1220/864/140 1444/863/161 1219/863/161
f 1221/866/158 1445/864/123 1220/864/528
f 1222/868/105 1446/866/106 1221/866/106
f 1223/869/124 1447/868/205 1222/868/205
f 1449/989/526 1425/869/322 1448/990/322
f 1448/990/1 1450/991/1 1451/992/1
f 1452/996/294 1481/995/150 1442/859/150
f 1444/863/151 1453/997/209 1443/861/237
f 1455/998/239 1444/863/155 1445/864/239
f 1456/999/157 1445/864/156 1446/866/157
f 1449/989/498 1446/866/235 1447/868/292
f 1474/994/525 1473/1000/245 1441/857/171
f 1441/857/300 1472/1001/301 1440/856/301
f 1472/1001/248 1439/854/219 1440/856/177
f 1470/1002/181 1439/854/220 1471/1003/220
f 1437/850/530 1470/1002/251 1469/1004/221
f 1437/850/222 1468/1005/185 1436/802/185
f 1435/943/253 1468/1005/302 1467/1006/255
f 1434/944/257 1467/1006/336 1466/1007/332
f 1434/944/259 1465/1008/261 1433/946/260
f 1433/946/306 1464/1009/338 1432/948/263
f 1432/948/307 1463/1010/308 1431/950/308
f 1463/1010/520 1430/952/531 1431/950/309
f 1430/952/269 1461/1011/270 1429/954/270
f 1461/1011/313 1428/956/532 1429/954/533
f 1428/956/274 1459/1012/275 1427/958/275
f 1459/1012/534 1426/960/319 1427/958/277
f 1426/960/321 1457/1013/280 1424/962/280
f 1457/1013/341 1425/869/283 1424/962/341
f 1228/874/158 1482/892/123 1262/892/123
f 1484/1014/327 1230/874/157 1483/1015/157
f 1491/1016/1 1485/1017/1 1486/1018/1
f 1487/1022/149 1516/1021/150 1518/886/150
f 1519/890/151 1488/1023/209 1517/888/237
f 1484/1014/239 1519/890/155 1482/892/211
f 1262/892/140 1519/890/161 1260/890/161
f 1260/890/162 1517/888/163 1258/888/163
f 1258/888/295 1518/886/148 1256/886/148
f 1256/886/167 1520/884/169 1254/884/169
f 1509/1020/170 1508/1024/245 1520/884/245
f 1508/1024/300 1521/882/175 1520/884/300
f 1521/882/177 1506/1025/219 1522/880/219
f 1523/878/181 1506/1025/180 1505/1026/179
f 1245/875/182 1505/1026/251 1504/1027/182
f 1245/875/222 1503/1028/185 1243/799/185
f 1242/798/253 1503/1028/535 1502/1029/255
f 1241/797/257 1502/1029/256 1501/1030/258
f 1241/797/259 1500/1031/261 1240/796/260
f 1500/1031/262 1239/795/263 1240/796/262
f 1499/1032/266 1238/794/265 1239/795/264
f 1238/794/267 1497/1033/268 1237/793/531
f 1497/1033/310 1236/792/270 1237/793/310
f 1496/1034/330 1235/791/273 1236/792/330
f 1235/791/274 1494/1035/276 1234/790/276
f 1494/1035/534 1233/789/319 1234/790/277
f 1233/789/339 1492/1036/340 1232/788/280
f 1492/1036/282 1231/787/283 1232/788/341
f 1490/1037/536 1231/787/322 1491/1016/329
f 1490/1037/498 1230/874/235 1229/872/292
f 1248/878/188 1245/875/505 1244/875/505
f 1250/880/191 1523/878/192 1248/878/192
f 1252/882/193 1522/880/194 1250/880/194
f 1254/884/196 1521/882/197 1252/882/197
f 1145/867/107 1133/808/490 1130/808/490
f 1146/865/110 1524/867/511 1145/867/518
f 1147/811/112 1525/865/113 1146/865/113
f 1148/862/114 1526/811/512 1147/811/512
f 1149/860/117 1527/862/118 1148/862/118
f 1150/858/216 1528/860/217 1149/860/217
f 1151/812/224 1529/858/225 1150/858/513
f 1152/855/226 1530/812/227 1151/812/227
f 1153/853/229 1531/855/230 1152/855/514
f 1154/851/231 1532/853/232 1153/853/232
f 1155/813/515 1533/851/102 1154/851/102
f 1211/813/256 1185/1038/258 1533/851/258
f 1211/813/255 1187/849/254 1186/1039/255
f 1533/851/259 1184/1040/261 1532/853/260
f 1184/1040/306 1531/855/338 1532/853/262
f 1531/855/264 1182/1041/537 1530/812/537
f 1530/812/520 1181/1042/268 1529/858/268
f 1181/1042/310 1528/860/270 1529/858/310
f 1180/1043/533 1527/862/273 1528/860/533
f 1527/862/274 1178/1044/538 1526/811/316
f 1178/1044/277 1525/865/278 1526/811/277
f 1525/865/339 1176/1045/340 1524/867/340
f 1176/1045/282 1133/808/283 1524/867/341
f 1167/832/536 1133/808/322 1175/833/329
f 378/298/105 1566/1062/106 1564/1062/106
f 1592/1076/105 1596/1078/106 1594/1078/106
f 381/301/124 1595/1076/100 1592/1076/100
f 386/306/204 1597/301/490 381/301/510
f 387/307/110 1598/306/511 386/306/511
f 388/308/112 1599/307/113 387/307/113
f 389/309/114 1600/308/512 388/308/548
f 1602/1079/117 1601/309/118 389/309/118
f 1561/1059/295 1629/1064/165 1582/1064/165
f 1562/1060/162 1628/1059/163 1561/1059/163
f 1563/1061/140 1630/1060/161 1562/1060/161
f 1564/1062/158 1631/1061/123 1563/1061/123
f 1632/1100/157 1631/1061/156 1566/1062/157
f 1640/1101/1 1634/1102/1 1635/1103/1
f 1636/1107/149 1665/1106/550 1629/1064/551
f 1630/1060/151 1637/1108/152 1628/1059/209
f 1633/1109/552 1630/1060/155 1631/1061/154
f 1658/1105/170 1657/1110/171 1666/1099/171
f 1666/1099/174 1656/1111/301 1667/1097/301
f 1656/1111/248 1668/1096/325 1667/1097/177
f 1654/1112/181 1668/1096/180 1655/1113/180
f 1670/1093/182 1654/1112/251 1653/1114/182
f 1670/1093/222 1652/1115/185 1671/1090/185
f 1577/1093/233 1671/1090/187 1576/1090/187
f 1578/1095/188 1670/1093/505 1577/1093/506
f 1579/1096/201 1669/1095/192 1578/1095/192
f 1580/1097/193 1668/1096/203 1579/1096/203
f 1581/1099/196 1667/1097/197 1580/1097/197
f 1582/1064/167 1666/1099/168 1581/1099/168
f 1576/1090/507 1672/1116/516 1575/1116/516
f 1585/1067/162 1681/1128/163 1679/1128/163
f 1586/1069/140 1680/1067/161 1585/1067/161
f 1587/1070/158 1682/1069/123 1586/1069/528
f 1588/1072/105 1683/1070/106 1587/1070/106
f 1589/1073/124 1684/1072/100 1588/1072/100
f 1686/1129/204 1685/1073/490 1589/1073/490
f 1590/1074/124 1690/1130/100 1688/1130/100
f 1691/1131/204 1689/1074/490 1590/1074/490
f 1591/1075/99 1695/1132/205 1693/1132/205
f 1593/1077/204 1694/1075/490 1591/1075/490
f 1697/1133/110 1696/1077/511 1593/1077/518
f 1594/1078/158 1700/1134/123 1699/1134/123
f 1701/1135/208 1700/1134/156 1596/1078/157
f 1709/1136/1 1703/1137/1 1704/1138/1
f 1704/1138/5 1731/1142/5 1705/1142/5
f 1705/1142/147 1733/1141/148 1734/1141/148
f 1705/1142/149 1734/1141/550 1736/1143/550
f 1737/1144/151 1706/1145/209 1735/1146/237
f 1702/1147/239 1737/1144/155 1700/1134/211
f 1699/1134/140 1737/1144/161 1738/1144/161
f 1739/1148/212 1698/1133/113 1697/1133/113
f 1741/1149/114 1740/1148/512 1739/1148/512
f 1738/1144/162 1735/1146/163 1743/1146/163
f 1743/1146/295 1736/1143/148 1744/1143/148
f 1745/1150/117 1742/1149/118 1741/1149/118
f 1747/1151/216 1746/1150/217 1745/1150/217
f 1744/1143/167 1750/1152/169 1749/1152/169
f 1727/1140/170 1726/1153/171 1750/1152/171
f 1734/1141/243 1732/1140/502 1727/1140/502
f 1727/1140/3 1730/1139/3 1728/1139/3
f 1750/1152/174 1725/1154/301 1751/1155/301
f 1725/1154/248 1752/1156/325 1751/1155/248
f 1723/1157/179 1752/1156/553 1724/1158/554
f 1754/1159/221 1723/1157/251 1722/1160/221
f 1754/1159/222 1721/1161/185 1755/1086/185
f 1756/1159/233 1755/1086/187 1610/1086/187
f 1764/1167/555 1748/1151/225 1747/1151/513
f 1762/1166/226 1765/1167/556 1764/1167/556
f 1760/1165/229 1766/1166/230 1762/1166/230
f 1758/1163/231 1767/1165/232 1760/1165/519
f 1757/1162/101 1768/1163/102 1758/1163/102
f 1757/1162/516 1770/1087/517 1769/1162/516
f 1771/1168/233 1770/1087/187 1611/1087/223
f 1693/1132/105 1792/1187/106 1791/1187/509
f 1794/1188/328 1695/1132/498 1793/1189/292
f 1801/1190/1 1795/1191/1 1796/1192/1
f 1797/1196/149 1826/1195/550 1828/1179/550
f 1829/1183/151 1798/1197/524 1827/1181/152
f 1800/1198/211 1829/1183/155 1830/1185/211
f 1794/1188/241 1830/1185/156 1792/1187/157
f 1791/1187/158 1830/1185/123 1789/1185/123
f 1789/1185/140 1829/1183/161 1787/1183/161
f 1787/1183/162 1827/1181/163 1785/1181/163
f 1785/1181/295 1828/1179/165 1783/1179/165
f 1783/1179/243 1831/1177/296 1781/1177/296
f 1819/1194/170 1818/1199/245 1831/1177/557
f 1818/1199/246 1832/1175/247 1831/1177/176
f 1817/1200/248 1833/1173/219 1832/1175/177
f 1815/1201/558 1833/1173/180 1816/1202/553
f 1772/1168/221 1815/1201/251 1814/1203/221
f 1772/1168/222 1813/1204/185 1770/1087/324
f 1769/1162/255 1813/1204/254 1812/1205/255
f 1769/1162/256 1811/1206/258 1768/1163/258
f 1767/1165/261 1811/1206/304 1810/1207/261
f 1767/1165/306 1809/1208/263 1766/1166/263
f 1809/1208/266 1765/1167/265 1766/1166/266
f 1765/1167/267 1807/1209/268 1748/1151/268
f 1807/1209/559 1746/1150/270 1748/1151/310
f 1806/1210/330 1742/1149/273 1746/1150/272
f 1742/1149/317 1804/1211/275 1740/1148/276
f 1740/1148/534 1803/1212/319 1698/1133/278
f 1803/1212/346 1696/1077/560 1698/1133/279
f 1802/1213/282 1694/1075/347 1696/1077/561
f 1793/1189/286 1694/1075/323 1801/1190/323
f 1775/1171/188 1772/1168/505 1771/1168/505
f 1777/1173/201 1834/1171/192 1775/1171/192
f 1779/1175/193 1833/1173/203 1777/1173/203
f 1781/1177/196 1832/1175/197 1779/1175/197
f 1790/1186/110 1692/1131/511 1691/1131/511
f 1788/1184/112 1835/1186/113 1790/1186/113
f 1786/1182/114 1836/1184/512 1788/1184/512
f 1784/1180/117 1837/1182/118 1786/1182/118
f 1782/1178/216 1838/1180/217 1784/1180/217
f 1780/1176/224 1839/1178/288 1782/1178/289
f 1778/1174/226 1840/1176/227 1780/1176/227
f 1776/1172/229 1841/1174/230 1778/1174/230
f 1774/1170/231 1842/1172/232 1776/1172/232
f 1774/1170/103 1844/1169/101 1843/1170/102
f 1612/1088/199 1844/1169/200 1773/1169/334
f 1846/1214/233 1845/1088/187 1612/1088/187
f 1688/1130/105 1867/1233/106 1866/1233/106
f 1869/1234/143 1690/1130/142 1868/1235/142
f 1876/1236/1 1870/1237/1 1871/1238/1
f 1872/1242/294 1901/1241/550 1903/1225/551
f 1874/1243/151 1902/1227/237 1904/1229/151
f 1905/1231/154 1874/1243/155 1904/1229/238
f 1869/1234/157 1905/1231/156 1867/1233/157
f 1866/1233/158 1905/1231/123 1864/1231/528
f 1864/1231/140 1904/1229/161 1862/1229/161
f 1862/1229/162 1902/1227/563 1860/1227/563
f 1860/1227/295 1903/1225/165 1858/1225/166
f 1858/1225/167 1906/1223/296 1856/1223/296
f 1894/1240/564 1893/1244/245 1906/1223/245
f 1906/1223/174 1892/1245/175 1907/1221/301
f 1892/1245/248 1908/1219/325 1907/1221/177
f 1890/1246/181 1908/1219/180 1891/1247/554
f 1847/1214/182 1890/1246/251 1889/1248/182
f 1847/1214/222 1888/1249/185 1845/1088/185
f 1844/1169/255 1888/1249/254 1887/1250/255
f 1844/1169/256 1886/1251/257 1843/1170/257
f 1842/1172/337 1886/1251/304 1885/1252/305
f 1842/1172/345 1884/1253/263 1841/1174/263
f 1884/1253/307 1840/1176/308 1841/1174/307
f 1883/1254/520 1839/1178/565 1840/1176/309
f 1839/1178/310 1881/1255/270 1838/1180/270
f 1838/1180/313 1880/1256/273 1837/1182/273
f 1880/1256/566 1836/1184/316 1837/1182/317
f 1836/1184/320 1878/1257/278 1835/1186/278
f 1878/1257/339 1692/1131/340 1835/1186/339
f 1877/1258/567 1689/1074/347 1692/1131/561
f 1868/1235/568 1689/1074/285 1876/1236/285
f 1850/1217/188 1847/1214/505 1846/1214/506
f 1852/1219/201 1909/1217/192 1850/1217/202
f 1854/1221/193 1908/1219/203 1852/1219/203
f 1856/1223/196 1907/1221/197 1854/1221/197
f 1865/1232/110 1687/1129/511 1686/1129/511
f 1863/1230/112 1910/1232/113 1865/1232/113
f 1861/1228/114 1911/1230/512 1863/1230/512
f 1859/1226/117 1912/1228/118 1861/1228/118
f 1857/1224/216 1913/1226/217 1859/1226/217
f 1855/1222/224 1914/1224/288 1857/1224/289
f 1853/1220/226 1915/1222/227 1855/1222/227
f 1851/1218/229 1916/1220/230 1853/1220/230
f 1849/1216/231 1917/1218/232 1851/1218/232
f 1849/1216/103 1919/1215/101 1918/1216/102
f 1613/1089/199 1919/1215/200 1848/1215/334
f 1673/1117/233 1920/1089/187 1613/1089/187
f 1674/1118/188 1921/1117/505 1673/1117/505
f 1675/1120/201 1922/1118/192 1674/1118/202
f 1676/1122/193 1923/1120/203 1675/1120/203
f 1677/1124/196 1924/1122/197 1676/1122/197
f 1678/1126/167 1925/1124/296 1677/1124/296
f 1679/1128/295 1926/1126/165 1678/1126/165
f 1928/1259/294 1929/1260/550 1926/1126/551
f 1680/1067/151 1927/1261/209 1681/1128/209
f 1931/1262/239 1680/1067/155 1682/1069/239
f 1932/1263/208 1682/1069/327 1683/1070/157
f 1936/1264/1 1933/1265/1 1934/1266/1
f 1954/1268/525 1953/1269/245 1925/1124/245
f 1925/1124/174 1952/1270/175 1924/1122/175
f 1952/1270/177 1923/1120/219 1924/1122/177
f 1950/1271/181 1923/1120/554 1951/1272/554
f 1921/1117/221 1950/1271/251 1949/1273/221
f 1921/1117/222 1948/1274/185 1920/1089/185
f 1919/1215/255 1948/1274/302 1947/1275/255
f 1919/1215/333 1946/1276/332 1918/1216/332
f 1917/1218/337 1946/1276/304 1945/1277/260
f 1917/1218/306 1944/1278/338 1916/1220/263
f 1916/1220/307 1943/1279/308 1915/1222/308
f 1943/1279/520 1914/1224/331 1915/1222/309
f 1914/1224/269 1941/1280/270 1913/1226/270
f 1941/1280/313 1912/1228/273 1913/1226/313
f 1912/1228/317 1939/1281/276 1911/1230/275
f 1911/1230/320 1938/1282/319 1910/1232/278
f 1938/1282/321 1687/1129/280 1910/1232/339
f 1937/1283/282 1685/1073/347 1687/1129/561
f 1935/1284/568 1685/1073/323 1936/1264/322
f 1932/1263/143 1684/1072/144 1935/1284/144
f 1749/1152/196 1751/1155/197 1763/1155/197
f 1763/1155/193 1752/1156/203 1761/1156/203
f 1761/1156/201 1753/1164/192 1759/1164/192
f 1759/1164/188 1754/1159/505 1756/1159/505
f 1609/1085/516 1755/1086/507 1961/1085/516
f 1961/1085/255 1721/1161/535 1720/1285/255
f 1961/1085/256 1719/1286/258 1962/1084/258
f 1609/1085/101 1962/1084/102 1608/1084/103
f 1608/1084/231 1963/1083/232 1607/1083/232
f 1963/1083/337 1719/1286/304 1718/1287/261
f 1963/1083/306 1717/1288/338 1964/1082/338
f 1717/1288/264 1965/1081/265 1964/1082/266
f 1965/1081/267 1715/1289/268 1966/1080/268
f 1715/1289/559 1603/1079/270 1966/1080/310
f 1714/1290/272 1601/309/273 1603/1079/533
f 1601/309/274 1712/1291/276 1600/308/276
f 1600/308/320 1711/1292/278 1599/307/278
f 1711/1292/346 1598/306/281 1599/307/279
f 1710/1293/282 1597/301/569 1598/306/561
f 1708/1294/286 1597/301/285 1709/1136/329
f 1701/1135/143 1595/1076/144 1708/1294/144
f 1604/1080/216 1603/1079/217 1602/1079/217
f 1605/1081/555 1966/1080/225 1604/1080/513
f 1606/1082/226 1965/1081/227 1605/1081/227
f 1607/1083/229 1964/1082/230 1606/1082/514
f 1569/1127/117 1968/1068/118 1568/1068/118
f 1570/1125/216 1967/1127/217 1569/1127/217
f 1571/1123/555 1969/1125/225 1570/1125/513
f 1572/1121/226 1970/1123/227 1571/1123/227
f 1573/1119/229 1971/1121/230 1572/1121/514
f 1574/1063/231 1972/1119/232 1573/1119/232
f 1575/1116/101 1973/1063/102 1574/1063/102
f 1672/1116/256 1650/1295/258 1973/1063/258
f 1672/1116/255 1652/1115/254 1651/1296/255
f 1972/1119/337 1650/1295/570 1649/1297/305
f 1972/1119/345 1648/1298/338 1971/1121/338
f 1648/1298/266 1970/1123/265 1971/1121/266
f 1970/1123/267 1646/1299/268 1969/1125/268
f 1646/1299/559 1967/1127/270 1969/1125/310
f 1645/1300/272 1968/1068/273 1967/1127/533
f 1968/1068/274 1643/1301/316 1974/1066/538
f 1974/1066/320 1642/1302/278 1975/1065/278
f 1642/1302/346 1976/1071/560 1975/1065/346
f 1641/1303/282 1977/299/347 1976/1071/561
f 1639/1304/286 1977/299/285 1640/1101/329
f 1632/1100/499 1565/298/144 1639/1304/144
f 379/299/124 1565/298/100 378/298/100
f 1583/1071/204 1977/299/490 379/299/490
f 1584/1065/110 1976/1071/511 1583/1071/518
f 1567/1066/212 1975/1065/113 1584/1065/113
f 1568/1068/114 1974/1066/512 1567/1066/548
f 2052/1352/124 2056/1354/205 2054/1354/205
f 2089/1375/571 2093/1377/106 2091/1377/106
f 2115/1390/110 2117/1376/511 2090/1376/518
f 2114/1388/212 2116/1390/113 2115/1390/113
f 2113/1386/114 2135/1388/512 2114/1388/548
f 2112/1384/117 2136/1386/118 2113/1386/118
f 2111/1381/216 2137/1384/572 2112/1384/572
f 2118/1393/224 2138/1381/225 2111/1381/225
f 2094/1383/196 2141/1380/197 2110/1380/197
f 2095/1382/243 2140/1383/296 2094/1383/296
f 2096/1385/214 2142/1382/165 2095/1382/166
f 2097/1387/162 2143/1385/163 2096/1385/163
f 2098/1389/573 2144/1387/161 2097/1387/574
f 2091/1377/158 2145/1389/159 2098/1389/159
f 2147/1394/207 2093/1377/208 2146/1395/208
f 2154/1396/1 2148/1397/1 2149/1398/1
f 2150/1402/236 2179/1401/577 2142/1382/150
f 2144/1387/151 2151/1403/237 2143/1385/237
f 2147/1394/239 2144/1387/155 2145/1389/239
f 2172/1400/578 2171/1404/579 2140/1383/171
f 2171/1404/174 2141/1380/301 2140/1383/174
f 2141/1380/248 2169/1405/219 2180/1406/219
f 2181/1407/179 2169/1405/554 2168/1408/181
f 2167/1409/182 2181/1407/251 2168/1408/251
f 2183/1379/185 2167/1409/521 2166/1410/252
f 2107/1411/582 2183/1379/187 2106/1379/223
f 2119/1414/226 2139/1393/227 2118/1393/227
f 2120/1392/229 2184/1414/230 2119/1414/230
f 2121/1413/231 2185/1392/232 2120/1392/519
f 2122/1412/101 2186/1413/102 2121/1413/102
f 2122/1412/508 2188/1415/199 2187/1412/508
f 2099/1421/117 2190/335/118 420/335/118
f 2100/1420/216 2189/1421/572 2099/1421/572
f 2101/1419/224 2191/1420/225 2100/1420/225
f 2102/1378/226 2192/1419/227 2101/1419/227
f 2103/1418/229 2193/1378/230 2102/1378/230
f 2104/1417/231 2194/1418/232 2103/1418/232
f 2105/1416/101 2195/1417/102 2104/1417/102
f 2105/1416/583 2183/1379/335 2196/1416/508
f 2183/1379/584 2165/1422/255 2196/1416/255
f 2195/1417/257 2165/1422/303 2164/1423/332
f 2195/1417/304 2163/1424/260 2194/1418/260
f 2163/1424/262 2193/1378/338 2194/1418/306
f 2193/1378/264 2161/1425/265 2192/1419/265
f 2192/1419/267 2160/1426/565 2191/1420/565
f 2160/1426/271 2189/1421/270 2191/1420/269
f 2189/1421/272 2158/1427/273 2190/335/315
f 2190/335/317 2157/1428/276 2197/334/276
f 2157/1428/277 2198/333/319 2197/334/277
f 2156/1429/339 2199/332/280 2198/333/321
f 2199/332/282 2154/1396/283 2200/329/283
f 2154/1396/329 2092/1375/286 2200/329/285
f 2146/1395/235 2092/1375/292 2153/1430/292
f 415/329/124 2092/1375/205 2089/1375/205
f 417/332/204 2200/329/108 415/329/109
f 418/333/110 2199/332/511 417/332/511
f 419/334/212 2198/333/113 418/333/113
f 420/335/114 2197/334/512 419/334/512
f 2054/1354/571 2223/1445/106 2062/1445/106
f 2225/1446/235 2056/1354/498 2224/1447/292
f 2232/1448/1 2226/1449/1 2227/1450/1
f 2228/1454/588 2257/1453/577 2259/1357/150
f 2230/1455/151 2258/1456/152 2260/1457/589
f 2231/1458/154 2260/1457/155 2261/1459/154
f 2231/1458/327 2223/1445/157 2225/1446/157
f 2062/1445/158 2261/1459/123 2061/1459/123
f 2061/1459/573 2260/1457/161 2060/1457/574
f 2060/1457/162 2258/1456/163 2059/1456/163
f 2059/1456/164 2259/1357/165 2058/1357/166
f 2058/1357/167 2270/1466/296 2078/1466/296
f 2250/1452/578 2249/1467/579 2270/1466/171
f 2249/1467/174 2271/1359/175 2270/1466/174
f 2271/1359/248 2247/1468/219 2272/1469/590
f 2273/1358/181 2247/1468/220 2246/1470/181
f 2245/1471/221 2273/1358/251 2246/1470/251
f 2275/1433/185 2245/1471/521 2244/1472/252
f 2074/1473/186 2275/1433/187 2073/1433/187
f 2078/1466/196 2271/1359/591 2077/1359/591
f 2077/1359/193 2272/1469/194 2076/1469/195
f 2076/1469/201 2273/1358/192 2075/1358/192
f 2075/1358/188 2274/1473/505 2074/1473/506
f 2073/1433/199 2285/1476/508 2072/1476/508
f 2079/1361/196 2291/1483/197 2289/1483/197
f 2087/1373/124 2315/1505/205 2313/1505/205
f 2312/1503/158 2328/1501/123 2311/1501/528
f 2313/1505/571 2327/1503/106 2312/1503/106
f 2330/1507/235 2315/1505/292 2329/1508/292
f 2337/1509/1 2331/1510/1 2332/1511/1
f 2333/1515/593 2362/1514/577 2364/1495/150
f 2335/1516/153 2363/1497/524 2365/1499/153
f 2328/1501/154 2335/1516/155 2365/1499/238
f 2330/1507/157 2328/1501/327 2327/1503/157
f 2311/1501/140 2365/1499/161 2310/1499/574
f 2310/1499/162 2363/1497/163 2309/1497/163
f 2309/1497/295 2364/1495/165 2308/1495/165
f 2308/1495/167 2366/1494/296 2307/1494/297
f 2355/1513/525 2354/1517/171 2366/1494/171
f 2366/1494/300 2353/1518/301 2367/1492/175
f 2353/1518/177 2368/1490/178 2367/1492/177
f 2351/1519/181 2368/1490/220 2352/1520/220
f 2350/1521/182 2369/1488/251 2351/1519/251
f 2371/1431/185 2350/1521/595 2349/1522/522
f 2303/1487/186 2371/1431/187 2201/1431/187
f 2304/1488/188 2370/1487/505 2303/1487/506
f 2305/1490/201 2369/1488/192 2304/1488/202
f 2306/1492/193 2368/1490/203 2305/1490/203
f 2307/1494/196 2367/1492/197 2306/1492/198
f 2201/1431/507 2372/1523/508 2326/1523/508
f 2088/1374/124 2374/1542/205 2134/1542/205
f 2090/1376/204 2373/1374/108 2088/1374/109
f 2117/1376/282 2376/1543/283 2373/1374/284
f 2377/1544/339 2117/1376/280 2116/1390/321
f 2135/1388/534 2377/1544/319 2116/1390/278
f 2379/1545/274 2135/1388/275 2136/1386/317
f 2137/1384/272 2379/1545/273 2136/1386/273
f 2381/1546/271 2137/1384/270 2138/1381/269
f 2139/1393/267 2381/1546/565 2138/1381/565
f 2184/1414/264 2382/1547/265 2139/1393/265
f 2384/1548/306 2184/1414/338 2185/1392/262
f 2185/1392/260 2385/1549/259 2384/1548/260
f 2186/1413/257 2386/1550/303 2385/1549/257
f 2188/1415/584 2386/1550/255 2187/1412/255
f 2188/1415/185 2389/1551/222 2387/1552/324
f 2124/1524/233 2188/1415/234 2123/1415/234
f 2125/1526/188 2388/1524/505 2124/1524/505
f 2126/1528/201 2390/1526/192 2125/1526/192
f 2127/1530/193 2391/1528/203 2126/1528/203
f 2128/1532/196 2392/1530/197 2127/1530/198
f 2129/1534/167 2393/1532/296 2128/1532/296
f 2130/1536/295 2394/1534/148 2129/1534/242
f 2131/1537/162 2395/1536/163 2130/1536/163
f 2132/1391/140 2396/1537/161 2131/1537/574
f 2133/1540/158 2397/1391/159 2132/1391/159
f 2134/1542/571 2398/1540/106 2133/1540/106
f 2399/1553/292 2398/1540/235 2374/1542/292
f 2376/1543/1 2401/1554/1 2402/1555/1
f 2403/1559/294 2418/1558/577 2394/1534/551
f 2396/1537/153 2404/1560/524 2395/1536/152
f 2397/1391/154 2405/1561/155 2396/1537/238
f 2406/1562/207 2398/1540/208 2400/1563/208
f 2411/1557/525 2410/1564/171 2393/1532/171
f 2410/1564/300 2392/1530/175 2393/1532/174
f 2392/1530/248 2408/1565/325 2391/1528/325
f 2390/1526/181 2408/1565/220 2407/1566/179
f 2389/1551/182 2390/1526/251 2407/1566/183
f 2376/1543/285 2374/1542/568 2373/1374/285
f 2316/1541/204 2314/1373/108 2087/1373/108
f 2317/1539/110 2419/1541/511 2316/1541/511
f 2318/1538/212 2420/1539/113 2317/1539/113
f 2319/1506/114 2421/1538/512 2318/1538/548
f 2320/1535/117 2422/1506/118 2319/1506/118
f 2321/1533/287 2423/1535/217 2320/1535/217
f 2322/1531/224 2424/1533/225 2321/1533/225
f 2323/1529/226 2425/1531/227 2322/1531/227
f 2324/1527/229 2426/1529/230 2323/1529/230
f 2325/1525/231 2427/1527/232 2324/1527/232
f 2325/1525/103 2372/1523/101 2428/1525/102
f 2428/1525/257 2348/1567/303 2347/1568/257
f 2371/1431/584 2348/1567/255 2372/1523/596
f 2428/1525/304 2346/1569/260 2427/1527/260
f 2427/1527/345 2345/1570/597 2426/1529/338
f 2345/1570/264 2425/1531/308 2426/1529/264
f 2344/1571/520 2424/1533/565 2425/1531/520
f 2424/1533/269 2342/1572/311 2423/1535/312
f 2423/1535/313 2341/1573/314 2422/1506/315
f 2341/1573/274 2421/1538/316 2422/1506/317
f 2340/1574/534 2420/1539/319 2421/1538/277
f 2420/1539/339 2338/1575/280 2419/1541/280
f 2419/1541/341 2337/1509/283 2314/1373/283
f 2337/1509/329 2315/1505/286 2314/1373/285
f 2293/1504/204 2430/1372/108 2086/1372/108
f 2294/1502/110 2429/1504/511 2293/1504/511
f 2295/1500/212 2431/1502/113 2294/1502/113
f 2296/1498/114 2432/1500/512 2295/1500/548
f 2297/1496/117 2433/1498/118 2296/1498/118
f 2298/1484/287 2434/1496/217 2297/1496/217
f 2299/1493/224 2435/1484/225 2298/1484/225
f 2300/1491/226 2436/1493/227 2299/1493/227
f 2301/1489/229 2437/1491/230 2300/1491/230
f 2302/1485/231 2438/1489/232 2301/1489/232
f 2302/1485/103 2440/1486/101 2439/1485/102
f 2202/1432/507 2440/1486/516 2292/1486/516
f 2286/1477/186 2441/1432/187 2202/1432/187
f 2287/1479/188 2442/1477/505 2286/1477/505
f 2288/1481/201 2443/1479/192 2287/1479/202
f 2289/1483/193 2444/1481/203 2288/1481/203
f 2291/1483/248 2446/1576/325 2444/1481/219
f 2447/1577/174 2291/1483/301 2290/1361/174
f 2450/1578/525 2447/1577/171 2290/1361/171
f 2453/1579/593 2449/1580/577 2448/1363/150
f 2455/1581/210 2451/1365/209 2454/1366/210
f 2456/1368/211 2455/1581/155 2454/1366/238
f 2458/1582/157 2456/1368/327 2459/1369/157
f 2463/1583/1 2460/1584/1 2461/1585/1
f 2458/1582/499 2484/1371/144 2462/1587/144
f 2085/1371/571 2459/1369/106 2084/1369/106
f 2086/1372/124 2484/1371/205 2085/1371/205
f 2463/1583/323 2484/1371/286 2430/1372/322
f 2429/1504/282 2463/1583/283 2430/1372/283
f 2431/1502/339 2464/1588/280 2429/1504/280
f 2466/1589/534 2431/1502/319 2432/1500/277
f 2467/1590/317 2432/1500/276 2433/1498/317
f 2468/1591/313 2433/1498/315 2434/1496/313
f 2435/1484/310 2468/1591/311 2434/1496/312
f 2470/1592/520 2435/1484/268 2436/1493/520
f 2437/1491/266 2470/1592/537 2436/1493/265
f 2472/1593/306 2437/1491/338 2438/1489/262
f 2439/1485/304 2472/1593/260 2438/1489/260
f 2439/1485/257 2474/1594/303 2473/1595/257
f 2441/1432/584 2474/1594/255 2440/1486/596
f 2441/1432/185 2476/1596/595 2475/1597/324
f 2476/1596/530 2443/1479/251 2477/1598/598
f 2477/1598/181 2444/1481/554 2446/1576/554
f 2084/1369/158 2456/1368/123 2083/1368/528
f 2083/1368/140 2454/1366/161 2082/1366/574
f 2082/1366/162 2451/1365/163 2081/1365/163
f 2081/1365/295 2448/1363/165 2080/1363/166
f 2080/1363/167 2290/1361/296 2079/1361/296
f 2069/1482/226 2486/1362/227 2068/1362/227
f 2070/1480/229 2485/1482/230 2069/1482/230
f 2071/1478/231 2487/1480/232 2070/1480/232
f 2072/1476/101 2488/1478/102 2071/1478/102
f 2488/1478/332 2243/1599/303 2242/1600/332
f 2275/1433/584 2243/1599/255 2285/1476/255
f 2488/1478/304 2241/1601/260 2487/1480/260
f 2241/1601/306 2485/1482/338 2487/1480/306
f 2485/1482/264 2239/1602/265 2486/1362/265
f 2486/1362/267 2238/1603/565 2489/1360/565
f 2238/1603/271 2490/1364/270 2489/1360/269
f 2490/1364/272 2236/1604/273 2491/1356/315
f 2491/1356/317 2235/1605/538 2492/1367/538
f 2235/1605/277 2493/1355/278 2492/1367/277
f 2234/1606/339 2494/1370/280 2493/1355/321
f 2494/1370/282 2232/1448/283 2055/1352/284
f 2232/1448/329 2056/1354/286 2055/1352/329
f 2063/1370/107 2055/1352/108 2052/1352/108
f 2064/1355/110 2494/1370/511 2063/1370/518
f 2065/1367/212 2493/1355/113 2064/1355/113
f 2066/1356/114 2492/1367/512 2065/1367/512
f 2067/1364/117 2491/1356/118 2066/1356/118
f 2057/1360/216 2490/1364/572 2067/1364/572
f 2068/1362/224 2489/1360/225 2057/1360/225
f 2110/1380/193 2180/1406/194 2109/1406/195
f 2109/1406/201 2181/1407/192 2108/1407/192
f 2108/1407/188 2182/1411/505 2107/1411/505
f 4009/3124/102 4026/1944/515 4027/3124/102
f 2871/1943/199 4026/1944/200 2872/1944/200
f 4010/3125/186 4028/1943/234 2871/1943/234
f 4003/3118/162 4031/3127/163 4008/3127/1402
f 4030/3118/161 4003/3118/574 2881/1953/1403
f 4014/3128/158 4032/3129/123 4013/3129/528
f 4015/3130/105 4033/3128/106 4014/3128/106
f 4016/3131/124 4034/3130/205 4015/3130/1404
f 4017/3132/204 4035/3131/490 4016/3131/510
f 4018/3133/1405 4036/3132/111 4017/3132/111
f 4019/3134/212 4037/3133/113 4018/3133/113
f 4020/3135/114 4038/3134/512 4019/3134/548
f 4021/3136/117 4039/3135/118 4020/3135/118
f 4022/3137/287 4040/3136/217 4021/3136/217
f 4023/3138/224 4041/3137/225 4022/3137/225
f 4024/3122/226 4042/3138/227 4023/3138/227
f 4025/3123/229 4043/3122/230 4024/3122/230
f 4009/3124/231 4044/3123/290 4025/3123/290
f 4045/3139/259 4044/3123/260 4027/3124/259
f 4045/3139/1 4047/3140/1 4048/3141/1
f 4049/3145/1411 4078/3144/532 4039/3135/315
f 4041/3137/269 4050/3146/270 4040/3136/1412
f 4052/3147/520 4041/3137/565 4042/3138/520
f 4053/3148/264 4042/3138/537 4043/3122/264
f 4053/3148/1413 4044/3123/344 4046/3149/344
f 4071/3143/1414 4070/3150/276 4038/3134/276
f 4038/3134/277 4069/3151/278 4037/3133/278
f 4069/3151/339 4036/3132/340 4037/3133/321
f 4067/3152/347 4036/3132/341 4068/3153/341
f 4034/3130/286 4067/3152/323 4066/3154/286
f 4034/3130/498 4065/3155/143 4033/3128/499
f 4032/3129/240 4065/3155/157 4064/3156/327
f 4032/3129/239 4063/3157/238 4030/3118/238
f 4030/3118/210 4062/3158/209 4031/3127/209
f 4031/3127/1418 4061/3159/550 4079/3120/550
f 4061/3159/1419 4080/3119/245 4079/3120/1420
f 4060/3160/174 4081/3126/301 4080/3119/174
f 4081/3126/248 4058/3161/325 4082/3162/219
f 4082/3162/220 4057/3163/179 4083/3164/181
f 4057/3163/251 4029/3125/182 4083/3164/251
f 4056/3165/222 4028/1943/324 4029/3125/184
f 4028/1943/584 4054/3166/253 4026/1944/255
f 4026/1944/336 4045/3139/257 4027/3124/332
f 4011/3164/188 4029/3125/505 4010/3125/506
f 4012/3162/201 4083/3164/192 4011/3164/192
f 4082/3162/203 4012/3162/203 4004/3121/1421
f 4006/3119/196 4081/3126/197 4005/3126/197
f 4007/3120/243 4080/3119/296 4006/3119/296
f 4008/3127/295 4079/3120/148 4007/3120/148
f 4216/3291/158 4218/3292/123 4215/3292/528
f 4244/3298/1603 4237/3298/194 4219/3295/1604
f 4239/3296/196 4243/3299/197 4238/3299/197
f 4240/3297/243 4245/3296/168 4239/3296/168
f 4241/3300/295 4246/3297/148 4240/3297/242
f 4242/3301/162 4247/3300/563 4241/3300/563
f 4248/3301/161 4242/3301/161 4220/3302/1605
f 4218/3292/211 4250/3303/155 4248/3301/238
f 4218/3292/1606 4251/3304/208 4249/3305/240
f 4217/3291/235 4253/3306/498 4251/3304/235
f 4221/3307/105 4217/3291/106 4216/3291/106
f 4222/3308/99 4252/3307/100 4221/3307/1607
f 4223/3309/204 4254/3308/490 4222/3308/490
f 4224/3310/110 4255/3309/111 4223/3309/111
f 4225/3311/112 4256/3310/113 4224/3310/113
f 4226/3312/114 4257/3311/512 4225/3311/512
f 4227/3313/117 4258/3312/118 4226/3312/118
f 4228/3314/287 4259/3313/217 4227/3313/217
f 4229/3315/224 4260/3314/288 4228/3314/288
f 4230/3316/226 4261/3315/227 4229/3315/227
f 4231/3317/343 4262/3316/230 4230/3316/230
f 4232/3318/231 4263/3317/232 4231/3317/232
f 4232/3318/102 4265/3319/101 4264/3318/102
f 4234/3293/507 4265/3319/200 4233/3319/200
f 4235/3294/233 4266/3293/187 4234/3293/187
f 4236/3320/1608 4267/3294/505 4235/3294/505
f 4237/3298/191 4268/3320/192 4236/3320/192
f 4244/3298/220 4270/3321/181 4268/3320/181
f 4243/3299/177 4269/3322/219 4244/3298/219
f 4272/3323/174 4243/3299/175 4245/3296/174
f 4273/3324/1609 4245/3296/245 4246/3297/1609
f 4247/3300/1610 4273/3324/550 4246/3297/550
f 4247/3300/524 4250/3303/589 4274/3325/152
f 4283/3326/1 4275/3327/1 4276/3328/1
f 4277/3332/1411 4298/3331/532 4258/3312/532
f 4260/3314/269 4278/3333/311 4259/3313/312
f 4280/3334/267 4260/3314/565 4261/3315/309
f 4281/3335/264 4261/3315/265 4262/3316/266
f 4281/3335/263 4263/3317/345 4282/3336/344
f 4282/3336/260 4264/3318/259 4283/3326/259
f 4284/3337/303 4264/3318/332 4265/3319/303
f 4285/3338/584 4265/3319/253 4266/3293/584
f 4267/3294/595 4285/3338/185 4266/3293/185
f 4270/3321/1614 4267/3294/182 4268/3320/1614
f 4291/3330/1414 4290/3339/276 4257/3311/316
f 4290/3339/534 4256/3310/319 4257/3311/277
f 4256/3310/346 4288/3340/280 4255/3309/280
f 4287/3341/283 4255/3309/341 4288/3340/341
f 4252/3307/568 4287/3341/285 4253/3306/286
f 4299/3342/1610 4301/3343/550 4302/3344/550
f 4303/3345/210 4300/3346/209 4299/3342/209
f 4306/3345/162 4299/3342/163 4305/3342/163
f 4303/3345/161 4306/3345/574 4307/3351/1605
f 4313/3352/158 4331/3353/123 4312/3353/528
f 4314/3354/105 4332/3352/1618 4313/3352/1618
f 4315/3355/124 4333/3354/205 4314/3354/1404
f 4316/3356/204 4334/3355/108 4315/3355/108
f 4317/3357/110 4335/3356/111 4316/3356/111
f 4318/3358/112 4336/3357/113 4317/3357/113
f 4319/3359/114 4337/3358/512 4318/3358/512
f 4320/3360/117 4338/3359/118 4319/3359/118
f 4321/3361/287 4339/3360/217 4320/3360/217
f 4322/3362/224 4340/3361/225 4321/3361/225
f 4323/3363/226 4341/3362/556 4322/3362/556
f 4324/3364/229 4342/3363/230 4323/3363/230
f 4325/3365/231 4343/3364/1619 4324/3364/1619
f 4325/3365/1620 4345/3366/101 4344/3365/1621
f 4327/3349/199 4345/3366/200 4326/3366/200
f 4328/3350/186 4346/3349/187 4327/3349/187
f 4329/3367/188 4347/3350/505 4328/3350/506
f 4330/3368/201 4348/3367/192 4329/3367/192
f 4349/3368/194 4330/3368/194 4308/3348/1622
f 4310/3347/1623 4350/3369/197 4309/3369/197
f 4311/3344/167 4351/3347/296 4310/3347/296
f 4305/3342/295 4302/3344/148 4311/3344/242
f 4301/3343/1420 4351/3347/171 4302/3344/1420
f 4361/3370/1 4353/3371/1 4354/3372/1
f 4355/3376/1625 4382/3375/315 4338/3359/315
f 4340/3361/310 4356/3377/270 4339/3360/1412
f 4358/3378/520 4340/3361/565 4341/3362/520
f 4359/3379/264 4341/3362/537 4342/3363/264
f 4359/3379/1626 4343/3364/345 4360/3380/306
f 4361/3370/259 4343/3364/305 4344/3365/259
f 4345/3366/303 4361/3370/332 4344/3365/257
f 4346/3349/302 4362/3381/253 4345/3366/253
f 4364/3382/222 4346/3349/252 4347/3350/184
f 4365/3383/598 4347/3350/182 4348/3367/1614
f 4349/3368/220 4365/3383/179 4348/3367/181
f 4350/3369/248 4366/3384/325 4349/3368/219
f 4352/3385/174 4350/3369/175 4351/3347/174
f 4375/3374/1414 4374/3386/275 4337/3358/275
f 4374/3386/277 4336/3357/319 4337/3358/277
f 4336/3357/339 4372/3387/280 4335/3356/280
f 4334/3355/284 4372/3387/282 4371/3388/284
f 4333/3354/568 4371/3388/285 4370/3389/286
f 4332/3352/499 4370/3389/142 4369/3390/499
f 4331/3353/327 4369/3390/1628 4368/3391/327
f 4331/3353/211 4304/3392/155 4303/3345/238
f 5874/3124/102 5891/1944/101 5892/3124/102
f 4736/1943/507 5891/1944/200 4737/1944/200
f 5875/3125/233 5893/1943/187 4736/1943/223
f 5868/3118/162 5896/3127/163 5873/3127/163
f 5895/3118/161 5868/3118/161 4746/1953/1403
f 5879/3128/158 5897/3129/123 5878/3129/528
f 5880/3130/105 5898/3128/106 5879/3128/106
f 5881/3131/124 5899/3130/205 5880/3130/1404
f 5882/3132/204 5900/3131/490 5881/3131/510
f 5883/3133/2291 5901/3132/511 5882/3132/511
f 5884/3134/212 5902/3133/113 5883/3133/113
f 5885/3135/114 5903/3134/512 5884/3134/548
f 5886/3136/117 5904/3135/118 5885/3135/118
f 5887/3137/287 5905/3136/217 5886/3136/217
f 5888/3138/224 5906/3137/225 5887/3137/225
f 5889/3122/226 5907/3138/227 5888/3138/227
f 5890/3123/229 5908/3122/230 5889/3122/230
f 5874/3124/231 5909/3123/290 5890/3123/290
f 5910/3139/259 5909/3123/305 5892/3124/259
f 5910/3139/1 5912/3140/1 5913/3141/1
f 5914/3145/1625 5943/3144/532 5904/3135/532
f 5906/3137/310 5915/3146/270 5905/3136/1412
f 5917/3147/520 5906/3137/268 5907/3138/520
f 5918/3148/266 5907/3138/265 5908/3122/264
f 5918/3148/263 5909/3123/345 5911/3149/345
f 5936/3143/2292 5935/3150/275 5903/3134/275
f 5903/3134/277 5934/3151/278 5902/3133/278
f 5934/3151/339 5901/3132/340 5902/3133/339
f 5932/3152/283 5901/3132/341 5933/3153/341
f 5899/3130/286 5932/3152/285 5931/3154/286
f 5899/3130/498 5930/3155/143 5898/3128/499
f 5897/3129/240 5930/3155/157 5929/3156/327
f 5897/3129/552 5928/3157/238 5895/3118/238
f 5895/3118/153 5927/3158/152 5896/3127/209
f 5896/3127/1418 5926/3159/550 5944/3120/551
f 5926/3159/1419 5945/3119/245 5944/3120/1419
f 5925/3160/174 5946/3126/175 5945/3119/174
f 5946/3126/248 5923/3161/325 5947/3162/219
f 5947/3162/220 5922/3163/179 5948/3164/181
f 5922/3163/598 5894/3125/182 5948/3164/251
f 5921/3165/222 5893/1943/252 5894/3125/184
f 5893/1943/584 5919/3166/253 5891/1944/255
f 5891/1944/256 5910/3139/257 5892/3124/332
f 5876/3164/188 5894/3125/505 5875/3125/506
f 5877/3162/201 5948/3164/192 5876/3164/192
f 5947/3162/194 5877/3162/195 5869/3121/1622
f 5871/3119/196 5946/3126/197 5870/3126/197
f 5872/3120/243 5945/3119/296 5871/3119/296
f 5873/3127/214 5944/3120/148 5872/3120/148
f 6079/3291/158 6081/3292/123 6078/3292/123
f 6107/3298/203 6100/3298/2374 6082/3295/1622
f 6102/3296/196 6106/3299/197 6101/3299/197
f 6103/3297/243 6108/3296/169 6102/3296/169
f 6104/3300/214 6109/3297/148 6103/3297/242
f 6105/3301/162 6110/3300/163 6104/3300/163
f 6111/3301/161 6105/3301/161 6083/3302/1605
f 6081/3292/154 6113/3303/155 6111/3301/238
f 6081/3292/156 6114/3304/157 6112/3305/327
f 6115/3307/144 6114/3304/235 6080/3291/499
f 6084/3307/105 6080/3291/106 6079/3291/106
f 6085/3308/99 6115/3307/2375 6084/3307/2376
f 6086/3309/204 6117/3308/490 6085/3308/490
f 6087/3310/110 6118/3309/511 6086/3309/511
f 6088/3311/212 6119/3310/113 6087/3310/113
f 6089/3312/114 6120/3311/512 6088/3311/512
f 6090/3313/117 6121/3312/118 6089/3312/118
f 6091/3314/287 6122/3313/217 6090/3313/217
f 6092/3315/224 6123/3314/288 6091/3314/288
f 6093/3316/226 6124/3315/227 6092/3315/227
f 6094/3317/229 6125/3316/230 6093/3316/230
f 6095/3318/231 6126/3317/232 6094/3317/232
f 6095/3318/102 6128/3319/101 6127/3318/102
f 6097/3293/507 6128/3319/200 6096/3319/200
f 6098/3294/233 6129/3293/234 6097/3293/2377
f 6099/3320/188 6130/3294/505 6098/3294/505
f 6100/3298/201 6131/3320/192 6099/3320/192
f 6107/3298/553 6133/3321/179 6131/3320/181
f 6106/3299/177 6132/3322/325 6107/3298/219
f 6108/3296/300 6134/3454/301 6106/3299/301
f 6136/3324/1609 6108/3296/245 6109/3297/1609
f 6110/3300/1610 6136/3324/550 6109/3297/550
f 6111/3301/153 6137/3325/209 6110/3300/209
f 6146/3326/1 6138/3327/1 6139/3328/1
f 6140/3332/1411 6161/3331/314 6121/3312/532
f 6123/3314/310 6141/3333/311 6122/3313/312
f 6143/3334/267 6123/3314/565 6124/3315/309
f 6144/3335/2380 6124/3315/2381 6125/3316/2380
f 6144/3335/263 6126/3317/345 6145/3336/345
f 6145/3336/260 6127/3318/259 6146/3326/259
f 6147/3337/303 6127/3318/332 6128/3319/303
f 6148/3338/302 6128/3319/253 6129/3293/302
f 6130/3294/222 6148/3338/185 6129/3293/185
f 6133/3321/1614 6130/3294/530 6131/3320/1614
f 6154/3330/1414 6153/3339/275 6120/3311/275
f 6153/3339/277 6119/3310/278 6120/3311/277
f 6119/3310/339 6151/3340/280 6118/3309/280
f 6150/3341/347 6118/3309/341 6151/3340/341
f 6115/3307/568 6150/3341/322 6116/3306/286
f 6162/3342/1418 6164/3343/550 6165/3344/550
f 6166/3345/210 6163/3346/209 6162/3342/209
f 6169/3345/162 6162/3342/163 6168/3342/163
f 6166/3345/161 6169/3345/574 6170/3351/1605
f 6176/3352/158 6194/3353/123 6175/3353/528
f 6177/3354/105 6195/3352/106 6176/3352/106
f 6178/3355/99 6196/3354/100 6177/3354/1607
f 6179/3356/204 6197/3355/108 6178/3355/108
f 6180/3357/110 6198/3356/511 6179/3356/511
f 6181/3358/212 6199/3357/113 6180/3357/113
f 6182/3359/114 6200/3358/512 6181/3358/512
f 6183/3360/117 6201/3359/118 6182/3359/118
f 6184/3361/287 6202/3360/217 6183/3360/217
f 6185/3362/224 6203/3361/225 6184/3361/225
f 6186/3363/226 6204/3362/227 6185/3362/227
f 6187/3364/229 6205/3363/230 6186/3363/230
f 6188/3365/231 6206/3364/290 6187/3364/291
f 6188/3365/103 6208/3366/101 6207/3365/102
f 6190/3349/507 6208/3366/200 6189/3366/200
f 6191/3350/186 6209/3349/187 6190/3349/187
f 6192/3367/188 6210/3350/505 6191/3350/506
f 6193/3368/201 6211/3367/192 6192/3367/192
f 6212/3368/194 6193/3368/2374 6171/3348/1622
f 6173/3347/196 6213/3369/197 6172/3369/197
f 6174/3344/243 6214/3347/296 6173/3347/296
f 6168/3342/214 6165/3344/148 6174/3344/242
f 6164/3343/1420 6214/3347/171 6165/3344/1420
f 6224/3370/1 6216/3371/1 6217/3372/1
f 6218/3376/1411 6245/3375/532 6201/3359/315
f 6203/3361/310 6219/3377/270 6202/3360/1412
f 6221/3378/267 6203/3361/268 6204/3362/520
f 6222/3379/264 6204/3362/537 6205/3363/264
f 6222/3379/263 6206/3364/345 6223/3380/306
f 6224/3370/259 6206/3364/305 6207/3365/259
f 6208/3366/303 6224/3370/332 6207/3365/257
f 6209/3349/302 6225/3381/253 6208/3366/2383
f 6227/3382/222 6209/3349/185 6210/3350/521
f 6228/3383/598 6210/3350/530 6211/3367/1614
f 6212/3368/220 6228/3383/179 6211/3367/181
f 6213/3369/248 6229/3384/325 6212/3368/219
f 6215/3385/174 6213/3369/301 6214/3347/300
f 6238/3374/1414 6237/3386/275 6200/3358/275
f 6237/3386/277 6199/3357/278 6200/3358/277
f 6199/3357/339 6235/3387/280 6198/3356/280
f 6234/3388/284 6198/3356/282 6235/3387/282
f 6196/3354/568 6234/3388/322 6233/3389/286
f 6196/3354/292 6232/3390/235 6195/3352/235
f 6194/3353/327 6232/3390/157 6231/3391/327
f 6194/3353/154 6167/3392/155 6166/3345/238
f 572/442/99 575/442/99 576/444/100
f 578/448/515 599/448/2602 600/449/102
f 615/470/571 618/470/571 619/472/106
f 568/437/99 620/437/2603 618/470/100
f 567/436/204 621/436/204 620/437/108
f 566/435/110 622/435/110 621/436/511
f 565/434/112 623/434/2604 622/435/113
f 564/433/114 624/433/114 623/434/512
f 625/473/117 626/473/117 624/433/118
f 574/444/571 576/444/2615 676/518/106
f 677/519/142 678/531/499 676/518/499
f 680/522/1 681/526/1 682/3478/1
f 682/3478/1 683/527/1 680/522/1
f 683/527/1 684/529/1 680/522/1
f 684/529/1 678/531/1 680/522/1
f 678/531/1 677/519/1 680/522/1
f 677/519/1 685/520/1 680/522/1
f 685/520/1 686/3479/1 679/521/1
f 686/3479/1 687/704/1 679/521/1
f 687/704/1 688/703/1 679/521/1
f 688/703/1 689/702/1 679/521/1
f 689/702/1 690/3480/1 679/521/1
f 690/3480/1 691/701/1 679/521/1
f 691/701/1 692/3481/1 679/521/1
f 692/3481/1 693/700/1 679/521/1
f 693/700/1 694/699/1 679/521/1
f 694/699/1 695/698/1 679/521/1
f 695/698/1 696/697/1 679/521/1
f 696/697/1 697/536/1 679/521/1
f 697/536/1 698/535/1 704/523/1
f 679/521/1 697/536/1 704/523/1
f 698/535/1 699/534/1 704/523/1
f 699/534/1 700/533/1 704/523/1
f 700/533/1 701/3482/1 704/523/1
f 701/3482/1 702/532/1 704/523/1
f 702/532/1 703/524/1 704/523/1
f 712/510/550 711/511/1610 681/526/523
f 711/511/1418 682/3478/1418 681/526/2616
f 683/527/210 682/3478/209 711/511/237
f 684/529/239 683/527/238 713/528/155
f 684/529/156 714/530/240 676/518/157
f 589/518/158 676/518/158 714/530/159
f 588/530/2617 714/530/2618 713/528/161
f 587/528/162 713/528/162 711/511/163
f 586/511/295 711/511/295 712/510/165
f 585/510/167 712/510/167 715/508/296
f 715/508/245 712/510/2619 703/524/578
f 712/510/2619 710/525/1609 703/524/578
f 702/532/174 701/3482/301 716/506/301
f 716/506/177 701/3482/177 700/533/219
f 718/504/179 717/505/553 700/533/180
f 719/502/530 718/504/598 699/534/598
f 719/502/184 698/535/184 697/536/522
f 580/502/233 719/502/233 720/484/187
f 581/504/188 718/504/2620 719/502/505
f 582/505/191 717/505/2621 718/504/192
f 583/506/193 716/506/2622 717/505/194
f 584/508/196 715/508/2623 716/506/591
f 579/484/199 720/484/199 599/448/508
f 601/450/233 721/450/233 722/483/187
f 602/451/188 723/451/188 721/450/505
f 603/452/201 724/452/201 723/451/192
f 604/454/193 725/454/193 724/452/203
f 605/456/196 726/456/2624 725/454/197
f 606/458/167 727/458/167 726/456/296
f 607/459/295 728/459/295 727/458/165
f 608/461/162 729/461/162 728/459/563
f 609/463/573 730/463/573 729/461/161
f 610/465/158 731/465/2625 730/463/123
f 611/466/571 732/466/571 731/465/106
f 612/467/99 733/467/99 732/466/100
f 734/537/204 735/537/204 733/467/108
f 613/468/99 737/468/99 738/538/100
f 739/539/204 740/539/204 737/468/108
f 614/469/99 742/469/99 743/540/205
f 616/471/204 744/471/204 742/469/108
f 745/541/110 746/541/110 744/471/511
f 617/472/158 619/472/158 748/542/159
f 750/543/327 748/542/156 619/472/208
f 752/547/1 753/551/1 754/3483/1
f 754/3483/1 755/553/1 752/547/1
f 755/553/1 750/543/1 752/547/1
f 750/543/1 749/544/1 752/547/1
f 749/544/1 756/696/1 752/547/1
f 756/696/1 757/545/1 752/547/1
f 757/545/1 758/695/1 751/546/1
f 758/695/1 759/3484/1 751/546/1
f 759/3484/1 760/694/1 751/546/1
f 760/694/1 761/693/1 751/546/1
f 761/693/1 762/3485/1 751/546/1
f 762/3485/1 763/692/1 751/546/1
f 763/692/1 764/3486/1 751/546/1
f 764/3486/1 765/691/1 751/546/1
f 765/691/1 766/690/1 751/546/1
f 766/690/1 767/689/1 751/546/1
f 767/689/1 768/688/1 751/546/1
f 768/688/1 769/569/1 751/546/1
f 769/569/1 770/568/1 776/548/1
f 751/546/1 769/569/1 776/548/1
f 770/568/1 771/566/1 776/548/1
f 771/566/1 772/563/1 776/548/1
f 772/563/1 773/3487/1 776/548/1
f 773/3487/1 774/561/1 776/548/1
f 774/561/1 775/549/1 776/548/1
f 784/552/550 783/554/1418 753/551/523
f 783/554/1418 754/3483/1418 753/551/2616
f 755/553/210 754/3483/209 783/554/237
f 750/543/211 755/553/238 785/555/155
f 747/542/2617 748/542/2618 785/555/161
f 787/556/112 788/556/112 746/541/113
f 789/557/114 790/557/114 788/556/512
f 786/555/162 785/555/162 783/554/163
f 791/554/214 783/554/214 784/552/165
f 793/558/117 794/558/117 790/557/118
f 795/559/216 796/559/2626 794/558/572
f 792/552/167 784/552/167 798/560/169
f 798/560/245 784/552/2619 775/549/578
f 784/552/2619 782/550/1609 775/549/525
f 774/561/174 773/3487/301 799/562/301
f 799/562/177 773/3487/177 772/563/325
f 801/565/179 800/564/553 772/563/220
f 802/567/250 801/565/1614 771/566/598
f 802/567/184 770/568/184 769/569/252
f 804/567/233 802/567/233 803/480/187
f 812/574/555 813/574/555 796/559/225
f 810/573/226 814/573/226 813/574/227
f 808/572/229 815/572/229 814/573/230
f 806/571/231 816/571/2627 815/572/290
f 805/570/515 817/570/2602 816/571/102
f 805/570/508 634/481/199 818/481/199
f 819/575/233 820/575/233 818/481/187
f 741/540/571 743/540/571 840/594/106
f 841/595/292 842/605/328 840/594/235
f 844/598/1 845/602/1 846/603/1
f 846/603/1 847/3488/1 844/598/1
f 847/3488/1 848/604/1 844/598/1
f 848/604/1 842/605/1 844/598/1
f 842/605/1 841/595/1 844/598/1
f 841/595/1 849/596/1 844/598/1
f 849/596/1 850/618/1 843/597/1
f 850/618/1 851/3489/1 843/597/1
f 851/3489/1 852/617/1 843/597/1
f 852/617/1 853/616/1 843/597/1
f 853/616/1 854/3490/1 843/597/1
f 854/3490/1 855/615/1 843/597/1
f 855/615/1 856/3491/1 843/597/1
f 856/3491/1 857/614/1 843/597/1
f 857/614/1 858/613/1 843/597/1
f 858/613/1 859/612/1 843/597/1
f 859/612/1 860/611/1 843/597/1
f 860/611/1 861/610/1 843/597/1
f 861/610/1 862/609/1 868/599/1
f 843/597/1 861/610/1 868/599/1
f 862/609/1 863/608/1 868/599/1
f 863/608/1 864/607/1 868/599/1
f 864/607/1 865/3492/1 868/599/1
f 865/3492/1 866/606/1 868/599/1
f 866/606/1 867/600/1 868/599/1
f 876/586/550 875/588/1418 845/602/523
f 875/588/1418 846/603/1418 845/602/588
f 877/590/151 847/3488/589 846/603/237
f 848/604/239 847/3488/238 877/590/238
f 848/604/156 878/592/240 840/594/208
f 839/594/158 840/594/158 878/592/159
f 837/592/573 878/592/573 877/590/161
f 835/590/162 877/590/162 875/588/563
f 833/588/295 875/588/295 876/586/148
f 831/586/243 876/586/243 879/584/296
f 879/584/245 876/586/1609 867/600/578
f 876/586/2619 874/601/1609 867/600/525
f 866/606/174 865/3492/504 880/582/247
f 880/582/248 865/3492/177 864/607/219
f 882/578/179 881/580/553 864/607/180
f 862/609/221 820/575/221 882/578/251
f 820/575/184 862/609/184 861/610/252
f 817/570/253 818/481/584 861/610/584
f 817/570/303 860/611/303 859/612/257
f 816/571/259 859/612/304 858/613/261
f 858/613/262 857/614/263 814/573/263
f 857/614/266 856/3491/265 813/574/265
f 813/574/520 856/3491/520 855/615/268
f 855/615/269 854/3490/270 794/558/311
f 794/558/272 854/3490/330 853/616/273
f 790/557/274 853/616/274 852/617/276
f 852/617/277 851/3489/278 746/541/278
f 746/541/321 851/3489/339 850/618/280
f 744/471/341 850/618/341 849/596/347
f 849/596/322 841/595/286 743/540/286
f 823/578/188 882/578/188 820/575/505
f 825/580/191 881/580/2621 882/578/192
f 827/582/193 880/582/193 881/580/203
f 829/584/196 879/584/2624 880/582/197
f 838/593/110 883/593/110 740/539/511
f 836/591/112 884/591/2604 883/593/113
f 834/589/114 885/589/114 884/591/512
f 832/587/117 886/587/117 885/589/118
f 830/585/287 887/585/2628 886/587/217
f 828/583/224 888/583/224 887/585/288
f 826/581/226 889/581/226 888/583/227
f 824/579/229 890/579/229 889/581/230
f 822/577/231 891/577/231 890/579/290
f 822/577/102 821/576/515 892/576/515
f 635/482/507 893/482/507 892/576/200
f 894/619/233 895/619/233 893/482/187
f 736/538/571 738/538/2615 915/638/106
f 916/639/498 917/648/235 915/638/328
f 919/642/1 920/646/1 921/3493/1
f 921/3493/1 922/647/1 919/642/1
f 922/647/1 923/3494/1 919/642/1
f 923/3494/1 917/648/1 919/642/1
f 917/648/1 916/639/1 919/642/1
f 916/639/1 924/640/1 919/642/1
f 924/640/1 925/663/1 918/641/1
f 925/663/1 926/3495/1 918/641/1
f 926/3495/1 927/662/1 918/641/1
f 927/662/1 928/661/1 918/641/1
f 928/661/1 929/660/1 918/641/1
f 929/660/1 930/3496/1 918/641/1
f 930/3496/1 931/659/1 918/641/1
f 931/659/1 932/658/1 918/641/1
f 932/658/1 933/657/1 918/641/1
f 933/657/1 934/656/1 918/641/1
f 934/656/1 935/655/1 918/641/1
f 935/655/1 936/654/1 918/641/1
f 936/654/1 937/653/1 943/643/1
f 918/641/1 936/654/1 943/643/1
f 937/653/1 938/651/1 943/643/1
f 938/651/1 939/652/1 943/643/1
f 939/652/1 940/650/1 943/643/1
f 940/650/1 941/649/1 943/643/1
f 941/649/1 942/644/1 943/643/1
f 951/630/150 950/632/1418 920/646/326
f 950/632/1418 921/3493/1418 920/646/2616
f 922/647/151 921/3493/209 950/632/209
f 953/636/154 923/3494/154 922/647/238
f 917/648/157 923/3494/327 953/636/156
f 914/638/158 915/638/2625 953/636/123
f 912/636/573 953/636/573 952/634/161
f 910/634/162 952/634/162 950/632/563
f 908/632/295 950/632/295 951/630/165
f 906/630/167 951/630/167 954/628/296
f 954/628/171 951/630/1420 942/644/170
f 951/630/2619 949/645/1609 942/644/2629
f 954/628/176 941/649/176 940/650/247
f 940/650/2630 939/652/178 956/624/590
f 938/651/181 957/622/181 956/624/180
f 895/619/250 957/622/1614 938/651/251
f 895/619/184 937/653/184 936/654/252
f 892/576/253 893/482/302 936/654/302
f 891/577/257 892/576/303 935/655/303
f 891/577/304 934/656/259 933/657/260
f 890/579/344 933/657/344 932/658/1413
f 932/658/266 931/659/265 888/583/265
f 931/659/267 930/3496/331 887/585/331
f 887/585/310 930/3496/559 929/660/270
f 886/587/330 929/660/330 928/661/532
f 928/661/317 927/662/276 884/591/276
f 927/662/318 926/3495/278 883/593/319
f 883/593/321 926/3495/321 925/663/280
f 740/539/341 925/663/341 924/640/347
f 924/640/322 916/639/286 738/538/568
f 898/622/188 957/622/2620 895/619/505
f 900/624/201 956/624/201 957/622/192
f 902/626/193 955/626/193 956/624/203
f 904/628/196 954/628/196 955/626/197
f 913/637/110 958/637/110 735/537/511
f 911/635/112 959/635/2604 958/637/113
f 909/633/114 960/633/114 959/635/512
f 907/631/117 961/631/117 960/633/118
f 905/629/287 962/629/2628 961/631/217
f 903/627/224 963/627/224 962/629/288
f 901/625/226 964/625/226 963/627/227
f 899/623/229 965/623/229 964/625/230
f 897/621/231 966/621/231 965/623/290
f 897/621/102 896/620/515 967/620/515
f 636/483/507 722/483/507 967/620/200
f 967/620/255 722/483/254 968/664/302
f 721/450/184 970/667/184 968/664/252
f 721/450/250 723/451/1614 971/666/183
f 723/451/179 724/452/220 972/668/220
f 725/454/177 973/669/177 972/668/219
f 726/456/300 974/671/174 973/669/301
f 726/456/171 727/458/2619 976/670/578
f 727/458/2619 975/673/1419 976/670/2629
f 727/458/551 728/459/1418 978/672/523
f 728/459/1418 977/3497/1610 978/672/2616
f 979/674/210 977/3497/209 728/459/237
f 980/675/211 979/674/155 729/461/155
f 980/675/327 730/463/327 731/465/157
f 983/679/1 978/672/1 977/3497/1
f 977/3497/1 979/674/1 983/679/1
f 979/674/1 980/675/1 983/679/1
f 980/675/1 981/676/1 983/679/1
f 981/676/1 984/681/1 983/679/1
f 984/681/1 985/677/1 983/679/1
f 985/677/1 986/682/1 982/678/1
f 986/682/1 987/3498/1 982/678/1
f 987/3498/1 988/683/1 982/678/1
f 988/683/1 989/3499/1 982/678/1
f 989/3499/1 990/684/1 982/678/1
f 990/684/1 991/3500/1 982/678/1
f 991/3500/1 992/685/1 982/678/1
f 992/685/1 993/3501/1 982/678/1
f 993/3501/1 994/686/1 982/678/1
f 994/686/1 995/687/1 982/678/1
f 995/687/1 969/665/1 982/678/1
f 969/665/1 968/664/1 982/678/1
f 968/664/1 970/667/1 996/680/1
f 982/678/1 968/664/1 996/680/1
f 970/667/1 971/666/1 996/680/1
f 971/666/1 972/668/1 996/680/1
f 972/668/1 973/669/1 996/680/1
f 973/669/1 974/671/1 996/680/1
f 974/671/1 976/670/1 996/680/1
f 981/676/328 731/465/143 732/466/142
f 985/677/323 984/681/286 732/466/568
f 735/537/341 986/682/341 985/677/347
f 958/637/321 987/3498/321 986/682/340
f 988/683/277 987/3498/278 958/637/319
f 960/633/317 989/3499/274 988/683/276
f 990/684/272 989/3499/314 960/633/273
f 962/629/271 991/3500/271 990/684/270
f 992/685/267 991/3500/531 962/629/268
f 964/625/2380 993/3501/2380 992/685/265
f 994/686/306 993/3501/263 964/625/338
f 966/621/304 995/687/259 994/686/261
f 966/621/257 967/620/303 969/665/303
f 797/560/196 798/560/2624 799/562/197
f 811/562/193 799/562/193 800/564/194
f 809/564/191 800/564/2621 801/565/192
f 807/565/188 801/565/188 802/567/505
f 632/479/583 633/480/199 803/480/335
f 1002/479/255 803/480/584 769/569/535
f 1002/479/336 768/688/336 767/689/257
f 632/479/515 1002/479/515 1003/478/102
f 631/478/231 1003/478/231 1004/477/290
f 1003/478/304 767/689/259 766/690/260
f 766/690/262 765/691/263 1005/476/338
f 765/691/2631 764/3486/265 1006/475/537
f 1006/475/520 764/3486/520 763/692/268
f 763/692/271 762/3485/270 626/473/311
f 626/473/330 762/3485/330 761/693/273
f 624/433/274 761/693/317 760/694/276
f 760/694/277 759/3484/278 622/435/2632
f 622/435/321 759/3484/346 758/695/281
f 621/436/341 758/695/341 757/545/347
f 757/545/323 756/696/286 618/470/568
f 756/696/144 749/544/143 619/472/328
f 627/474/216 1007/474/2626 626/473/572
f 628/475/555 1006/475/555 1007/474/225
f 629/476/226 1005/476/2633 1006/475/227
f 630/477/343 1004/477/2634 1005/476/230
f 599/448/255 720/484/535 697/536/535
f 599/448/336 696/697/303 695/698/257
f 600/449/304 695/698/259 694/699/337
f 577/449/231 600/449/231 1008/447/290
f 598/447/343 1008/447/2634 1009/453/230
f 694/699/262 693/700/263 1009/453/338
f 693/700/266 692/3481/265 1010/455/537
f 1010/455/520 692/3481/520 691/701/268
f 691/701/269 690/3480/270 1012/446/311
f 1012/446/330 690/3480/330 689/702/273
f 1013/460/274 689/702/317 688/703/276
f 688/703/318 687/704/278 1015/464/2632
f 687/704/346 686/3479/281 1016/445/560
f 1016/445/341 686/3479/341 685/520/347
f 685/520/323 677/519/286 576/444/568
f 590/445/107 1016/445/107 575/442/108
f 591/464/110 1015/464/110 1016/445/511
f 592/462/112 1014/462/2604 1015/464/113
f 593/460/114 1013/460/2635 1014/462/512
f 594/446/117 1012/446/117 1013/460/118
f 595/457/216 1011/457/2626 1012/446/572
f 596/455/555 1010/455/555 1011/457/225
f 597/453/226 1009/453/2633 1010/455/227
f 1130/808/124 1133/808/124 1134/810/100
f 1132/810/105 1134/810/2710 1166/831/106
f 1167/832/498 1168/844/328 1166/831/235
f 1170/835/1 1171/839/1 1172/841/1
f 1172/841/1 1173/3503/1 1170/835/1
f 1173/3503/1 1174/842/1 1170/835/1
f 1174/842/1 1168/844/1 1170/835/1
f 1168/844/1 1167/832/1 1170/835/1
f 1167/832/1 1175/833/1 1170/835/1
f 1175/833/1 1176/1045/1 1169/834/1
f 1176/1045/1 1177/3504/1 1169/834/1
f 1177/3504/1 1178/1044/1 1169/834/1
f 1178/1044/1 1179/3505/1 1169/834/1
f 1179/3505/1 1180/1043/1 1169/834/1
f 1180/1043/1 1181/1042/1 1169/834/1
f 1181/1042/1 1182/1041/1 1169/834/1
f 1182/1041/1 1183/3506/1 1169/834/1
f 1183/3506/1 1184/1040/1 1169/834/1
f 1184/1040/1 1185/1038/1 1169/834/1
f 1185/1038/1 1186/1039/1 1169/834/1
f 1186/1039/1 1187/849/1 1169/834/1
f 1187/849/1 1188/848/1 1194/836/1
f 1169/834/1 1187/849/1 1194/836/1
f 1188/848/1 1189/847/1 1194/836/1
f 1189/847/1 1190/846/1 1194/836/1
f 1190/846/1 1191/3507/1 1194/836/1
f 1191/3507/1 1192/845/1 1194/836/1
f 1192/845/1 1193/837/1 1194/836/1
f 1202/823/577 1201/824/1418 1171/839/523
f 1201/824/1610 1172/841/2711 1171/839/2712
f 1203/840/151 1173/3503/210 1172/841/152
f 1174/842/211 1173/3503/238 1203/840/155
f 1174/842/327 1204/843/327 1166/831/208
f 1144/831/158 1166/831/158 1204/843/159
f 1143/843/140 1204/843/140 1203/840/161
f 1142/840/162 1203/840/162 1201/824/163
f 1141/824/295 1201/824/295 1202/823/165
f 1140/823/167 1202/823/2713 1205/821/296
f 1205/821/245 1202/823/1609 1193/837/578
f 1202/823/1419 1200/838/1419 1193/837/244
f 1192/845/174 1191/3507/175 1206/819/301
f 1206/819/177 1191/3507/248 1190/846/325
f 1208/817/181 1207/818/220 1190/846/220
f 1209/814/250 1208/817/598 1189/847/1614
f 1209/814/184 1188/848/184 1187/849/522
f 1135/814/186 1209/814/186 1210/803/234
f 1136/817/188 1208/817/188 1209/814/189
f 1137/818/201 1207/818/201 1208/817/192
f 1138/819/193 1206/819/2714 1207/818/203
f 1139/821/196 1205/821/196 1206/819/197
f 1113/803/199 1210/803/199 1211/813/200
f 1226/872/105 1229/872/105 1230/874/106
f 1097/787/124 1231/787/2715 1229/872/100
f 1098/788/204 1232/788/204 1231/787/490
f 1099/789/110 1233/789/2716 1232/788/511
f 1100/790/212 1234/790/212 1233/789/113
f 1101/791/114 1235/791/114 1234/790/512
f 1102/792/117 1236/792/117 1235/791/118
f 1103/793/287 1237/793/287 1236/792/217
f 1104/794/555 1238/794/555 1237/793/225
f 1105/795/226 1239/795/226 1238/794/227
f 1106/796/343 1240/796/343 1239/795/230
f 1107/797/231 1241/797/231 1240/796/290
f 1108/798/101 1242/798/101 1241/797/102
f 1108/798/200 1109/799/199 1243/799/335
f 1244/875/186 1245/875/186 1243/799/234
f 1263/893/110 1264/893/110 1265/873/511
f 1261/891/212 1266/891/212 1264/893/113
f 1259/889/114 1267/889/114 1266/891/512
f 1257/887/117 1268/887/117 1267/889/118
f 1255/885/287 1269/885/287 1268/887/217
f 1253/883/555 1270/883/555 1269/885/225
f 1251/881/226 1271/881/226 1270/883/227
f 1249/879/229 1272/879/2717 1271/881/230
f 1247/877/231 1273/877/231 1272/879/232
f 1246/876/101 1274/876/2718 1273/877/102
f 1246/876/334 1110/800/199 1275/800/199
f 1276/894/233 1277/894/233 1275/800/234
f 1225/871/99 1299/871/99 1300/915/205
f 1227/873/204 1265/873/204 1299/871/490
f 1301/916/561 1302/929/283 1299/871/347
f 1264/893/2719 1303/917/321 1301/916/280
f 1266/891/318 1304/918/320 1303/917/319
f 1267/889/274 1305/3508/274 1304/918/275
f 1306/919/272 1305/3508/532 1267/889/273
f 1307/920/310 1306/919/270 1268/887/270
f 1270/883/520 1308/3509/520 1307/920/268
f 1309/921/264 1308/3509/265 1270/883/537
f 1272/879/306 1310/923/306 1309/921/263
f 1272/879/260 1273/877/259 1311/922/304
f 1274/876/336 1312/925/303 1311/922/257
f 1274/876/253 1275/800/584 1313/924/584
f 1277/894/184 1314/926/184 1313/924/522
f 1314/926/221 1277/894/221 1315/897/251
f 1280/897/188 1315/897/188 1277/894/189
f 1282/899/201 1317/899/201 1315/897/192
f 1284/901/193 1318/901/2714 1317/899/203
f 1286/903/196 1319/903/196 1318/901/197
f 1288/905/243 1320/905/2720 1319/903/296
f 1290/907/295 1321/907/295 1320/905/165
f 1292/909/162 1322/909/162 1321/907/163
f 1294/911/140 1323/911/140 1322/909/161
f 1296/913/158 1324/913/158 1323/911/159
f 1298/915/105 1300/915/105 1324/913/106
f 1325/928/292 1326/938/328 1324/913/235
f 1328/931/1 1329/935/1 1330/936/1
f 1330/936/1 1331/3510/1 1328/931/1
f 1331/3510/1 1332/937/1 1328/931/1
f 1332/937/1 1326/938/1 1328/931/1
f 1326/938/1 1325/928/1 1328/931/1
f 1325/928/1 1302/929/1 1328/931/1
f 1302/929/1 1301/916/1 1327/930/1
f 1301/916/1 1303/917/1 1327/930/1
f 1303/917/1 1304/918/1 1327/930/1
f 1304/918/1 1305/3508/1 1327/930/1
f 1305/3508/1 1306/919/1 1327/930/1
f 1306/919/1 1307/920/1 1327/930/1
f 1307/920/1 1308/3509/1 1327/930/1
f 1308/3509/1 1309/921/1 1327/930/1
f 1309/921/1 1310/923/1 1327/930/1
f 1310/923/1 1311/922/1 1327/930/1
f 1311/922/1 1312/925/1 1327/930/1
f 1312/925/1 1313/924/1 1327/930/1
f 1313/924/1 1314/926/1 1337/932/1
f 1327/930/1 1313/924/1 1337/932/1
f 1314/926/1 1316/927/1 1337/932/1
f 1316/927/1 1333/941/1 1337/932/1
f 1333/941/1 1334/940/1 1337/932/1
f 1334/940/1 1335/939/1 1337/932/1
f 1335/939/1 1336/933/1 1337/932/1
f 1320/905/577 1321/907/1610 1329/935/523
f 1321/907/1610 1330/936/1610 1329/935/523
f 1322/909/210 1331/3510/153 1330/936/524
f 1332/937/211 1331/3510/238 1322/909/155
f 1332/937/327 1323/911/327 1324/913/208
f 1319/903/245 1320/905/2619 1336/933/578
f 1320/905/1609 1343/934/1419 1336/933/244
f 1335/939/300 1334/940/504 1318/901/247
f 1334/940/177 1333/941/325 1317/899/325
f 1315/897/181 1317/899/220 1333/941/554
f 1325/928/568 1300/915/286 1299/871/285
f 1297/914/204 1344/914/204 1345/870/490
f 1295/912/110 1346/912/2716 1344/914/511
f 1293/910/212 1347/910/212 1346/912/113
f 1291/908/114 1348/908/114 1347/910/512
f 1289/906/117 1349/906/117 1348/908/118
f 1287/904/216 1350/904/216 1349/906/217
f 1285/902/224 1351/902/224 1350/904/288
f 1283/900/226 1352/900/226 1351/902/227
f 1281/898/229 1353/898/2717 1352/900/230
f 1279/896/231 1354/896/231 1353/898/290
f 1279/896/102 1278/895/101 1355/895/101
f 1111/801/199 1356/801/199 1355/895/200
f 1357/942/186 1358/942/186 1356/801/234
f 1224/870/124 1345/870/124 1380/963/100
f 1382/964/568 1380/963/286 1345/870/285
f 1384/967/1 1385/971/1 1386/3511/1
f 1386/3511/1 1387/972/1 1384/967/1
f 1387/972/1 1388/3512/1 1384/967/1
f 1388/3512/1 1389/973/1 1384/967/1
f 1389/973/1 1382/964/1 1384/967/1
f 1382/964/1 1381/965/1 1384/967/1
f 1381/965/1 1390/988/1 1383/966/1
f 1390/988/1 1391/3513/1 1383/966/1
f 1391/3513/1 1392/987/1 1383/966/1
f 1392/987/1 1393/986/1 1383/966/1
f 1393/986/1 1394/985/1 1383/966/1
f 1394/985/1 1395/3514/1 1383/966/1
f 1395/3514/1 1396/984/1 1383/966/1
f 1396/984/1 1397/983/1 1383/966/1
f 1397/983/1 1398/982/1 1383/966/1
f 1398/982/1 1399/981/1 1383/966/1
f 1399/981/1 1400/980/1 1383/966/1
f 1400/980/1 1401/979/1 1383/966/1
f 1401/979/1 1402/978/1 1408/968/1
f 1383/966/1 1401/979/1 1408/968/1
f 1402/978/1 1403/976/1 1408/968/1
f 1403/976/1 1404/977/1 1408/968/1
f 1404/977/1 1405/975/1 1408/968/1
f 1405/975/1 1406/974/1 1408/968/1
f 1406/974/1 1407/969/1 1408/968/1
f 1416/953/577 1415/955/1418 1385/971/326
f 1415/955/1610 1386/3511/1610 1385/971/236
f 1387/972/151 1386/3511/237 1415/955/237
f 1418/959/154 1388/3512/552 1387/972/2721
f 1389/973/157 1388/3512/156 1418/959/240
f 1377/961/158 1419/961/158 1418/959/159
f 1379/963/105 1380/963/2710 1419/961/106
f 1382/964/498 1389/973/328 1419/961/235
f 1375/959/140 1418/959/140 1417/957/161
f 1373/957/162 1417/957/162 1415/955/163
f 1371/955/295 1415/955/295 1416/953/165
f 1369/953/167 1416/953/167 1420/951/296
f 1420/951/245 1416/953/1420 1407/969/170
f 1416/953/1609 1414/970/1419 1407/969/218
f 1420/951/176 1406/974/176 1405/975/247
f 1405/975/248 1404/977/325 1422/947/325
f 1403/976/181 1423/945/181 1422/947/220
f 1402/978/221 1358/942/221 1423/945/183
f 1358/942/184 1402/978/184 1401/979/252
f 1355/895/596 1356/801/254 1401/979/302
f 1354/896/257 1355/895/336 1400/980/336
f 1354/896/259 1399/981/259 1398/982/337
f 1353/898/262 1398/982/345 1397/983/263
f 1397/983/307 1396/984/2381 1351/902/2381
f 1396/984/520 1395/3514/565 1350/904/331
f 1350/904/271 1395/3514/271 1394/985/270
f 1349/906/272 1394/985/330 1393/986/532
f 1393/986/566 1392/987/316 1347/910/538
f 1392/987/277 1391/3513/278 1346/912/319
f 1346/912/321 1391/3513/321 1390/988/280
f 1390/988/282 1381/965/569 1345/870/569
f 1361/945/188 1423/945/188 1358/942/189
f 1363/947/201 1422/947/2722 1423/945/192
f 1365/949/193 1421/949/2714 1422/947/203
f 1367/951/196 1420/951/196 1421/949/197
f 1378/962/204 1424/962/204 1425/869/490
f 1376/960/2291 1426/960/2723 1424/962/511
f 1374/958/212 1427/958/212 1426/960/113
f 1372/956/114 1428/956/114 1427/958/512
f 1370/954/117 1429/954/117 1428/956/118
f 1368/952/216 1430/952/216 1429/954/217
f 1366/950/224 1431/950/224 1430/952/288
f 1364/948/226 1432/948/226 1431/950/227
f 1362/946/229 1433/946/2717 1432/948/230
f 1360/944/231 1434/944/231 1433/946/290
f 1360/944/102 1359/943/101 1435/943/101
f 1112/802/199 1436/802/199 1435/943/200
f 1212/850/186 1437/850/186 1436/802/234
f 1213/852/188 1438/852/188 1437/850/189
f 1214/854/201 1439/854/2722 1438/852/192
f 1215/856/193 1440/856/2714 1439/854/203
f 1216/857/196 1441/857/196 1440/856/197
f 1217/859/167 1442/859/2713 1441/857/296
f 1218/861/295 1443/861/295 1442/859/165
f 1219/863/162 1444/863/162 1443/861/163
f 1220/864/140 1445/864/140 1444/863/161
f 1221/866/158 1446/866/158 1445/864/159
f 1222/868/105 1447/868/105 1446/866/106
f 1223/869/124 1425/869/124 1447/868/100
f 1449/989/568 1447/868/286 1425/869/285
f 1451/992/1 1452/996/1 1453/997/1
f 1453/997/1 1454/3515/1 1451/992/1
f 1454/3515/1 1455/998/1 1451/992/1
f 1455/998/1 1456/999/1 1451/992/1
f 1456/999/1 1449/989/1 1451/992/1
f 1449/989/1 1448/990/1 1451/992/1
f 1448/990/1 1457/1013/1 1450/991/1
f 1457/1013/1 1458/3516/1 1450/991/1
f 1458/3516/1 1459/1012/1 1450/991/1
f 1459/1012/1 1460/3517/1 1450/991/1
f 1460/3517/1 1461/1011/1 1450/991/1
f 1461/1011/1 1462/3518/1 1450/991/1
f 1462/3518/1 1463/1010/1 1450/991/1
f 1463/1010/1 1464/1009/1 1450/991/1
f 1464/1009/1 1465/1008/1 1450/991/1
f 1465/1008/1 1466/1007/1 1450/991/1
f 1466/1007/1 1467/1006/1 1450/991/1
f 1467/1006/1 1468/1005/1 1450/991/1
f 1468/1005/1 1469/1004/1 1475/993/1
f 1450/991/1 1468/1005/1 1475/993/1
f 1469/1004/1 1470/1002/1 1475/993/1
f 1470/1002/1 1471/1003/1 1475/993/1
f 1471/1003/1 1472/1001/1 1475/993/1
f 1472/1001/1 1473/1000/1 1475/993/1
f 1473/1000/1 1474/994/1 1475/993/1
f 1442/859/577 1443/861/1610 1452/996/523
f 1443/861/1610 1453/997/1610 1452/996/523
f 1444/863/151 1454/3515/210 1453/997/209
f 1455/998/211 1454/3515/155 1444/863/155
f 1456/999/157 1455/998/207 1445/864/327
f 1449/989/142 1456/999/143 1446/866/235
f 1441/857/245 1442/859/2619 1474/994/578
f 1442/859/1609 1481/995/1419 1474/994/218
f 1441/857/300 1473/1000/174 1472/1001/301
f 1472/1001/177 1471/1003/219 1439/854/325
f 1470/1002/179 1438/852/181 1439/854/553
f 1437/850/182 1438/852/251 1470/1002/251
f 1437/850/184 1469/1004/184 1468/1005/252
f 1435/943/596 1436/802/254 1468/1005/302
f 1434/944/257 1435/943/336 1467/1006/336
f 1434/944/259 1466/1007/304 1465/1008/305
f 1433/946/262 1465/1008/306 1464/1009/263
f 1432/948/266 1464/1009/266 1463/1010/265
f 1463/1010/520 1462/3518/268 1430/952/268
f 1430/952/271 1462/3518/269 1461/1011/270
f 1461/1011/533 1460/3517/314 1428/956/532
f 1428/956/274 1460/3517/274 1459/1012/275
f 1459/1012/277 1458/3516/278 1426/960/319
f 1426/960/339 1458/3516/339 1457/1013/280
f 1457/1013/282 1448/990/569 1425/869/569
f 1228/874/158 1230/874/158 1482/892/159
f 1484/1014/327 1482/892/327 1230/874/208
f 1486/1018/1 1487/1022/1 1488/1023/1
f 1488/1023/1 1489/3519/1 1486/1018/1
f 1489/3519/1 1484/1014/1 1486/1018/1
f 1484/1014/1 1483/1015/1 1486/1018/1
f 1483/1015/1 1490/1037/1 1486/1018/1
f 1490/1037/1 1491/1016/1 1486/1018/1
f 1491/1016/1 1492/1036/1 1485/1017/1
f 1492/1036/1 1493/3520/1 1485/1017/1
f 1493/3520/1 1494/1035/1 1485/1017/1
f 1494/1035/1 1495/3521/1 1485/1017/1
f 1495/3521/1 1496/1034/1 1485/1017/1
f 1496/1034/1 1497/1033/1 1485/1017/1
f 1497/1033/1 1498/3522/1 1485/1017/1
f 1498/3522/1 1499/1032/1 1485/1017/1
f 1499/1032/1 1500/1031/1 1485/1017/1
f 1500/1031/1 1501/1030/1 1485/1017/1
f 1501/1030/1 1502/1029/1 1485/1017/1
f 1502/1029/1 1503/1028/1 1485/1017/1
f 1503/1028/1 1504/1027/1 1510/1019/1
f 1485/1017/1 1503/1028/1 1510/1019/1
f 1504/1027/1 1505/1026/1 1510/1019/1
f 1505/1026/1 1506/1025/1 1510/1019/1
f 1506/1025/1 1507/3523/1 1510/1019/1
f 1507/3523/1 1508/1024/1 1510/1019/1
f 1508/1024/1 1509/1020/1 1510/1019/1
f 1518/886/577 1517/888/1418 1487/1022/523
f 1517/888/1610 1488/1023/2711 1487/1022/326
f 1519/890/151 1489/3519/210 1488/1023/209
f 1484/1014/239 1489/3519/238 1519/890/155
f 1262/892/140 1482/892/140 1519/890/161
f 1260/890/162 1519/890/162 1517/888/163
f 1258/888/295 1517/888/295 1518/886/148
f 1256/886/167 1518/886/2713 1520/884/169
f 1520/884/171 1518/886/1609 1509/1020/578
f 1518/886/1419 1516/1021/1419 1509/1020/244
f 1508/1024/300 1507/3523/301 1521/882/301
f 1521/882/177 1507/3523/177 1506/1025/219
f 1523/878/181 1522/880/220 1506/1025/220
f 1245/875/250 1523/878/598 1505/1026/598
f 1245/875/184 1504/1027/184 1503/1028/252
f 1242/798/253 1243/799/584 1503/1028/584
f 1241/797/2724 1242/798/333 1502/1029/336
f 1241/797/259 1501/1030/259 1500/1031/305
f 1500/1031/262 1499/1032/263 1239/795/263
f 1499/1032/266 1498/3522/537 1238/794/537
f 1238/794/520 1498/3522/520 1497/1033/268
f 1497/1033/310 1496/1034/270 1236/792/270
f 1496/1034/330 1495/3521/273 1235/791/273
f 1235/791/274 1495/3521/274 1494/1035/275
f 1494/1035/320 1493/3520/319 1233/789/319
f 1233/789/321 1493/3520/279 1492/1036/281
f 1492/1036/561 1491/1016/283 1231/787/347
f 1490/1037/568 1229/872/286 1231/787/285
f 1490/1037/498 1483/1015/328 1230/874/235
f 1248/878/188 1523/878/188 1245/875/189
f 1250/880/201 1522/880/201 1523/878/192
f 1252/882/193 1521/882/2714 1522/880/203
f 1254/884/196 1520/884/196 1521/882/197
f 1145/867/204 1524/867/204 1133/808/490
f 1146/865/110 1525/865/110 1524/867/511
f 1147/811/212 1526/811/212 1525/865/113
f 1148/862/114 1527/862/114 1526/811/512
f 1149/860/117 1528/860/117 1527/862/118
f 1150/858/287 1529/858/287 1528/860/217
f 1151/812/555 1530/812/555 1529/858/225
f 1152/855/226 1531/855/226 1530/812/227
f 1153/853/229 1532/853/229 1531/855/230
f 1154/851/231 1533/851/231 1532/853/290
f 1155/813/101 1211/813/2718 1533/851/102
f 1211/813/336 1186/1039/303 1185/1038/257
f 1211/813/255 1210/803/584 1187/849/535
f 1533/851/259 1185/1038/259 1184/1040/305
f 1184/1040/306 1183/3506/338 1531/855/338
f 1531/855/264 1183/3506/266 1182/1041/265
f 1530/812/520 1182/1041/520 1181/1042/268
f 1181/1042/310 1180/1043/270 1528/860/270
f 1180/1043/330 1179/3505/273 1527/862/273
f 1527/862/274 1179/3505/317 1178/1044/275
f 1178/1044/277 1177/3504/319 1525/865/278
f 1525/865/321 1177/3504/321 1176/1045/280
f 1176/1045/561 1175/833/283 1133/808/347
f 1167/832/286 1134/810/286 1133/808/285
f 378/298/105 1565/298/2710 1566/1062/106
f 1592/1076/105 1595/1076/105 1596/1078/106
f 381/301/124 1597/301/2715 1595/1076/205
f 386/306/107 1598/306/107 1597/301/490
f 387/307/110 1599/307/110 1598/306/511
f 388/308/212 1600/308/212 1599/307/113
f 389/309/114 1601/309/114 1600/308/512
f 1602/1079/117 1603/1079/117 1601/309/118
f 1561/1059/295 1628/1059/295 1629/1064/165
f 1562/1060/162 1630/1060/162 1628/1059/163
f 1563/1061/140 1631/1061/2726 1630/1060/161
f 1564/1062/158 1566/1062/158 1631/1061/123
f 1632/1100/157 1633/1109/327 1631/1061/207
f 1635/1103/1 1636/1107/1 1637/1108/1
f 1637/1108/1 1638/3524/1 1635/1103/1
f 1638/3524/1 1633/1109/1 1635/1103/1
f 1633/1109/1 1632/1100/1 1635/1103/1
f 1632/1100/1 1639/1304/1 1635/1103/1
f 1639/1304/1 1640/1101/1 1635/1103/1
f 1640/1101/1 1641/1303/1 1634/1102/1
f 1641/1303/1 1642/1302/1 1634/1102/1
f 1642/1302/1 1643/1301/1 1634/1102/1
f 1643/1301/1 1644/3525/1 1634/1102/1
f 1644/3525/1 1645/1300/1 1634/1102/1
f 1645/1300/1 1646/1299/1 1634/1102/1
f 1646/1299/1 1647/3526/1 1634/1102/1
f 1647/3526/1 1648/1298/1 1634/1102/1
f 1648/1298/1 1649/1297/1 1634/1102/1
f 1649/1297/1 1650/1295/1 1634/1102/1
f 1650/1295/1 1651/1296/1 1634/1102/1
f 1651/1296/1 1652/1115/1 1634/1102/1
f 1652/1115/1 1653/1114/1 1659/1104/1
f 1634/1102/1 1652/1115/1 1659/1104/1
f 1653/1114/1 1654/1112/1 1659/1104/1
f 1654/1112/1 1655/1113/1 1659/1104/1
f 1655/1113/1 1656/1111/1 1659/1104/1
f 1656/1111/1 1657/1110/1 1659/1104/1
f 1657/1110/1 1658/1105/1 1659/1104/1
f 1629/1064/577 1628/1059/1418 1636/1107/523
f 1628/1059/1418 1637/1108/2711 1636/1107/523
f 1630/1060/151 1638/3524/210 1637/1108/152
f 1633/1109/239 1638/3524/238 1630/1060/155
f 1666/1099/245 1629/1064/1609 1658/1105/578
f 1629/1064/1420 1665/1106/1419 1658/1105/244
f 1666/1099/174 1657/1110/174 1656/1111/301
f 1656/1111/177 1655/1113/2727 1668/1096/325
f 1654/1112/181 1669/1095/181 1668/1096/220
f 1670/1093/250 1669/1095/598 1654/1112/1614
f 1670/1093/184 1653/1114/184 1652/1115/252
f 1577/1093/233 1670/1093/582 1671/1090/234
f 1578/1095/188 1669/1095/188 1670/1093/505
f 1579/1096/201 1668/1096/201 1669/1095/192
f 1580/1097/193 1667/1097/2714 1668/1096/203
f 1581/1099/196 1666/1099/196 1667/1097/197
f 1582/1064/167 1629/1064/2713 1666/1099/168
f 1576/1090/199 1671/1090/199 1672/1116/200
f 1585/1067/162 1680/1067/162 1681/1128/163
f 1586/1069/140 1682/1069/140 1680/1067/161
f 1587/1070/158 1683/1070/158 1682/1069/123
f 1588/1072/105 1684/1072/105 1683/1070/106
f 1589/1073/124 1685/1073/124 1684/1072/205
f 1686/1129/204 1687/1129/204 1685/1073/108
f 1590/1074/124 1689/1074/124 1690/1130/205
f 1691/1131/204 1692/1131/204 1689/1074/108
f 1591/1075/124 1694/1075/124 1695/1132/205
f 1593/1077/107 1696/1077/107 1694/1075/490
f 1697/1133/110 1698/1133/110 1696/1077/511
f 1594/1078/158 1596/1078/158 1700/1134/159
f 1701/1135/208 1702/1147/327 1700/1134/240
f 1704/1138/1 1705/1142/1 1706/1145/1
f 1706/1145/1 1707/3527/1 1704/1138/1
f 1707/3527/1 1702/1147/1 1704/1138/1
f 1702/1147/1 1701/1135/1 1704/1138/1
f 1701/1135/1 1708/1294/1 1704/1138/1
f 1708/1294/1 1709/1136/1 1704/1138/1
f 1709/1136/1 1710/1293/1 1703/1137/1
f 1710/1293/1 1711/1292/1 1703/1137/1
f 1711/1292/1 1712/1291/1 1703/1137/1
f 1712/1291/1 1713/3528/1 1703/1137/1
f 1713/3528/1 1714/1290/1 1703/1137/1
f 1714/1290/1 1715/1289/1 1703/1137/1
f 1715/1289/1 1716/3529/1 1703/1137/1
f 1716/3529/1 1717/1288/1 1703/1137/1
f 1717/1288/1 1718/1287/1 1703/1137/1
f 1718/1287/1 1719/1286/1 1703/1137/1
f 1719/1286/1 1720/1285/1 1703/1137/1
f 1720/1285/1 1721/1161/1 1703/1137/1
f 1721/1161/1 1722/1160/1 1728/1139/1
f 1703/1137/1 1721/1161/1 1728/1139/1
f 1722/1160/1 1723/1157/1 1728/1139/1
f 1723/1157/1 1724/1158/1 1728/1139/1
f 1724/1158/1 1725/1154/1 1728/1139/1
f 1725/1154/1 1726/1153/1 1728/1139/1
f 1726/1153/1 1727/1140/1 1728/1139/1
f 1704/1138/5 1729/1138/5 1731/1142/5
f 1705/1142/147 1731/1142/147 1733/1141/148
f 1736/1143/150 1735/1146/1418 1705/1142/523
f 1735/1146/1610 1706/1145/2711 1705/1142/523
f 1737/1144/151 1707/3527/210 1706/1145/209
f 1702/1147/239 1707/3527/238 1737/1144/155
f 1699/1134/140 1700/1134/2726 1737/1144/161
f 1739/1148/212 1740/1148/2728 1698/1133/113
f 1741/1149/114 1742/1149/114 1740/1148/512
f 1738/1144/162 1737/1144/162 1735/1146/163
f 1743/1146/295 1735/1146/295 1736/1143/148
f 1745/1150/117 1746/1150/117 1742/1149/118
f 1747/1151/216 1748/1151/216 1746/1150/217
f 1744/1143/167 1736/1143/2713 1750/1152/169
f 1750/1152/171 1736/1143/2619 1727/1140/578
f 1736/1143/1420 1734/1141/1419 1727/1140/170
f 1734/1141/167 1733/1141/2713 1732/1140/502
f 1727/1140/3 1732/1140/3 1730/1139/3
f 1750/1152/174 1726/1153/174 1725/1154/301
f 1725/1154/177 1724/1158/219 1752/1156/325
f 1723/1157/179 1753/1164/181 1752/1156/553
f 1754/1159/530 1753/1164/598 1723/1157/598
f 1754/1159/184 1722/1160/184 1721/1161/252
f 1756/1159/233 1754/1159/233 1755/1086/234
f 1764/1167/224 1765/1167/224 1748/1151/225
f 1762/1166/226 1766/1166/226 1765/1167/227
f 1760/1165/229 1767/1165/2717 1766/1166/230
f 1758/1163/231 1768/1163/231 1767/1165/232
f 1757/1162/101 1769/1162/2718 1768/1163/102
f 1757/1162/200 1611/1087/199 1770/1087/199
f 1771/1168/233 1772/1168/2729 1770/1087/187
f 1693/1132/105 1695/1132/105 1792/1187/106
f 1794/1188/328 1792/1187/235 1695/1132/498
f 1796/1192/1 1797/1196/1 1798/1197/1
f 1798/1197/1 1799/3530/1 1796/1192/1
f 1799/3530/1 1800/1198/1 1796/1192/1
f 1800/1198/1 1794/1188/1 1796/1192/1
f 1794/1188/1 1793/1189/1 1796/1192/1
f 1793/1189/1 1801/1190/1 1796/1192/1
f 1801/1190/1 1802/1213/1 1795/1191/1
f 1802/1213/1 1803/1212/1 1795/1191/1
f 1803/1212/1 1804/1211/1 1795/1191/1
f 1804/1211/1 1805/3531/1 1795/1191/1
f 1805/3531/1 1806/1210/1 1795/1191/1
f 1806/1210/1 1807/1209/1 1795/1191/1
f 1807/1209/1 1808/3532/1 1795/1191/1
f 1808/3532/1 1809/1208/1 1795/1191/1
f 1809/1208/1 1810/1207/1 1795/1191/1
f 1810/1207/1 1811/1206/1 1795/1191/1
f 1811/1206/1 1812/1205/1 1795/1191/1
f 1812/1205/1 1813/1204/1 1795/1191/1
f 1813/1204/1 1814/1203/1 1820/1193/1
f 1795/1191/1 1813/1204/1 1820/1193/1
f 1814/1203/1 1815/1201/1 1820/1193/1
f 1815/1201/1 1816/1202/1 1820/1193/1
f 1816/1202/1 1817/1200/1 1820/1193/1
f 1817/1200/1 1818/1199/1 1820/1193/1
f 1818/1199/1 1819/1194/1 1820/1193/1
f 1828/1179/577 1827/1181/1418 1797/1196/523
f 1827/1181/2711 1798/1197/1418 1797/1196/149
f 1829/1183/210 1799/3530/153 1798/1197/524
f 1800/1198/239 1799/3530/155 1829/1183/238
f 1794/1188/157 1800/1198/327 1830/1185/207
f 1791/1187/158 1792/1187/158 1830/1185/159
f 1789/1185/140 1830/1185/140 1829/1183/161
f 1787/1183/162 1829/1183/162 1827/1181/163
f 1785/1181/295 1827/1181/295 1828/1179/165
f 1783/1179/243 1828/1179/2720 1831/1177/168
f 1831/1177/245 1828/1179/2619 1819/1194/578
f 1828/1179/2619 1826/1195/1419 1819/1194/244
f 1818/1199/174 1817/1200/175 1832/1175/301
f 1817/1200/177 1816/1202/219 1833/1173/325
f 1815/1201/181 1834/1171/181 1833/1173/553
f 1772/1168/250 1834/1171/251 1815/1201/183
f 1772/1168/184 1814/1203/184 1813/1204/252
f 1769/1162/253 1770/1087/535 1813/1204/535
f 1769/1162/303 1812/1205/303 1811/1206/257
f 1767/1165/261 1768/1163/259 1811/1206/304
f 1767/1165/262 1810/1207/306 1809/1208/263
f 1809/1208/266 1808/3532/265 1765/1167/265
f 1765/1167/520 1808/3532/520 1807/1209/268
f 1807/1209/559 1806/1210/270 1746/1150/270
f 1806/1210/330 1805/3531/532 1742/1149/273
f 1742/1149/317 1805/3531/274 1804/1211/276
f 1740/1148/534 1804/1211/534 1803/1212/278
f 1803/1212/346 1802/1213/281 1696/1077/281
f 1802/1213/282 1801/1190/284 1694/1075/283
f 1793/1189/568 1695/1132/536 1694/1075/322
f 1775/1171/188 1834/1171/2620 1772/1168/505
f 1777/1173/201 1833/1173/201 1834/1171/192
f 1779/1175/193 1832/1175/2714 1833/1173/203
f 1781/1177/196 1831/1177/196 1832/1175/197
f 1790/1186/110 1835/1186/2716 1692/1131/511
f 1788/1184/212 1836/1184/212 1835/1186/113
f 1786/1182/114 1837/1182/114 1836/1184/512
f 1784/1180/117 1838/1180/117 1837/1182/118
f 1782/1178/216 1839/1178/216 1838/1180/217
f 1780/1176/224 1840/1176/224 1839/1178/288
f 1778/1174/226 1841/1174/226 1840/1176/227
f 1776/1172/229 1842/1172/2717 1841/1174/230
f 1774/1170/231 1843/1170/231 1842/1172/232
f 1774/1170/103 1773/1169/101 1844/1169/101
f 1612/1088/199 1845/1088/335 1844/1169/200
f 1846/1214/233 1847/1214/582 1845/1088/234
f 1688/1130/105 1690/1130/2710 1867/1233/106
f 1869/1234/143 1867/1233/499 1690/1130/142
f 1871/1238/1 1872/1242/1 1873/3533/1
f 1873/3533/1 1874/1243/1 1871/1238/1
f 1874/1243/1 1875/3534/1 1871/1238/1
f 1875/3534/1 1869/1234/1 1871/1238/1
f 1869/1234/1 1868/1235/1 1871/1238/1
f 1868/1235/1 1876/1236/1 1871/1238/1
f 1876/1236/1 1877/1258/1 1870/1237/1
f 1877/1258/1 1878/1257/1 1870/1237/1
f 1878/1257/1 1879/3535/1 1870/1237/1
f 1879/3535/1 1880/1256/1 1870/1237/1
f 1880/1256/1 1881/1255/1 1870/1237/1
f 1881/1255/1 1882/3536/1 1870/1237/1
f 1882/3536/1 1883/1254/1 1870/1237/1
f 1883/1254/1 1884/1253/1 1870/1237/1
f 1884/1253/1 1885/1252/1 1870/1237/1
f 1885/1252/1 1886/1251/1 1870/1237/1
f 1886/1251/1 1887/1250/1 1870/1237/1
f 1887/1250/1 1888/1249/1 1870/1237/1
f 1888/1249/1 1889/1248/1 1895/1239/1
f 1870/1237/1 1888/1249/1 1895/1239/1
f 1889/1248/1 1890/1246/1 1895/1239/1
f 1890/1246/1 1891/1247/1 1895/1239/1
f 1891/1247/1 1892/1245/1 1895/1239/1
f 1892/1245/1 1893/1244/1 1895/1239/1
f 1893/1244/1 1894/1240/1 1895/1239/1
f 1903/1225/577 1902/1227/1418 1872/1242/326
f 1902/1227/1610 1873/3533/1610 1872/1242/326
f 1874/1243/151 1873/3533/209 1902/1227/237
f 1905/1231/211 1875/3534/211 1874/1243/155
f 1869/1234/157 1875/3534/207 1905/1231/327
f 1866/1233/158 1867/1233/158 1905/1231/123
f 1864/1231/140 1905/1231/140 1904/1229/161
f 1862/1229/162 1904/1229/162 1902/1227/163
f 1860/1227/295 1902/1227/2730 1903/1225/165
f 1858/1225/167 1903/1225/167 1906/1223/296
f 1906/1223/245 1903/1225/1420 1894/1240/170
f 1903/1225/1420 1901/1241/1419 1894/1240/218
f 1906/1223/174 1893/1244/174 1892/1245/504
f 1892/1245/177 1891/1247/590 1908/1219/219
f 1890/1246/181 1909/1217/181 1908/1219/553
f 1847/1214/250 1909/1217/598 1890/1246/598
f 1847/1214/184 1889/1248/184 1888/1249/252
f 1844/1169/253 1845/1088/535 1888/1249/584
f 1844/1169/336 1887/1250/303 1886/1251/257
f 1842/1172/260 1843/1170/259 1886/1251/304
f 1842/1172/262 1885/1252/306 1884/1253/263
f 1884/1253/264 1883/1254/265 1840/1176/265
f 1883/1254/520 1882/3536/565 1839/1178/565
f 1839/1178/559 1882/3536/310 1881/1255/270
f 1838/1180/272 1881/1255/330 1880/1256/532
f 1880/1256/274 1879/3535/275 1836/1184/275
f 1836/1184/534 1879/3535/534 1878/1257/278
f 1878/1257/339 1877/1258/280 1692/1131/280
f 1877/1258/341 1876/1236/283 1689/1074/283
f 1868/1235/568 1690/1130/536 1689/1074/322
f 1850/1217/188 1909/1217/188 1847/1214/505
f 1852/1219/201 1908/1219/2722 1909/1217/192
f 1854/1221/193 1907/1221/2714 1908/1219/203
f 1856/1223/1623 1906/1223/1623 1907/1221/197
f 1865/1232/110 1910/1232/2716 1687/1129/511
f 1863/1230/212 1911/1230/212 1910/1232/113
f 1861/1228/114 1912/1228/114 1911/1230/512
f 1859/1226/117 1913/1226/117 1912/1228/118
f 1857/1224/216 1914/1224/216 1913/1226/217
f 1855/1222/224 1915/1222/224 1914/1224/288
f 1853/1220/226 1916/1220/226 1915/1222/227
f 1851/1218/229 1917/1218/2717 1916/1220/230
f 1849/1216/231 1918/1216/231 1917/1218/232
f 1849/1216/103 1848/1215/101 1919/1215/101
f 1613/1089/199 1920/1089/335 1919/1215/200
f 1673/1117/233 1921/1117/233 1920/1089/234
f 1674/1118/188 1922/1118/188 1921/1117/505
f 1675/1120/201 1923/1120/2722 1922/1118/192
f 1676/1122/193 1924/1122/2714 1923/1120/203
f 1677/1124/1623 1925/1124/1623 1924/1122/197
f 1678/1126/167 1926/1126/2713 1925/1124/168
f 1679/1128/295 1681/1128/295 1926/1126/165
f 1926/1126/150 1681/1128/1418 1928/1259/523
f 1681/1128/1418 1927/1261/1610 1928/1259/523
f 1680/1067/210 1930/3537/210 1927/1261/209
f 1931/1262/211 1930/3537/155 1680/1067/155
f 1932/1263/157 1931/1262/207 1682/1069/207
f 1934/1266/1 1928/1259/1 1927/1261/1
f 1927/1261/1 1930/3537/1 1934/1266/1
f 1930/3537/1 1931/1262/1 1934/1266/1
f 1931/1262/1 1932/1263/1 1934/1266/1
f 1932/1263/1 1935/1284/1 1934/1266/1
f 1935/1284/1 1936/1264/1 1934/1266/1
f 1936/1264/1 1937/1283/1 1933/1265/1
f 1937/1283/1 1938/1282/1 1933/1265/1
f 1938/1282/1 1939/1281/1 1933/1265/1
f 1939/1281/1 1940/3538/1 1933/1265/1
f 1940/3538/1 1941/1280/1 1933/1265/1
f 1941/1280/1 1942/3539/1 1933/1265/1
f 1942/3539/1 1943/1279/1 1933/1265/1
f 1943/1279/1 1944/1278/1 1933/1265/1
f 1944/1278/1 1945/1277/1 1933/1265/1
f 1945/1277/1 1946/1276/1 1933/1265/1
f 1946/1276/1 1947/1275/1 1933/1265/1
f 1947/1275/1 1948/1274/1 1933/1265/1
f 1948/1274/1 1949/1273/1 1955/1267/1
f 1933/1265/1 1948/1274/1 1955/1267/1
f 1949/1273/1 1950/1271/1 1955/1267/1
f 1950/1271/1 1951/1272/1 1955/1267/1
f 1951/1272/1 1952/1270/1 1955/1267/1
f 1952/1270/1 1953/1269/1 1955/1267/1
f 1953/1269/1 1954/1268/1 1955/1267/1
f 1925/1124/245 1926/1126/2619 1954/1268/578
f 1926/1126/1420 1929/1260/1419 1954/1268/218
f 1925/1124/174 1953/1269/174 1952/1270/175
f 1952/1270/248 1951/1272/325 1923/1120/325
f 1950/1271/179 1922/1118/181 1923/1120/554
f 1921/1117/530 1922/1118/598 1950/1271/598
f 1921/1117/184 1949/1273/184 1948/1274/252
f 1919/1215/253 1920/1089/254 1948/1274/302
f 1919/1215/336 1947/1275/336 1946/1276/257
f 1917/1218/305 1918/1216/259 1946/1276/304
f 1917/1218/306 1945/1277/306 1944/1278/263
f 1916/1220/266 1944/1278/266 1943/1279/265
f 1943/1279/520 1942/3539/268 1914/1224/268
f 1914/1224/271 1942/3539/271 1941/1280/270
f 1941/1280/533 1940/3538/315 1912/1228/273
f 1912/1228/317 1940/3538/274 1939/1281/276
f 1911/1230/534 1939/1281/534 1938/1282/278
f 1938/1282/339 1937/1283/340 1687/1129/340
f 1937/1283/282 1936/1264/569 1685/1073/569
f 1935/1284/568 1684/1072/536 1685/1073/322
f 1932/1263/143 1683/1070/499 1684/1072/142
f 1749/1152/196 1750/1152/196 1751/1155/197
f 1763/1155/193 1751/1155/2714 1752/1156/203
f 1761/1156/201 1752/1156/201 1753/1164/192
f 1759/1164/188 1753/1164/2620 1754/1159/505
f 1609/1085/200 1610/1086/199 1755/1086/199
f 1961/1085/253 1755/1086/535 1721/1161/535
f 1961/1085/303 1720/1285/303 1719/1286/257
f 1609/1085/101 1961/1085/101 1962/1084/102
f 1608/1084/231 1962/1084/231 1963/1083/232
f 1963/1083/260 1962/1084/259 1719/1286/304
f 1963/1083/306 1718/1287/262 1717/1288/263
f 1717/1288/266 1716/3529/265 1965/1081/537
f 1965/1081/520 1716/3529/520 1715/1289/268
f 1715/1289/559 1714/1290/270 1603/1079/270
f 1714/1290/272 1713/3528/273 1601/309/273
f 1601/309/274 1713/3528/317 1712/1291/276
f 1600/308/534 1712/1291/534 1711/1292/278
f 1711/1292/346 1710/1293/560 1598/306/560
f 1710/1293/341 1709/1136/283 1597/301/283
f 1708/1294/286 1595/1076/536 1597/301/322
f 1701/1135/499 1596/1078/499 1595/1076/142
f 1604/1080/216 1966/1080/216 1603/1079/217
f 1605/1081/224 1965/1081/224 1966/1080/225
f 1606/1082/226 1964/1082/226 1965/1081/227
f 1607/1083/229 1963/1083/229 1964/1082/230
f 1569/1127/117 1967/1127/117 1968/1068/118
f 1570/1125/216 1969/1125/216 1967/1127/217
f 1571/1123/224 1970/1123/224 1969/1125/225
f 1572/1121/226 1971/1121/226 1970/1123/227
f 1573/1119/229 1972/1119/229 1971/1121/230
f 1574/1063/231 1973/1063/231 1972/1119/232
f 1575/1116/101 1672/1116/2718 1973/1063/102
f 1672/1116/303 1651/1296/303 1650/1295/257
f 1672/1116/253 1671/1090/535 1652/1115/535
f 1972/1119/305 1973/1063/259 1650/1295/304
f 1972/1119/306 1649/1297/344 1648/1298/263
f 1648/1298/266 1647/3526/265 1970/1123/537
f 1970/1123/520 1647/3526/520 1646/1299/268
f 1646/1299/559 1645/1300/270 1967/1127/270
f 1645/1300/272 1644/3525/273 1968/1068/273
f 1968/1068/274 1644/3525/317 1643/1301/538
f 1974/1066/277 1643/1301/277 1642/1302/278
f 1642/1302/346 1641/1303/560 1976/1071/560
f 1641/1303/282 1640/1101/283 1977/299/283
f 1639/1304/286 1565/298/536 1977/299/322
f 1632/1100/499 1566/1062/499 1565/298/142
f 379/299/124 1977/299/124 1565/298/205
f 1583/1071/107 1976/1071/107 1977/299/490
f 1584/1065/110 1975/1065/110 1976/1071/511
f 1567/1066/212 1974/1066/212 1975/1065/113
f 1568/1068/114 1968/1068/2635 1974/1066/512
f 2052/1352/99 2055/1352/2603 2056/1354/100
f 2089/1375/105 2092/1375/105 2093/1377/106
f 2115/1390/110 2116/1390/110 2117/1376/111
f 2114/1388/212 2135/1388/2728 2116/1390/113
f 2113/1386/114 2136/1386/114 2135/1388/512
f 2112/1384/117 2137/1384/117 2136/1386/118
f 2111/1381/216 2138/1381/2626 2137/1384/217
f 2118/1393/224 2139/1393/224 2138/1381/225
f 2094/1383/196 2140/1383/196 2141/1380/197
f 2095/1382/243 2142/1382/243 2140/1383/296
f 2096/1385/214 2143/1385/214 2142/1382/165
f 2097/1387/162 2144/1387/162 2143/1385/163
f 2098/1389/140 2145/1389/140 2144/1387/161
f 2091/1377/158 2093/1377/158 2145/1389/123
f 2147/1394/327 2145/1389/327 2093/1377/208
f 2149/1398/1 2150/1402/1 2151/1403/1
f 2151/1403/1 2152/3542/1 2149/1398/1
f 2152/3542/1 2147/1394/1 2149/1398/1
f 2147/1394/1 2146/1395/1 2149/1398/1
f 2146/1395/1 2153/1430/1 2149/1398/1
f 2153/1430/1 2154/1396/1 2149/1398/1
f 2154/1396/1 2155/3543/1 2148/1397/1
f 2155/3543/1 2156/1429/1 2148/1397/1
f 2156/1429/1 2157/1428/1 2148/1397/1
f 2157/1428/1 2158/1427/1 2148/1397/1
f 2158/1427/1 2159/3544/1 2148/1397/1
f 2159/3544/1 2160/1426/1 2148/1397/1
f 2160/1426/1 2161/1425/1 2148/1397/1
f 2161/1425/1 2162/3545/1 2148/1397/1
f 2162/3545/1 2163/1424/1 2148/1397/1
f 2163/1424/1 2164/1423/1 2148/1397/1
f 2164/1423/1 2165/1422/1 2148/1397/1
f 2165/1422/1 2166/1410/1 2148/1397/1
f 2166/1410/1 2167/1409/1 2173/1399/1
f 2148/1397/1 2166/1410/1 2173/1399/1
f 2167/1409/1 2168/1408/1 2173/1399/1
f 2168/1408/1 2169/1405/1 2173/1399/1
f 2169/1405/1 2170/3546/1 2173/1399/1
f 2170/3546/1 2171/1404/1 2173/1399/1
f 2171/1404/1 2172/1400/1 2173/1399/1
f 2142/1382/550 2143/1385/1418 2150/1402/523
f 2143/1385/1418 2151/1403/1418 2150/1402/326
f 2144/1387/589 2152/3542/151 2151/1403/237
f 2147/1394/211 2152/3542/238 2144/1387/155
f 2140/1383/171 2142/1382/1420 2172/1400/578
f 2142/1382/2619 2179/1401/1609 2172/1400/525
f 2171/1404/174 2170/3546/175 2141/1380/301
f 2141/1380/2731 2170/3546/177 2169/1405/219
f 2181/1407/181 2180/1406/220 2169/1405/554
f 2167/1409/530 2182/1411/182 2181/1407/251
f 2183/1379/185 2182/1411/184 2167/1409/222
f 2107/1411/186 2182/1411/2732 2183/1379/187
f 2119/1414/226 2184/1414/226 2139/1393/227
f 2120/1392/229 2185/1392/229 2184/1414/230
f 2121/1413/231 2186/1413/231 2185/1392/232
f 2122/1412/101 2187/1412/2718 2186/1413/102
f 2122/1412/200 2123/1415/199 2188/1415/199
f 2099/1421/117 2189/1421/117 2190/335/118
f 2100/1420/216 2191/1420/2626 2189/1421/217
f 2101/1419/224 2192/1419/224 2191/1420/225
f 2102/1378/226 2193/1378/226 2192/1419/227
f 2103/1418/343 2194/1418/2634 2193/1378/230
f 2104/1417/231 2195/1417/231 2194/1418/232
f 2105/1416/101 2196/1416/101 2195/1417/102
f 2105/1416/334 2106/1379/199 2183/1379/335
f 2183/1379/584 2166/1410/254 2165/1422/596
f 2195/1417/257 2196/1416/336 2165/1422/256
f 2195/1417/304 2164/1423/259 2163/1424/260
f 2163/1424/262 2162/3545/263 2193/1378/597
f 2193/1378/264 2162/3545/266 2161/1425/537
f 2192/1419/520 2161/1425/520 2160/1426/565
f 2160/1426/271 2159/3544/270 2189/1421/311
f 2189/1421/272 2159/3544/330 2158/1427/273
f 2190/335/317 2158/1427/274 2157/1428/276
f 2157/1428/277 2156/1429/319 2198/333/319
f 2156/1429/321 2155/3543/280 2199/332/340
f 2199/332/341 2155/3543/341 2154/1396/347
f 2154/1396/323 2153/1430/286 2092/1375/286
f 2146/1395/235 2093/1377/235 2092/1375/498
f 415/329/99 2200/329/2603 2092/1375/100
f 417/332/204 2199/332/204 2200/329/490
f 418/333/110 2198/333/110 2199/332/111
f 419/334/212 2197/334/112 2198/333/113
f 420/335/114 2190/335/2733 2197/334/129
f 2054/1354/105 2056/1354/2710 2223/1445/106
f 2225/1446/235 2223/1445/235 2056/1354/498
f 2227/1450/1 2228/1454/1 2229/3547/1
f 2229/3547/1 2230/1455/1 2227/1450/1
f 2230/1455/1 2231/1458/1 2227/1450/1
f 2231/1458/1 2225/1446/1 2227/1450/1
f 2225/1446/1 2224/1447/1 2227/1450/1
f 2224/1447/1 2232/1448/1 2227/1450/1
f 2232/1448/1 2233/3548/1 2226/1449/1
f 2233/3548/1 2234/1606/1 2226/1449/1
f 2234/1606/1 2235/1605/1 2226/1449/1
f 2235/1605/1 2236/1604/1 2226/1449/1
f 2236/1604/1 2237/3549/1 2226/1449/1
f 2237/3549/1 2238/1603/1 2226/1449/1
f 2238/1603/1 2239/1602/1 2226/1449/1
f 2239/1602/1 2240/3550/1 2226/1449/1
f 2240/3550/1 2241/1601/1 2226/1449/1
f 2241/1601/1 2242/1600/1 2226/1449/1
f 2242/1600/1 2243/1599/1 2226/1449/1
f 2243/1599/1 2244/1472/1 2226/1449/1
f 2244/1472/1 2245/1471/1 2251/1451/1
f 2226/1449/1 2244/1472/1 2251/1451/1
f 2245/1471/1 2246/1470/1 2251/1451/1
f 2246/1470/1 2247/1468/1 2251/1451/1
f 2247/1468/1 2248/3551/1 2251/1451/1
f 2248/3551/1 2249/1467/1 2251/1451/1
f 2249/1467/1 2250/1452/1 2251/1451/1
f 2259/1357/550 2258/1456/1418 2228/1454/523
f 2258/1456/1418 2229/3547/1418 2228/1454/326
f 2230/1455/210 2229/3547/237 2258/1456/237
f 2231/1458/211 2230/1455/155 2260/1457/155
f 2231/1458/207 2261/1459/327 2223/1445/157
f 2062/1445/158 2223/1445/158 2261/1459/123
f 2061/1459/140 2261/1459/140 2260/1457/161
f 2060/1457/162 2260/1457/162 2258/1456/163
f 2059/1456/164 2258/1456/164 2259/1357/165
f 2058/1357/167 2259/1357/167 2270/1466/296
f 2270/1466/245 2259/1357/1419 2250/1452/578
f 2259/1357/2619 2257/1453/1609 2250/1452/578
f 2249/1467/176 2248/3551/301 2271/1359/301
f 2271/1359/2731 2248/3551/177 2247/1468/178
f 2273/1358/181 2272/1469/220 2247/1468/220
f 2245/1471/530 2274/1473/250 2273/1358/598
f 2275/1433/185 2274/1473/222 2245/1471/184
f 2074/1473/186 2274/1473/186 2275/1433/187
f 2078/1466/196 2270/1466/196 2271/1359/591
f 2077/1359/193 2271/1359/2622 2272/1469/203
f 2076/1469/201 2272/1469/201 2273/1358/192
f 2075/1358/188 2273/1358/188 2274/1473/505
f 2073/1433/199 2275/1433/199 2285/1476/508
f 2079/1361/196 2290/1361/196 2291/1483/197
f 2087/1373/99 2314/1373/2603 2315/1505/100
f 2312/1503/158 2327/1503/158 2328/1501/123
f 2313/1505/105 2315/1505/2710 2327/1503/106
f 2330/1507/235 2327/1503/328 2315/1505/292
f 2332/1511/1 2333/1515/1 2334/3552/1
f 2334/3552/1 2335/1516/1 2332/1511/1
f 2335/1516/1 2336/3553/1 2332/1511/1
f 2336/3553/1 2330/1507/1 2332/1511/1
f 2330/1507/1 2329/1508/1 2332/1511/1
f 2329/1508/1 2337/1509/1 2332/1511/1
f 2337/1509/1 2338/1575/1 2331/1510/1
f 2338/1575/1 2339/3554/1 2331/1510/1
f 2339/3554/1 2340/1574/1 2331/1510/1
f 2340/1574/1 2341/1573/1 2331/1510/1
f 2341/1573/1 2342/1572/1 2331/1510/1
f 2342/1572/1 2343/3555/1 2331/1510/1
f 2343/3555/1 2344/1571/1 2331/1510/1
f 2344/1571/1 2345/1570/1 2331/1510/1
f 2345/1570/1 2346/1569/1 2331/1510/1
f 2346/1569/1 2347/1568/1 2331/1510/1
f 2347/1568/1 2348/1567/1 2331/1510/1
f 2348/1567/1 2349/1522/1 2331/1510/1
f 2349/1522/1 2350/1521/1 2356/1512/1
f 2331/1510/1 2349/1522/1 2356/1512/1
f 2350/1521/1 2351/1519/1 2356/1512/1
f 2351/1519/1 2352/1520/1 2356/1512/1
f 2352/1520/1 2353/1518/1 2356/1512/1
f 2353/1518/1 2354/1517/1 2356/1512/1
f 2354/1517/1 2355/1513/1 2356/1512/1
f 2364/1495/577 2363/1497/1418 2333/1515/326
f 2363/1497/1418 2334/3552/1610 2333/1515/326
f 2335/1516/153 2334/3552/209 2363/1497/209
f 2328/1501/211 2336/3553/211 2335/1516/238
f 2330/1507/157 2336/3553/327 2328/1501/207
f 2311/1501/140 2328/1501/140 2365/1499/161
f 2310/1499/162 2365/1499/162 2363/1497/163
f 2309/1497/295 2363/1497/295 2364/1495/165
f 2308/1495/167 2364/1495/2713 2366/1494/296
f 2366/1494/171 2364/1495/1420 2355/1513/170
f 2364/1495/2619 2362/1514/1609 2355/1513/2629
f 2366/1494/300 2354/1517/174 2353/1518/175
f 2353/1518/248 2352/1520/590 2368/1490/590
f 2351/1519/181 2369/1488/181 2368/1490/220
f 2350/1521/530 2370/1487/182 2369/1488/251
f 2371/1431/185 2370/1487/184 2350/1521/222
f 2303/1487/186 2370/1487/186 2371/1431/187
f 2304/1488/188 2369/1488/188 2370/1487/505
f 2305/1490/201 2368/1490/2722 2369/1488/192
f 2306/1492/193 2367/1492/193 2368/1490/203
f 2307/1494/196 2366/1494/196 2367/1492/197
f 2201/1431/507 2371/1431/507 2372/1523/200
f 2088/1374/99 2373/1374/99 2374/1542/205
f 2090/1376/204 2117/1376/204 2373/1374/490
f 2117/1376/341 2375/3556/341 2376/1543/347
f 2377/1544/321 2375/3556/280 2117/1376/340
f 2135/1388/277 2378/3557/534 2377/1544/278
f 2379/1545/317 2378/3557/275 2135/1388/275
f 2137/1384/330 2380/3558/272 2379/1545/273
f 2381/1546/271 2380/3558/270 2137/1384/311
f 2139/1393/520 2382/1547/520 2381/1546/565
f 2184/1414/264 2383/3559/266 2382/1547/537
f 2384/1548/262 2383/3559/338 2184/1414/338
f 2185/1392/260 2186/1413/259 2385/1549/259
f 2186/1413/257 2187/1412/336 2386/1550/256
f 2188/1415/584 2387/1552/254 2386/1550/596
f 2188/1415/185 2388/1524/521 2389/1551/222
f 2124/1524/186 2388/1524/186 2188/1415/234
f 2125/1526/188 2390/1526/2620 2388/1524/505
f 2126/1528/201 2391/1528/201 2390/1526/192
f 2127/1530/193 2392/1530/193 2391/1528/203
f 2128/1532/196 2393/1532/196 2392/1530/197
f 2129/1534/167 2394/1534/167 2393/1532/296
f 2130/1536/164 2395/1536/164 2394/1534/148
f 2131/1537/162 2396/1537/162 2395/1536/163
f 2132/1391/140 2397/1391/140 2396/1537/161
f 2133/1540/158 2398/1540/158 2397/1391/123
f 2134/1542/105 2374/1542/105 2398/1540/106
f 2399/1553/292 2400/1563/235 2398/1540/235
f 2402/1555/1 2403/1559/1 2404/1560/1
f 2404/1560/1 2405/1561/1 2402/1555/1
f 2405/1561/1 2406/1562/1 2402/1555/1
f 2406/1562/1 2400/1563/1 2402/1555/1
f 2400/1563/1 2399/1553/1 2402/1555/1
f 2399/1553/1 2376/1543/1 2402/1555/1
f 2376/1543/1 2375/3556/1 2401/1554/1
f 2375/3556/1 2377/1544/1 2401/1554/1
f 2377/1544/1 2378/3557/1 2401/1554/1
f 2378/3557/1 2379/1545/1 2401/1554/1
f 2379/1545/1 2380/3558/1 2401/1554/1
f 2380/3558/1 2381/1546/1 2401/1554/1
f 2381/1546/1 2382/1547/1 2401/1554/1
f 2382/1547/1 2383/3559/1 2401/1554/1
f 2383/3559/1 2384/1548/1 2401/1554/1
f 2384/1548/1 2385/1549/1 2401/1554/1
f 2385/1549/1 2386/1550/1 2401/1554/1
f 2386/1550/1 2387/1552/1 2401/1554/1
f 2387/1552/1 2389/1551/1 2412/1556/1
f 2401/1554/1 2387/1552/1 2412/1556/1
f 2389/1551/1 2407/1566/1 2412/1556/1
f 2407/1566/1 2408/1565/1 2412/1556/1
f 2408/1565/1 2409/3560/1 2412/1556/1
f 2409/3560/1 2410/1564/1 2412/1556/1
f 2410/1564/1 2411/1557/1 2412/1556/1
f 2394/1534/550 2395/1536/1418 2403/1559/2616
f 2395/1536/1610 2404/1560/1418 2403/1559/2734
f 2396/1537/210 2405/1561/210 2404/1560/209
f 2397/1391/239 2406/1562/239 2405/1561/238
f 2406/1562/207 2397/1391/327 2398/1540/208
f 2393/1532/245 2394/1534/1419 2411/1557/578
f 2394/1534/1420 2418/1558/1420 2411/1557/525
f 2410/1564/176 2409/3560/247 2392/1530/301
f 2392/1530/177 2409/3560/248 2408/1565/219
f 2390/1526/181 2391/1528/220 2408/1565/220
f 2389/1551/182 2388/1524/250 2390/1526/183
f 2376/1543/285 2399/1553/286 2374/1542/526
f 2316/1541/204 2419/1541/204 2314/1373/490
f 2317/1539/110 2420/1539/110 2419/1541/111
f 2318/1538/212 2421/1538/112 2420/1539/113
f 2319/1506/114 2422/1506/114 2421/1538/512
f 2320/1535/117 2423/1535/117 2422/1506/118
f 2321/1533/287 2424/1533/2628 2423/1535/217
f 2322/1531/224 2425/1531/224 2424/1533/225
f 2323/1529/226 2426/1529/2633 2425/1531/227
f 2324/1527/229 2427/1527/229 2426/1529/230
f 2325/1525/231 2428/1525/231 2427/1527/232
f 2325/1525/1620 2326/1523/101 2372/1523/101
f 2428/1525/332 2372/1523/333 2348/1567/336
f 2371/1431/535 2349/1522/584 2348/1567/253
f 2428/1525/304 2347/1568/259 2346/1569/261
f 2427/1527/306 2346/1569/306 2345/1570/338
f 2345/1570/266 2344/1571/265 2425/1531/265
f 2344/1571/520 2343/3555/565 2424/1533/565
f 2424/1533/310 2343/3555/310 2342/1572/270
f 2423/1535/330 2342/1572/330 2341/1573/314
f 2341/1573/317 2340/1574/275 2421/1538/275
f 2340/1574/534 2339/3554/319 2420/1539/319
f 2420/1539/339 2339/3554/321 2338/1575/280
f 2419/1541/341 2338/1575/341 2337/1509/283
f 2337/1509/323 2329/1508/286 2315/1505/568
f 2293/1504/204 2429/1504/204 2430/1372/490
f 2294/1502/110 2431/1502/110 2429/1504/111
f 2295/1500/112 2432/1500/112 2431/1502/113
f 2296/1498/114 2433/1498/114 2432/1500/512
f 2297/1496/117 2434/1496/117 2433/1498/118
f 2298/1484/287 2435/1484/2628 2434/1496/217
f 2299/1493/224 2436/1493/224 2435/1484/225
f 2300/1491/226 2437/1491/2633 2436/1493/227
f 2301/1489/229 2438/1489/229 2437/1491/230
f 2302/1485/231 2439/1485/231 2438/1489/232
f 2302/1485/1620 2292/1486/101 2440/1486/101
f 2202/1432/507 2441/1432/507 2440/1486/200
f 2286/1477/186 2442/1477/186 2441/1432/187
f 2287/1479/188 2443/1479/188 2442/1477/505
f 2288/1481/201 2444/1481/2722 2443/1479/192
f 2289/1483/193 2291/1483/193 2444/1481/203
f 2291/1483/248 2445/3561/248 2446/1576/219
f 2447/1577/174 2445/3561/175 2291/1483/301
f 2290/1361/245 2448/1363/1420 2450/1578/578
f 2448/1363/2619 2449/1580/2619 2450/1578/170
f 2448/1363/551 2451/1365/1610 2453/1579/523
f 2451/1365/1418 2452/3562/1610 2453/1579/149
f 2455/1581/210 2452/3562/209 2451/1365/237
f 2456/1368/239 2457/3563/211 2455/1581/238
f 2458/1582/208 2457/3563/327 2456/1368/207
f 2461/1585/1 2453/1579/1 2452/3562/1
f 2452/3562/1 2455/1581/1 2461/1585/1
f 2455/1581/1 2457/3563/1 2461/1585/1
f 2457/3563/1 2458/1582/1 2461/1585/1
f 2458/1582/1 2462/1587/1 2461/1585/1
f 2462/1587/1 2463/1583/1 2461/1585/1
f 2463/1583/1 2464/1588/1 2460/1584/1
f 2464/1588/1 2465/3564/1 2460/1584/1
f 2465/3564/1 2466/1589/1 2460/1584/1
f 2466/1589/1 2467/1590/1 2460/1584/1
f 2467/1590/1 2468/1591/1 2460/1584/1
f 2468/1591/1 2469/3565/1 2460/1584/1
f 2469/3565/1 2470/1592/1 2460/1584/1
f 2470/1592/1 2471/3566/1 2460/1584/1
f 2471/3566/1 2472/1593/1 2460/1584/1
f 2472/1593/1 2473/1595/1 2460/1584/1
f 2473/1595/1 2474/1594/1 2460/1584/1
f 2474/1594/1 2475/1597/1 2460/1584/1
f 2475/1597/1 2476/1596/1 2478/1586/1
f 2460/1584/1 2475/1597/1 2478/1586/1
f 2476/1596/1 2477/1598/1 2478/1586/1
f 2477/1598/1 2446/1576/1 2478/1586/1
f 2446/1576/1 2445/3561/1 2478/1586/1
f 2445/3561/1 2447/1577/1 2478/1586/1
f 2447/1577/1 2450/1578/1 2478/1586/1
f 2458/1582/235 2459/1369/328 2484/1371/498
f 2085/1371/105 2484/1371/105 2459/1369/106
f 2086/1372/99 2430/1372/2603 2484/1371/100
f 2463/1583/323 2462/1587/286 2484/1371/568
f 2429/1504/341 2464/1588/341 2463/1583/283
f 2431/1502/339 2465/3564/321 2464/1588/280
f 2466/1589/534 2465/3564/319 2431/1502/319
f 2467/1590/317 2466/1589/275 2432/1500/275
f 2468/1591/272 2467/1590/314 2433/1498/273
f 2435/1484/271 2469/3565/271 2468/1591/270
f 2470/1592/520 2469/3565/268 2435/1484/531
f 2437/1491/264 2471/3566/2380 2470/1592/308
f 2472/1593/344 2471/3566/263 2437/1491/263
f 2439/1485/304 2473/1595/259 2472/1593/260
f 2439/1485/332 2440/1486/333 2474/1594/336
f 2441/1432/535 2475/1597/584 2474/1594/253
f 2441/1432/185 2442/1477/184 2476/1596/222
f 2476/1596/530 2442/1477/182 2443/1479/251
f 2477/1598/181 2443/1479/181 2444/1481/220
f 2084/1369/158 2459/1369/158 2456/1368/123
f 2083/1368/140 2456/1368/140 2454/1366/161
f 2082/1366/162 2454/1366/162 2451/1365/163
f 2081/1365/164 2451/1365/164 2448/1363/165
f 2080/1363/167 2448/1363/167 2290/1361/296
f 2069/1482/226 2485/1482/226 2486/1362/227
f 2070/1480/343 2487/1480/2634 2485/1482/230
f 2071/1478/231 2488/1478/231 2487/1480/232
f 2072/1476/101 2285/1476/2718 2488/1478/102
f 2488/1478/258 2285/1476/256 2243/1599/333
f 2275/1433/584 2244/1472/254 2243/1599/596
f 2488/1478/304 2242/1600/259 2241/1601/260
f 2241/1601/344 2240/3550/263 2485/1482/597
f 2485/1482/264 2240/3550/266 2239/1602/537
f 2486/1362/520 2239/1602/520 2238/1603/565
f 2238/1603/271 2237/3549/270 2490/1364/311
f 2490/1364/272 2237/3549/272 2236/1604/273
f 2491/1356/317 2236/1604/274 2235/1605/276
f 2235/1605/277 2234/1606/278 2493/1355/278
f 2234/1606/321 2233/3548/280 2494/1370/340
f 2494/1370/341 2233/3548/341 2232/1448/347
f 2232/1448/323 2224/1447/286 2056/1354/568
f 2063/1370/204 2494/1370/204 2055/1352/490
f 2064/1355/110 2493/1355/110 2494/1370/111
f 2065/1367/112 2492/1367/112 2493/1355/113
f 2066/1356/114 2491/1356/2733 2492/1367/512
f 2067/1364/117 2490/1364/117 2491/1356/118
f 2057/1360/216 2489/1360/2626 2490/1364/217
f 2068/1362/224 2486/1362/224 2489/1360/225
f 2110/1380/193 2141/1380/193 2180/1406/203
f 2109/1406/201 2180/1406/201 2181/1407/192
f 2108/1407/188 2181/1407/188 2182/1411/505
f 4009/3124/102 2872/1944/101 4026/1944/101
f 2871/1943/507 4028/1943/507 4026/1944/200
f 4010/3125/233 4029/3125/233 4028/1943/187
f 4003/3118/162 4030/3118/162 4031/3127/163
f 2881/1953/2942 4013/3129/140 4032/3129/140
f 4032/3129/140 4030/3118/161 2881/1953/2943
f 4014/3128/158 4033/3128/158 4032/3129/123
f 4015/3130/571 4034/3130/2615 4033/3128/2944
f 4016/3131/124 4035/3131/124 4034/3130/205
f 4017/3132/204 4036/3132/2945 4035/3131/490
f 4018/3133/110 4037/3133/2946 4036/3132/111
f 4019/3134/212 4038/3134/212 4037/3133/113
f 4020/3135/114 4039/3135/114 4038/3134/512
f 4021/3136/117 4040/3136/117 4039/3135/118
f 4022/3137/287 4041/3137/287 4040/3136/217
f 4023/3138/224 4042/3138/224 4041/3137/225
f 4024/3122/226 4043/3122/226 4042/3138/227
f 4025/3123/343 4044/3123/343 4043/3122/230
f 4009/3124/231 4027/3124/231 4044/3123/232
f 4045/3139/570 4046/3149/337 4044/3123/337
f 4048/3141/1 4049/3145/1 4050/3146/1
f 4050/3146/1 4051/3583/1 4048/3141/1
f 4051/3583/1 4052/3147/1 4048/3141/1
f 4052/3147/1 4053/3148/1 4048/3141/1
f 4053/3148/1 4046/3149/1 4048/3141/1
f 4046/3149/1 4045/3139/1 4048/3141/1
f 4045/3139/1 4054/3166/1 4047/3140/1
f 4054/3166/1 4055/3584/1 4047/3140/1
f 4055/3584/1 4056/3165/1 4047/3140/1
f 4056/3165/1 4057/3163/1 4047/3140/1
f 4057/3163/1 4058/3161/1 4047/3140/1
f 4058/3161/1 4059/3585/1 4047/3140/1
f 4059/3585/1 4060/3160/1 4047/3140/1
f 4060/3160/1 4061/3159/1 4047/3140/1
f 4061/3159/1 4062/3158/1 4047/3140/1
f 4062/3158/1 4063/3157/1 4047/3140/1
f 4063/3157/1 4064/3156/1 4047/3140/1
f 4064/3156/1 4065/3155/1 4047/3140/1
f 4065/3155/1 4066/3154/1 4072/3142/1
f 4047/3140/1 4065/3155/1 4072/3142/1
f 4066/3154/1 4067/3152/1 4072/3142/1
f 4067/3152/1 4068/3153/1 4072/3142/1
f 4068/3153/1 4069/3151/1 4072/3142/1
f 4069/3151/1 4070/3150/1 4072/3142/1
f 4070/3150/1 4071/3143/1 4072/3142/1
f 4039/3135/315 4040/3136/313 4049/3145/1625
f 4040/3136/313 4050/3146/533 4049/3145/2947
f 4041/3137/310 4051/3583/310 4050/3146/270
f 4052/3147/520 4051/3583/565 4041/3137/268
f 4053/3148/266 4052/3147/265 4042/3138/537
f 4053/3148/263 4043/3122/263 4044/3123/306
f 4038/3134/276 4039/3135/317 4071/3143/2948
f 4039/3135/317 4078/3144/317 4071/3143/2949
f 4038/3134/277 4070/3150/277 4069/3151/319
f 4069/3151/339 4068/3153/340 4036/3132/340
f 4067/3152/283 4035/3131/347 4036/3132/567
f 4034/3130/526 4035/3131/323 4067/3152/322
f 4034/3130/144 4066/3154/144 4065/3155/328
f 4032/3129/207 4033/3128/157 4065/3155/208
f 4032/3129/239 4064/3156/211 4063/3157/238
f 4030/3118/210 4063/3157/589 4062/3158/152
f 4031/3127/2711 4062/3158/2711 4061/3159/550
f 4061/3159/1609 4060/3160/245 4080/3119/245
f 4060/3160/174 4059/3585/175 4081/3126/301
f 4081/3126/248 4059/3585/248 4058/3161/325
f 4082/3162/220 4058/3161/554 4057/3163/179
f 4057/3163/251 4056/3165/221 4029/3125/221
f 4056/3165/595 4055/3584/324 4028/1943/185
f 4028/1943/535 4055/3584/535 4054/3166/596
f 4026/1944/336 4054/3166/303 4045/3139/2950
f 4011/3164/188 4083/3164/188 4029/3125/189
f 4012/3162/201 4082/3162/2722 4083/3164/192
f 4004/3121/1622 4005/3126/2951 4081/3126/193
f 4081/3126/193 4082/3162/203 4004/3121/1622
f 4006/3119/196 4080/3119/196 4081/3126/197
f 4007/3120/167 4079/3120/167 4080/3119/296
f 4008/3127/164 4031/3127/164 4079/3120/148
f 4216/3291/158 4217/3291/2625 4218/3292/123
f 4219/3295/1622 4238/3299/193 4243/3299/193
f 4243/3299/2622 4244/3298/203 4219/3295/3009
f 4239/3296/196 4245/3296/196 4243/3299/197
f 4240/3297/243 4246/3297/2720 4245/3296/168
f 4241/3300/164 4247/3300/164 4246/3297/148
f 4242/3301/162 4248/3301/162 4247/3300/163
f 4220/3302/3010 4215/3292/140 4218/3292/3011
f 4218/3292/3011 4248/3301/161 4220/3302/3012
f 4218/3292/239 4249/3305/211 4250/3303/238
f 4218/3292/327 4217/3291/157 4251/3304/157
f 4217/3291/328 4252/3307/292 4253/3306/498
f 4221/3307/571 4252/3307/571 4217/3291/106
f 4222/3308/124 4254/3308/124 4252/3307/205
f 4223/3309/204 4255/3309/204 4254/3308/108
f 4224/3310/110 4256/3310/110 4255/3309/511
f 4225/3311/212 4257/3311/212 4256/3310/113
f 4226/3312/114 4258/3312/114 4257/3311/512
f 4227/3313/215 4259/3313/215 4258/3312/118
f 4228/3314/287 4260/3314/287 4259/3313/217
f 4229/3315/224 4261/3315/224 4260/3314/288
f 4230/3316/226 4262/3316/226 4261/3315/227
f 4231/3317/229 4263/3317/229 4262/3316/230
f 4232/3318/231 4264/3318/231 4263/3317/1619
f 4232/3318/1621 4233/3319/101 4265/3319/101
f 4234/3293/199 4266/3293/199 4265/3319/200
f 4235/3294/186 4267/3294/3013 4266/3293/234
f 4236/3320/188 4268/3320/188 4267/3294/505
f 4237/3298/201 4244/3298/2722 4268/3320/192
f 4244/3298/220 4269/3322/554 4270/3321/181
f 4243/3299/177 4271/3454/248 4269/3322/325
f 4272/3323/246 4271/3454/247 4243/3299/301
f 4273/3324/1419 4272/3323/557 4245/3296/579
f 4247/3300/2711 4274/3325/3014 4273/3324/577
f 4247/3300/209 4248/3301/210 4250/3303/151
f 4276/3328/1 4277/3332/1 4278/3333/1
f 4278/3333/1 4279/3587/1 4276/3328/1
f 4279/3587/1 4280/3334/1 4276/3328/1
f 4280/3334/1 4281/3335/1 4276/3328/1
f 4281/3335/1 4282/3336/1 4276/3328/1
f 4282/3336/1 4283/3326/1 4276/3328/1
f 4283/3326/1 4284/3337/1 4275/3327/1
f 4284/3337/1 4285/3338/1 4275/3327/1
f 4285/3338/1 4286/3588/1 4275/3327/1
f 4286/3588/1 4270/3321/1 4275/3327/1
f 4270/3321/1 4269/3322/1 4275/3327/1
f 4269/3322/1 4271/3454/1 4275/3327/1
f 4271/3454/1 4272/3323/1 4275/3327/1
f 4272/3323/1 4273/3324/1 4275/3327/1
f 4273/3324/1 4274/3325/1 4275/3327/1
f 4274/3325/1 4250/3303/1 4275/3327/1
f 4250/3303/1 4249/3305/1 4275/3327/1
f 4249/3305/1 4251/3304/1 4275/3327/1
f 4251/3304/1 4253/3306/1 4292/3329/1
f 4275/3327/1 4251/3304/1 4292/3329/1
f 4253/3306/1 4287/3341/1 4292/3329/1
f 4287/3341/1 4288/3340/1 4292/3329/1
f 4288/3340/1 4289/3589/1 4292/3329/1
f 4289/3589/1 4290/3339/1 4292/3329/1
f 4290/3339/1 4291/3330/1 4292/3329/1
f 4258/3312/315 4259/3313/313 4277/3332/1625
f 4259/3313/272 4278/3333/272 4277/3332/3015
f 4260/3314/310 4279/3587/310 4278/3333/311
f 4280/3334/520 4279/3587/565 4260/3314/565
f 4281/3335/266 4280/3334/265 4261/3315/265
f 4281/3335/263 4262/3316/338 4263/3317/306
f 4282/3336/260 4263/3317/260 4264/3318/259
f 4284/3337/303 4283/3326/2950 4264/3318/2950
f 4285/3338/254 4284/3337/255 4265/3319/253
f 4267/3294/222 4286/3588/222 4285/3338/185
f 4270/3321/183 4286/3588/182 4267/3294/182
f 4257/3311/276 4258/3312/274 4291/3330/2948
f 4258/3312/317 4298/3331/317 4291/3330/1414
f 4290/3339/277 4289/3589/3018 4256/3310/3018
f 4256/3310/339 4289/3589/339 4288/3340/280
f 4287/3341/347 4254/3308/569 4255/3309/282
f 4252/3307/286 4254/3308/323 4287/3341/322
f 4299/3342/2711 4300/3346/2711 4301/3343/577
f 4303/3345/210 4304/3392/589 4300/3346/152
f 4306/3345/162 4303/3345/162 4299/3342/163
f 4307/3351/3019 4312/3353/140 4331/3353/3011
f 4331/3353/3011 4303/3345/161 4307/3351/3012
f 4313/3352/158 4332/3352/158 4331/3353/123
f 4314/3354/571 4333/3354/571 4332/3352/106
f 4315/3355/99 4334/3355/99 4333/3354/100
f 4316/3356/204 4335/3356/204 4334/3355/490
f 4317/3357/2291 4336/3357/2291 4335/3356/511
f 4318/3358/212 4337/3358/212 4336/3357/113
f 4319/3359/114 4338/3359/114 4337/3358/512
f 4320/3360/117 4339/3360/117 4338/3359/118
f 4321/3361/287 4340/3361/2628 4339/3360/217
f 4322/3362/224 4341/3362/224 4340/3361/225
f 4323/3363/226 4342/3363/226 4341/3362/556
f 4324/3364/229 4343/3364/229 4342/3363/230
f 4325/3365/231 4344/3365/231 4343/3364/232
f 4325/3365/103 4326/3366/101 4345/3366/101
f 4327/3349/507 4346/3349/507 4345/3366/508
f 4328/3350/233 4347/3350/233 4346/3349/187
f 4329/3367/1608 4348/3367/1608 4347/3350/505
f 4330/3368/191 4349/3368/191 4348/3367/192
f 4308/3348/1622 4309/3369/193 4350/3369/193
f 4350/3369/2622 4349/3368/203 4308/3348/3009
f 4310/3347/1623 4351/3347/1623 4350/3369/197
f 4311/3344/167 4302/3344/167 4351/3347/296
f 4305/3342/164 4299/3342/164 4302/3344/148
f 4301/3343/1609 4352/3385/245 4351/3347/171
f 4354/3372/1 4355/3376/1 4356/3377/1
f 4356/3377/1 4357/3590/1 4354/3372/1
f 4357/3590/1 4358/3378/1 4354/3372/1
f 4358/3378/1 4359/3379/1 4354/3372/1
f 4359/3379/1 4360/3380/1 4354/3372/1
f 4360/3380/1 4361/3370/1 4354/3372/1
f 4361/3370/1 4362/3381/1 4353/3371/1
f 4362/3381/1 4363/3591/1 4353/3371/1
f 4363/3591/1 4364/3382/1 4353/3371/1
f 4364/3382/1 4365/3383/1 4353/3371/1
f 4365/3383/1 4366/3384/1 4353/3371/1
f 4366/3384/1 4367/3592/1 4353/3371/1
f 4367/3592/1 4352/3385/1 4353/3371/1
f 4352/3385/1 4301/3343/1 4353/3371/1
f 4301/3343/1 4300/3346/1 4353/3371/1
f 4300/3346/1 4304/3392/1 4353/3371/1
f 4304/3392/1 4368/3391/1 4353/3371/1
f 4368/3391/1 4369/3390/1 4353/3371/1
f 4369/3390/1 4370/3389/1 4376/3373/1
f 4353/3371/1 4369/3390/1 4376/3373/1
f 4370/3389/1 4371/3388/1 4376/3373/1
f 4371/3388/1 4372/3387/1 4376/3373/1
f 4372/3387/1 4373/3593/1 4376/3373/1
f 4373/3593/1 4374/3386/1 4376/3373/1
f 4374/3386/1 4375/3374/1 4376/3373/1
f 4338/3359/532 4339/3360/272 4355/3376/1625
f 4339/3360/533 4356/3377/330 4355/3376/3021
f 4340/3361/310 4357/3590/559 4356/3377/270
f 4358/3378/267 4357/3590/331 4340/3361/331
f 4359/3379/266 4358/3378/265 4341/3362/537
f 4359/3379/338 4342/3363/338 4343/3364/345
f 4361/3370/259 4360/3380/260 4343/3364/337
f 4345/3366/303 4362/3381/303 4361/3370/332
f 4346/3349/584 4363/3591/535 4362/3381/2383
f 4364/3382/595 4363/3591/324 4346/3349/324
f 4365/3383/598 4364/3382/250 4347/3350/250
f 4349/3368/220 4366/3384/554 4365/3383/181
f 4350/3369/248 4367/3592/248 4366/3384/219
f 4352/3385/174 4367/3592/175 4350/3369/301
f 4337/3358/276 4338/3359/274 4375/3374/2948
f 4338/3359/566 4382/3375/317 4375/3374/3022
f 4374/3386/318 4373/3593/278 4336/3357/319
f 4336/3357/339 4373/3593/321 4372/3387/340
f 4334/3355/283 4335/3356/341 4372/3387/282
f 4333/3354/286 4334/3355/285 4371/3388/285
f 4332/3352/328 4333/3354/292 4370/3389/498
f 4331/3353/327 4332/3352/157 4369/3390/208
f 4331/3353/211 4368/3391/211 4304/3392/155
f 5874/3124/102 4737/1944/101 5891/1944/101
f 4736/1943/199 5893/1943/199 5891/1944/200
f 5875/3125/186 5894/3125/186 5893/1943/234
f 5868/3118/162 5895/3118/162 5896/3127/163
f 4746/1953/3315 5878/3129/2617 5897/3129/2617
f 5897/3129/140 5895/3118/161 4746/1953/2943
f 5879/3128/158 5898/3128/158 5897/3129/123
f 5880/3130/105 5899/3130/2710 5898/3128/106
f 5881/3131/124 5900/3131/124 5899/3130/205
f 5882/3132/204 5901/3132/2945 5900/3131/490
f 5883/3133/110 5902/3133/110 5901/3132/111
f 5884/3134/212 5903/3134/112 5902/3133/113
f 5885/3135/114 5904/3135/114 5903/3134/512
f 5886/3136/117 5905/3136/3316 5904/3135/118
f 5887/3137/287 5906/3137/2628 5905/3136/217
f 5888/3138/224 5907/3138/224 5906/3137/225
f 5889/3122/226 5908/3122/226 5907/3138/227
f 5890/3123/229 5909/3123/229 5908/3122/230
f 5874/3124/231 5892/3124/231 5909/3123/232
f 5910/3139/259 5911/3149/260 5909/3123/260
f 5913/3141/1 5914/3145/1 5915/3146/1
f 5915/3146/1 5916/3583/1 5913/3141/1
f 5916/3583/1 5917/3147/1 5913/3141/1
f 5917/3147/1 5918/3148/1 5913/3141/1
f 5918/3148/1 5911/3149/1 5913/3141/1
f 5911/3149/1 5910/3139/1 5913/3141/1
f 5910/3139/1 5919/3166/1 5912/3140/1
f 5919/3166/1 5920/3584/1 5912/3140/1
f 5920/3584/1 5921/3165/1 5912/3140/1
f 5921/3165/1 5922/3163/1 5912/3140/1
f 5922/3163/1 5923/3161/1 5912/3140/1
f 5923/3161/1 5924/3585/1 5912/3140/1
f 5924/3585/1 5925/3160/1 5912/3140/1
f 5925/3160/1 5926/3159/1 5912/3140/1
f 5926/3159/1 5927/3158/1 5912/3140/1
f 5927/3158/1 5928/3157/1 5912/3140/1
f 5928/3157/1 5929/3156/1 5912/3140/1
f 5929/3156/1 5930/3155/1 5912/3140/1
f 5930/3155/1 5931/3154/1 5937/3142/1
f 5912/3140/1 5930/3155/1 5937/3142/1
f 5931/3154/1 5932/3152/1 5937/3142/1
f 5932/3152/1 5933/3153/1 5937/3142/1
f 5933/3153/1 5934/3151/1 5937/3142/1
f 5934/3151/1 5935/3150/1 5937/3142/1
f 5935/3150/1 5936/3143/1 5937/3142/1
f 5904/3135/314 5905/3136/313 5914/3145/1625
f 5905/3136/533 5915/3146/272 5914/3145/3021
f 5906/3137/271 5916/3583/271 5915/3146/270
f 5917/3147/520 5916/3583/531 5906/3137/531
f 5918/3148/264 5917/3147/537 5907/3138/537
f 5918/3148/263 5908/3122/263 5909/3123/345
f 5903/3134/316 5904/3135/317 5936/3143/2948
f 5904/3135/274 5943/3144/317 5936/3143/3317
f 5903/3134/277 5935/3150/277 5934/3151/278
f 5934/3151/321 5933/3153/280 5901/3132/280
f 5932/3152/283 5900/3131/284 5901/3132/282
f 5899/3130/568 5900/3131/329 5932/3152/285
f 5899/3130/144 5931/3154/144 5930/3155/143
f 5897/3129/327 5898/3128/157 5930/3155/157
f 5897/3129/239 5929/3156/211 5928/3157/155
f 5895/3118/153 5928/3157/589 5927/3158/152
f 5896/3127/1610 5927/3158/1610 5926/3159/550
f 5926/3159/1419 5925/3160/245 5945/3119/245
f 5925/3160/174 5924/3585/175 5946/3126/301
f 5946/3126/248 5924/3585/248 5923/3161/219
f 5947/3162/220 5923/3161/220 5922/3163/181
f 5922/3163/598 5921/3165/250 5894/3125/250
f 5921/3165/222 5920/3584/324 5893/1943/185
f 5893/1943/535 5920/3584/535 5919/3166/255
f 5891/1944/336 5919/3166/303 5910/3139/332
f 5876/3164/188 5948/3164/188 5894/3125/505
f 5877/3162/201 5947/3162/2722 5948/3164/192
f 5869/3121/1622 5870/3126/193 5946/3126/193
f 5946/3126/193 5947/3162/203 5869/3121/3009
f 5871/3119/196 5945/3119/196 5946/3126/197
f 5872/3120/243 5944/3120/243 5945/3119/296
f 5873/3127/214 5896/3127/214 5944/3120/148
f 6079/3291/158 6080/3291/2625 6081/3292/123
f 6082/3295/1622 6101/3299/193 6106/3299/193
f 6106/3299/2622 6107/3298/203 6082/3295/3009
f 6102/3296/196 6108/3296/196 6106/3299/197
f 6103/3297/243 6109/3297/2720 6108/3296/169
f 6104/3300/214 6110/3300/214 6109/3297/148
f 6105/3301/162 6111/3301/162 6110/3300/163
f 6083/3302/3019 6078/3292/140 6081/3292/3011
f 6081/3292/3011 6111/3301/161 6083/3302/3012
f 6081/3292/211 6112/3305/211 6113/3303/155
f 6081/3292/156 6080/3291/157 6114/3304/157
f 6115/3307/292 6116/3306/498 6114/3304/235
f 6084/3307/105 6115/3307/105 6080/3291/106
f 6085/3308/99 6117/3308/2603 6115/3307/205
f 6086/3309/204 6118/3309/204 6117/3308/490
f 6087/3310/110 6119/3310/110 6118/3309/511
f 6088/3311/212 6120/3311/212 6119/3310/113
f 6089/3312/114 6121/3312/114 6120/3311/512
f 6090/3313/117 6122/3313/117 6121/3312/118
f 6091/3314/287 6123/3314/287 6122/3313/217
f 6092/3315/224 6124/3315/224 6123/3314/288
f 6093/3316/226 6125/3316/226 6124/3315/227
f 6094/3317/229 6126/3317/229 6125/3316/230
f 6095/3318/231 6127/3318/231 6126/3317/232
f 6095/3318/102 6096/3319/101 6128/3319/101
f 6097/3293/199 6129/3293/199 6128/3319/200
f 6098/3294/186 6130/3294/3013 6129/3293/234
f 6099/3320/188 6131/3320/188 6130/3294/505
f 6100/3298/201 6107/3298/2722 6131/3320/192
f 6107/3298/220 6132/3322/554 6133/3321/181
f 6106/3299/177 6134/3454/248 6132/3322/219
f 6108/3296/176 6135/3323/176 6134/3454/247
f 6136/3324/1609 6135/3323/245 6108/3296/171
f 6110/3300/1610 6137/3325/1418 6136/3324/550
f 6111/3301/153 6113/3303/589 6137/3325/152
f 6139/3328/1 6140/3332/1 6141/3333/1
f 6141/3333/1 6142/3587/1 6139/3328/1
f 6142/3587/1 6143/3334/1 6139/3328/1
f 6143/3334/1 6144/3335/1 6139/3328/1
f 6144/3335/1 6145/3336/1 6139/3328/1
f 6145/3336/1 6146/3326/1 6139/3328/1
f 6146/3326/1 6147/3337/1 6138/3327/1
f 6147/3337/1 6148/3338/1 6138/3327/1
f 6148/3338/1 6149/3588/1 6138/3327/1
f 6149/3588/1 6133/3321/1 6138/3327/1
f 6133/3321/1 6132/3322/1 6138/3327/1
f 6132/3322/1 6134/3454/1 6138/3327/1
f 6134/3454/1 6135/3323/1 6138/3327/1
f 6135/3323/1 6136/3324/1 6138/3327/1
f 6136/3324/1 6137/3325/1 6138/3327/1
f 6137/3325/1 6113/3303/1 6138/3327/1
f 6113/3303/1 6112/3305/1 6138/3327/1
f 6112/3305/1 6114/3304/1 6138/3327/1
f 6114/3304/1 6116/3306/1 6155/3329/1
f 6138/3327/1 6114/3304/1 6155/3329/1
f 6116/3306/1 6150/3341/1 6155/3329/1
f 6150/3341/1 6151/3340/1 6155/3329/1
f 6151/3340/1 6152/3589/1 6155/3329/1
f 6152/3589/1 6153/3339/1 6155/3329/1
f 6153/3339/1 6154/3330/1 6155/3329/1
f 6121/3312/314 6122/3313/313 6140/3332/1625
f 6122/3313/272 6141/3333/330 6140/3332/3015
f 6123/3314/271 6142/3587/269 6141/3333/311
f 6143/3334/267 6142/3587/531 6123/3314/268
f 6144/3335/307 6143/3334/2381 6124/3315/2381
f 6144/3335/263 6125/3316/263 6126/3317/345
f 6145/3336/260 6126/3317/260 6127/3318/304
f 6147/3337/303 6146/3326/257 6127/3318/332
f 6148/3338/302 6147/3337/255 6128/3319/253
f 6130/3294/222 6149/3588/222 6148/3338/324
f 6133/3321/598 6149/3588/530 6130/3294/530
f 6120/3311/316 6121/3312/274 6154/3330/2948
f 6121/3312/274 6161/3331/274 6154/3330/1414
f 6153/3339/277 6152/3589/278 6119/3310/319
f 6119/3310/339 6152/3589/321 6151/3340/340
f 6150/3341/283 6117/3308/284 6118/3309/282
f 6115/3307/286 6117/3308/323 6150/3341/322
f 6162/3342/1610 6163/3346/1610 6164/3343/550
f 6166/3345/153 6167/3392/589 6163/3346/152
f 6169/3345/162 6166/3345/162 6162/3342/163
f 6170/3351/3019 6175/3353/140 6194/3353/3011
f 6194/3353/3011 6166/3345/161 6170/3351/3012
f 6176/3352/158 6195/3352/158 6194/3353/123
f 6177/3354/105 6196/3354/2710 6195/3352/106
f 6178/3355/99 6197/3355/2603 6196/3354/100
f 6179/3356/204 6198/3356/204 6197/3355/108
f 6180/3357/110 6199/3357/110 6198/3356/511
f 6181/3358/212 6200/3358/212 6199/3357/113
f 6182/3359/114 6201/3359/114 6200/3358/512
f 6183/3360/117 6202/3360/117 6201/3359/118
f 6184/3361/287 6203/3361/2628 6202/3360/217
f 6185/3362/224 6204/3362/224 6203/3361/225
f 6186/3363/226 6205/3363/226 6204/3362/227
f 6187/3364/229 6206/3364/229 6205/3363/230
f 6188/3365/231 6207/3365/231 6206/3364/232
f 6188/3365/103 6189/3366/101 6208/3366/101
f 6190/3349/507 6209/3349/507 6208/3366/200
f 6191/3350/186 6210/3350/186 6209/3349/187
f 6192/3367/188 6211/3367/188 6210/3350/505
f 6193/3368/201 6212/3368/201 6211/3367/192
f 6171/3348/1622 6172/3369/193 6213/3369/193
f 6213/3369/2622 6212/3368/203 6171/3348/3009
f 6173/3347/196 6214/3347/196 6213/3369/197
f 6174/3344/243 6165/3344/243 6214/3347/296
f 6168/3342/214 6162/3342/214 6165/3344/148
f 6164/3343/1420 6215/3385/245 6214/3347/171
f 6217/3372/1 6218/3376/1 6219/3377/1
f 6219/3377/1 6220/3590/1 6217/3372/1
f 6220/3590/1 6221/3378/1 6217/3372/1
f 6221/3378/1 6222/3379/1 6217/3372/1
f 6222/3379/1 6223/3380/1 6217/3372/1
f 6223/3380/1 6224/3370/1 6217/3372/1
f 6224/3370/1 6225/3381/1 6216/3371/1
f 6225/3381/1 6226/3591/1 6216/3371/1
f 6226/3591/1 6227/3382/1 6216/3371/1
f 6227/3382/1 6228/3383/1 6216/3371/1
f 6228/3383/1 6229/3384/1 6216/3371/1
f 6229/3384/1 6230/3592/1 6216/3371/1
f 6230/3592/1 6215/3385/1 6216/3371/1
f 6215/3385/1 6164/3343/1 6216/3371/1
f 6164/3343/1 6163/3346/1 6216/3371/1
f 6163/3346/1 6167/3392/1 6216/3371/1
f 6167/3392/1 6231/3391/1 6216/3371/1
f 6231/3391/1 6232/3390/1 6216/3371/1
f 6232/3390/1 6233/3389/1 6239/3373/1
f 6216/3371/1 6232/3390/1 6239/3373/1
f 6233/3389/1 6234/3388/1 6239/3373/1
f 6234/3388/1 6235/3387/1 6239/3373/1
f 6235/3387/1 6236/3593/1 6239/3373/1
f 6236/3593/1 6237/3386/1 6239/3373/1
f 6237/3386/1 6238/3374/1 6239/3373/1
f 6201/3359/314 6202/3360/533 6218/3376/1625
f 6202/3360/533 6219/3377/330 6218/3376/2947
f 6203/3361/271 6220/3590/269 6219/3377/270
f 6221/3378/267 6220/3590/531 6203/3361/268
f 6222/3379/266 6221/3378/265 6204/3362/537
f 6222/3379/338 6205/3363/338 6206/3364/345
f 6224/3370/259 6223/3380/260 6206/3364/260
f 6208/3366/303 6225/3381/303 6224/3370/332
f 6209/3349/535 6226/3591/535 6225/3381/255
f 6227/3382/595 6226/3591/522 6209/3349/252
f 6228/3383/598 6227/3382/250 6210/3350/250
f 6212/3368/220 6229/3384/554 6228/3383/181
f 6213/3369/248 6230/3592/248 6229/3384/219
f 6215/3385/174 6230/3592/175 6213/3369/301
f 6200/3358/316 6201/3359/274 6238/3374/2948
f 6201/3359/317 6245/3375/317 6238/3374/2292
f 6237/3386/277 6236/3593/278 6199/3357/319
f 6199/3357/339 6236/3593/321 6235/3387/340
f 6234/3388/284 6197/3355/284 6198/3356/282
f 6196/3354/286 6197/3355/329 6234/3388/285
f 6196/3354/144 6233/3389/142 6232/3390/499
f 6194/3353/327 6195/3352/157 6232/3390/157
f 6194/3353/211 6231/3391/211 6167/3392/238
usemtl MetallicSwitch_mat
f 1025/713/367 1020/714/368 1018/712/369
f 1020/714/380 1027/723/381 1043/724/382
f 1027/723/383 1044/725/384 1043/724/385
f 1028/717/386 1045/726/387 1044/725/388
f 1029/727/389 1046/728/390 1045/726/391
f 1046/728/392 1031/729/393 1047/730/394
f 1047/730/395 1032/716/396 1048/731/397
f 1048/731/398 1033/732/399 1049/733/400
f 1049/733/401 1034/734/402 1050/735/402
f 1041/721/422 1057/747/423 1039/718/423
f 1059/748/424 1041/721/425 1042/722/424
f 1060/749/426 1042/722/427 1043/724/426
f 1044/725/428 1060/749/429 1043/724/429
f 1044/725/430 1062/750/431 1061/751/432
f 1045/726/433 1063/752/434 1062/750/433
f 1046/728/435 1064/753/436 1063/752/435
f 1047/730/437 1065/754/438 1064/753/437
f 1066/755/439 1048/731/440 1049/733/439
f 1050/735/441 1066/755/442 1049/733/443
f 1068/756/444 1050/735/445 1051/737/444
f 1069/757/446 1051/737/447 1052/739/446
f 1070/758/450 1072/759/451 1069/757/451
f 1070/758/452 1073/760/453 1071/761/452
f 1055/746/456 1073/760/457 1056/745/457
f 1057/747/458 1074/762/459 1055/746/459
f 1057/747/460 1076/763/461 1075/764/460
f 1059/748/462 1076/763/463 1058/765/463
f 1060/749/464 1077/766/465 1059/748/465
f 1060/749/466 1079/767/467 1078/768/466
f 1061/751/468 1080/769/469 1079/767/468
f 1063/752/470 1080/769/471 1062/750/471
f 1063/752/472 1082/770/473 1081/771/472
f 1064/753/474 1083/772/475 1082/770/476
f 1066/755/477 1083/772/478 1065/754/479
f 1067/773/480 1084/774/481 1066/755/482
f 1067/773/483 1086/775/484 1085/776/485
f 1068/756/486 1072/759/487 1086/775/488
f 1073/760/489 1077/766/489 1081/771/489
f 2517/1621/599 2519/1622/600 2520/1623/601
f 2521/1624/391 2518/1625/602 2517/1621/391
f 2524/1626/386 2517/1621/603 2523/1627/386
f 2526/1628/383 2523/1627/604 2525/1629/605
f 2528/1630/606 2525/1629/607 2527/1631/608
f 2545/1647/624 2544/1648/625 2543/1645/625
f 2547/1649/398 2546/1650/399 2545/1647/399
f 2549/1651/395 2548/1652/626 2547/1649/396
f 2518/1625/627 2550/1653/394 2549/1651/393
f 2518/1625/628 2551/1654/436 2519/1622/628
f 2549/1651/437 2552/1655/629 2551/1654/437
f 2553/1656/630 2547/1649/440 2545/1647/631
f 2543/1645/632 2553/1656/442 2545/1647/442
f 2555/1657/444 2543/1645/633 2541/1643/444
f 2556/1658/634 2541/1643/447 2539/1641/446
f 2557/1659/637 2559/1660/638 2556/1658/638
f 2557/1659/452 2561/1661/639 2558/1662/452
f 2529/1633/642 2563/1665/423 2531/1635/423
f 2565/1666/424 2529/1633/425 2527/1631/643
f 2566/1667/644 2527/1631/427 2525/1629/426
f 2523/1627/645 2566/1667/646 2525/1629/647
f 2523/1627/648 2520/1623/649 2567/1668/430
f 2520/1623/650 2569/1669/651 2567/1668/652
f 2520/1623/471 2570/1670/470 2568/1671/471
f 2551/1654/653 2570/1670/654 2519/1622/655
f 2551/1654/656 2572/1672/475 2571/1673/474
f 2553/1656/657 2572/1672/658 2552/1655/658
f 2554/1674/659 2573/1675/660 2553/1656/660
f 2554/1674/661 2575/1676/662 2574/1677/661
f 2555/1657/663 2559/1660/664 2575/1676/663
f 2570/1670/665 2574/1677/665 2561/1661/665
f 2562/1664/666 2561/1661/667 2560/1663/667
f 2563/1665/668 2576/1678/669 2562/1664/459
f 2563/1665/670 2578/1679/671 2577/1680/672
f 2565/1666/462 2578/1679/673 2564/1681/674
f 2565/1666/675 2580/1682/676 2579/1683/675
f 2567/1668/677 2580/1682/678 2566/1667/678
f 2582/1684/664 2584/1685/679 2581/1686/679
f 2582/1684/634 2586/1687/680 2585/1688/446
f 2587/1690/683 2583/1691/451 2582/1684/451
f 2587/1690/684 2591/1692/685 2589/1693/684
f 2599/1701/624 2598/1702/686 2597/1699/625
f 2601/1703/398 2600/1704/400 2599/1701/399
f 2603/1705/395 2602/1706/396 2601/1703/396
f 2605/1707/687 2604/1708/688 2603/1705/688
f 2608/1709/389 2605/1707/689 2607/1710/389
f 2610/1711/690 2607/1710/691 2609/1712/692
f 2612/1713/605 2609/1712/384 2611/1714/383
f 2614/1715/693 2611/1714/694 2613/1716/693
f 2615/1718/642 2622/1724/423 2617/1720/423
f 2624/1725/643 2615/1718/700 2613/1716/643
f 2611/1714/701 2624/1725/702 2613/1716/702
f 2609/1712/703 2625/1726/646 2611/1714/647
f 2609/1712/648 2627/1727/704 2626/1728/705
f 2607/1710/433 2628/1729/706 2627/1727/433
f 2605/1707/707 2629/1730/708 2628/1729/435
f 2603/1705/709 2630/1731/438 2629/1730/437
f 2599/1701/630 2630/1731/440 2601/1703/440
f 2632/1732/710 2599/1701/442 2597/1699/441
f 2581/1686/711 2597/1699/445 2586/1687/711
f 2581/1686/662 2633/1733/485 2632/1732/485
f 2644/1734/489 2633/1733/489 2591/1692/489
f 2630/1731/712 2634/1735/713 2629/1730/713
f 2631/1736/714 2635/1737/478 2630/1731/478
f 2632/1732/480 2636/1738/482 2631/1736/482
f 2628/1729/472 2634/1735/653 2644/1734/472
f 2628/1729/715 2643/1739/471 2627/1727/471
f 2626/1728/468 2643/1739/469 2642/1740/468
f 2625/1726/716 2642/1740/677 2641/1741/678
f 2625/1726/464 2640/1742/465 2624/1725/465
f 2623/1743/673 2640/1742/462 2639/1744/717
f 2622/1724/718 2639/1744/719 2638/1745/718
f 2622/1724/720 2637/1746/459 2621/1723/459
f 2621/1723/721 2591/1692/667 2590/1695/667
f 2670/1763/401 2654/1764/727 2669/1761/625
f 2671/1765/728 2653/1766/400 2670/1763/400
f 2672/1767/729 2652/1768/730 2671/1765/731
f 2673/1769/627 2651/1770/394 2672/1767/393
f 2649/1771/391 2673/1769/390 2674/1772/391
f 2648/1773/386 2674/1772/732 2675/1774/386
f 2647/1775/605 2675/1774/733 2676/1776/385
f 2646/1777/693 2676/1776/734 2662/1751/693
f 2677/1778/644 2662/1751/427 2676/1776/644
f 2675/1774/703 2677/1778/647 2676/1776/647
f 2675/1774/735 2680/1779/736 2679/1780/430
f 2673/1769/600 2680/1779/601 2674/1772/601
f 2673/1769/628 2682/1781/737 2681/1782/628
f 2682/1781/738 2671/1765/739 2683/1783/740
f 2684/1784/439 2671/1765/440 2670/1763/439
f 2669/1761/632 2684/1784/442 2670/1763/442
f 2686/1785/711 2669/1761/445 2668/1759/711
f 2667/1758/634 2686/1785/447 2668/1759/447
f 2687/1786/742 2689/1788/743 2690/1789/744
f 2688/1787/684 2692/1790/453 2689/1788/684
f 2695/1793/745 2663/1753/423 2661/1752/642
f 2678/1794/643 2661/1752/425 2662/1751/424
f 2678/1794/462 2697/1795/673 2695/1793/674
f 2677/1778/464 2696/1796/465 2678/1794/465
f 2679/1780/467 2698/1797/746 2677/1778/466
f 2679/1780/468 2700/1798/469 2699/1799/747
f 2681/1782/470 2700/1798/471 2680/1779/471
f 2681/1782/748 2702/1800/653 2701/1801/472
f 2682/1781/749 2703/1802/475 2702/1800/749
f 2683/1783/478 2704/1803/657 2703/1802/658
f 2685/1804/480 2704/1803/481 2684/1784/481
f 2685/1804/661 2706/1805/662 2705/1806/661
f 2686/1785/679 2690/1789/664 2706/1805/679
f 2701/1801/489 2705/1806/489 2692/1790/489
f 2693/1792/456 2692/1790/750 2691/1791/750
f 2694/1807/720 2707/1808/669 2693/1792/459
f 2695/1793/751 2708/1809/752 2694/1807/753
f 4135/3211/1448 4137/3212/1449 4138/3213/1450
f 4139/3214/1451 4136/3215/1452 4135/3211/1453
f 4141/3216/1454 4140/3217/1455 4139/3214/1455
f 4142/3218/1458 4145/3221/1459 4146/3222/1460
f 4147/3223/1461 4145/3221/1462 4143/3220/1462
f 4139/3214/1472 4152/3227/1473 4141/3216/1474
f 4135/3211/1475 4153/3228/1476 4139/3214/1477
f 4138/3213/1478 4154/3229/1479 4135/3211/1480
f 4156/3230/1481 4155/3231/1482 4138/3213/1482
f 4158/3232/1483 4157/3233/1484 4156/3230/1485
f 4160/3234/1486 4159/3235/1487 4158/3232/1488
f 4163/3236/1489 4160/3234/1490 4162/3237/1491
f 4165/3238/1492 4162/3237/1493 4164/3239/1492
f 4167/3240/1494 4164/3239/1495 4166/3241/1496
f 4169/3242/1497 4166/3241/1498 4168/3243/1497
f 4167/3240/1520 4180/3254/1521 4181/3255/1520
f 4165/3238/1522 4181/3255/1523 4182/3256/1524
f 4163/3236/1493 4182/3256/1525 4183/3257/1493
f 4161/3258/1490 4183/3257/1491 4184/3259/1490
f 4185/3260/1526 4161/3258/1527 4184/3259/1486
f 4186/3261/1485 4159/3235/1528 4185/3260/1529
f 4187/3262/1530 4157/3233/1531 4186/3261/1531
f 4188/3263/1532 4155/3231/1533 4187/3262/1533
f 4150/3226/1 4151/3225/1 4175/3248/1
f 4194/3268/1545 4172/3247/1546 4170/3245/1547
f 4195/3269/1548 4170/3245/1549 4168/3243/1550
f 4196/3270/1551 4168/3243/1552 4166/3241/1551
f 4164/3239/1553 4196/3270/1554 4166/3241/1554
f 4164/3239/1555 4198/3271/1556 4197/3272/1555
f 4162/3237/1557 4199/3273/1558 4198/3271/1557
f 4160/3234/1559 4200/3274/1560 4199/3273/1559
f 4158/3232/1561 4201/3275/1562 4200/3274/1561
f 4137/3212/1563 4156/3230/1564 4138/3213/1565
f 4137/3212/1566 4203/3276/1567 4201/3275/1568
f 4136/3215/1569 4202/3277/1570 4137/3212/1571
f 4136/3215/1572 4205/3278/1573 4204/3279/1574
f 4140/3217/1575 4146/3222/1576 4205/3278/1575
f 4214/3280/1577 4204/3279/1577 4148/3281/1577
f 4200/3274/1578 4203/3276/1579 4206/3282/1578
f 4199/3273/1580 4206/3282/1581 4214/3280/1580
f 4199/3273/1582 4213/3283/1583 4198/3271/1584
f 4198/3271/1585 4212/3284/1586 4197/3272/1587
f 4197/3272/1588 4211/3285/1589 4196/3270/1589
f 4196/3270/1590 4210/3286/1591 4195/3269/1592
f 4195/3269/1593 4209/3287/1594 4194/3268/1594
f 4194/3268/1595 4208/3288/1596 4193/3289/1597
f 4193/3289/1598 4207/3290/1599 4192/3267/1599
f 4147/3223/1600 4207/3290/1601 4148/3281/1602
f 5998/3211/2301 6000/3212/2302 6001/3213/2303
f 6003/3217/2304 5998/3211/1453 6002/3214/2304
f 6004/3216/2305 6003/3217/1455 6002/3214/2306
f 6006/3220/1459 6009/3222/2308 6005/3218/2308
f 6006/3220/1462 6011/3281/1461 6008/3221/1462
f 6002/3214/2312 6015/3227/2313 6004/3216/2314
f 5998/3211/2315 6016/3228/2316 6002/3214/2317
f 6001/3213/1533 6017/3229/2318 5998/3211/2319
f 6019/3230/1481 6018/3231/2320 6001/3213/1482
f 6021/3232/2321 6020/3233/1485 6019/3230/1485
f 6023/3234/1486 6022/3235/1487 6021/3232/1487
f 6026/3236/1489 6023/3234/1490 6025/3237/1491
f 6028/3238/1492 6025/3237/2322 6027/3239/2323
f 6030/3240/1494 6027/3239/2324 6029/3241/1523
f 6032/3242/2325 6029/3241/2326 6031/3243/2327
f 6030/3240/2326 6043/3254/2325 6044/3255/2337
f 6028/3238/2338 6044/3255/1523 6045/3256/2338
f 6026/3236/1493 6045/3256/2323 6046/3257/1493
f 6024/3258/1490 6046/3257/2339 6047/3259/1490
f 6048/3260/1487 6024/3258/1486 6047/3259/1486
f 6049/3261/1485 6022/3235/2340 6048/3260/2340
f 6050/3262/1482 6020/3233/1481 6049/3261/2341
f 6051/3263/1532 6018/3231/1533 6050/3262/1533
f 6013/3226/1 6014/3225/1 6038/3248/1
f 6057/3268/1545 6035/3247/2346 6033/3245/2347
f 6058/3269/2348 6033/3245/2349 6031/3243/2348
f 6059/3270/1551 6031/3243/2350 6029/3241/1551
f 6027/3239/1553 6059/3270/1554 6029/3241/1554
f 6027/3239/1555 6061/3271/1556 6060/3272/1555
f 6025/3237/1557 6062/3273/1558 6061/3271/1557
f 6023/3234/1559 6063/3274/1560 6062/3273/1559
f 6021/3232/1561 6064/3275/1562 6063/3274/1561
f 6000/3212/1565 6019/3230/1564 6001/3213/2351
f 6064/3275/1568 6065/3277/2352 6066/3276/1568
f 5999/3215/2353 6065/3277/1570 6000/3212/1570
f 5999/3215/2354 6068/3278/2355 6067/3279/2354
f 6003/3217/2356 6009/3222/2357 6068/3278/2356
f 6077/3280/1577 6067/3279/1577 6011/3281/1577
f 6063/3274/2358 6066/3276/2359 6069/3282/2358
f 6062/3273/2360 6069/3282/2361 6077/3280/1580
f 6062/3273/1582 6076/3283/2362 6061/3271/2362
f 6061/3271/1585 6075/3284/2363 6060/3272/2363
f 6060/3272/2364 6074/3285/2365 6059/3270/2366
f 6059/3270/2367 6073/3286/1591 6058/3269/1591
f 6058/3269/2368 6072/3287/1594 6057/3268/1594
f 6057/3268/2369 6071/3288/1597 6056/3289/1597
f 6056/3289/2370 6070/3290/2371 6055/3267/2371
f 6055/3267/2372 6011/3281/2373 6010/3223/2373
f 1043/724/2657 1042/722/693 1018/712/693
f 1018/712/693 1020/714/380 1043/724/2657
f 1027/723/385 1028/717/2658 1044/725/733
f 1028/717/386 1029/727/603 1045/726/387
f 1029/727/2659 1030/3502/689 1046/728/602
f 1046/728/627 1030/3502/627 1031/729/2660
f 1047/730/2661 1031/729/395 1032/716/730
f 1048/731/398 1032/716/398 1033/732/399
f 1049/733/624 1033/732/624 1034/734/625
f 1041/721/2664 1058/765/2664 1057/747/423
f 1059/748/643 1058/765/2665 1041/721/2666
f 1060/749/701 1059/748/427 1042/722/702
f 1044/725/2667 1061/751/2667 1060/749/647
f 1044/725/705 1045/726/2668 1062/750/2668
f 1045/726/2669 1046/728/2670 1063/752/2670
f 1046/728/435 1047/730/2671 1064/753/2671
f 1047/730/2672 1048/731/2673 1065/754/2673
f 1066/755/439 1065/754/2674 1048/731/2675
f 1050/735/632 1067/773/632 1066/755/442
f 1068/756/2676 1067/773/2677 1050/735/2677
f 1069/757/634 1068/756/680 1051/737/680
f 1070/758/2678 1071/761/2679 1072/759/2680
f 1070/758/452 1056/745/453 1073/760/453
f 1055/746/456 1074/762/456 1073/760/457
f 1057/747/2682 1075/764/2682 1074/762/2683
f 1057/747/753 1058/765/2684 1076/763/2684
f 1059/748/2685 1077/766/2685 1076/763/2686
f 1060/749/2687 1078/768/2687 1077/766/2688
f 1060/749/466 1061/751/2689 1079/767/2689
f 1061/751/652 1062/750/469 1080/769/2690
f 1063/752/2691 1081/771/2691 1080/769/471
f 1063/752/655 1064/753/2692 1082/770/2692
f 1064/753/474 1065/754/2693 1083/772/2694
f 1066/755/2695 1084/774/2695 1083/772/2696
f 1067/773/2697 1085/776/2697 1084/774/481
f 1067/773/2698 1068/756/2699 1086/775/2700
f 1068/756/2701 1069/757/2702 1072/759/2703
f 1081/771/489 1082/770/489 1085/776/489
f 1082/770/2704 1083/772/2704 1085/776/2704
f 1083/772/2705 1084/774/2705 1085/776/2705
f 1085/776/2706 1086/775/2706 1072/759/2706
f 1072/759/2707 1071/761/2707 1085/776/2707
f 1071/761/489 1073/760/489 1085/776/489
f 1073/760/2708 1074/762/2708 1075/764/2708
f 1075/764/2707 1076/763/2707 1073/760/2707
f 1076/763/489 1077/766/489 1073/760/489
f 1077/766/2709 1078/768/2709 1081/771/2709
f 1078/768/665 1079/767/665 1081/771/665
f 1079/767/2704 1080/769/2704 1081/771/2704
f 1081/771/489 1085/776/489 1073/760/489
f 2517/1621/601 2518/1625/600 2519/1622/600
f 2521/1624/2735 2522/3567/602 2518/1625/2736
f 2524/1626/692 2521/1624/2737 2517/1621/732
f 2526/1628/383 2524/1626/384 2523/1627/2738
f 2528/1630/2739 2526/1628/607 2525/1629/607
f 2545/1647/624 2546/1650/624 2544/1648/686
f 2547/1649/728 2548/1652/398 2546/1650/399
f 2549/1651/395 2550/1653/395 2548/1652/731
f 2518/1625/627 2522/3567/627 2550/1653/394
f 2518/1625/435 2549/1651/2671 2551/1654/2671
f 2549/1651/437 2547/1649/629 2552/1655/629
f 2553/1656/2746 2552/1655/2674 2547/1649/440
f 2543/1645/632 2554/1674/632 2553/1656/442
f 2555/1657/711 2554/1674/445 2543/1645/445
f 2556/1658/634 2555/1657/680 2541/1643/447
f 2557/1659/2747 2558/1662/2747 2559/1660/2748
f 2557/1659/2749 2560/1663/2750 2561/1661/2750
f 2529/1633/2752 2564/1681/642 2563/1665/423
f 2565/1666/643 2564/1681/2665 2529/1633/2666
f 2566/1667/701 2565/1666/702 2527/1631/702
f 2523/1627/645 2567/1668/703 2566/1667/646
f 2523/1627/705 2517/1621/704 2520/1623/2668
f 2520/1623/469 2568/1671/469 2569/1669/2753
f 2520/1623/471 2519/1622/2691 2570/1670/2691
f 2551/1654/2754 2571/1673/653 2570/1670/748
f 2551/1654/474 2552/1655/2755 2572/1672/2755
f 2553/1656/477 2573/1675/477 2572/1672/658
f 2554/1674/480 2574/1677/480 2573/1675/481
f 2554/1674/2756 2555/1657/2699 2575/1676/2700
f 2555/1657/2757 2556/1658/2758 2559/1660/2758
f 2570/1670/2759 2571/1673/2759 2574/1677/2759
f 2571/1673/2760 2572/1672/2760 2574/1677/2760
f 2572/1672/2761 2573/1675/2761 2574/1677/2761
f 2574/1677/665 2575/1676/665 2559/1660/665
f 2559/1660/2762 2558/1662/2762 2574/1677/2762
f 2558/1662/2763 2561/1661/2763 2574/1677/2763
f 2561/1661/2764 2576/1678/2764 2577/1680/2764
f 2577/1680/2765 2578/1679/2765 2579/1683/2765
f 2579/1683/2766 2580/1682/2766 2569/1669/2766
f 2569/1669/2767 2568/1671/2767 2579/1683/2767
f 2568/1671/2704 2570/1670/2704 2579/1683/2704
f 2561/1661/2708 2577/1680/2708 2570/1670/2708
f 2577/1680/2768 2579/1683/2768 2570/1670/2768
f 2562/1664/456 2576/1678/456 2561/1661/2769
f 2563/1665/668 2577/1680/668 2576/1678/669
f 2563/1665/753 2564/1681/2770 2578/1679/2770
f 2565/1666/462 2579/1683/462 2578/1679/674
f 2565/1666/2771 2566/1667/2772 2580/1682/2772
f 2567/1668/467 2569/1669/467 2580/1682/466
f 2582/1684/664 2583/1691/2702 2584/1685/663
f 2582/1684/446 2581/1686/680 2586/1687/447
f 2587/1690/2678 2589/1693/2678 2583/1691/2773
f 2587/1690/2774 2590/1695/2775 2591/1692/2775
f 2599/1701/624 2600/1704/624 2598/1702/686
f 2601/1703/398 2602/1706/398 2600/1704/399
f 2603/1705/395 2604/1708/395 2602/1706/731
f 2605/1707/627 2606/3568/627 2604/1708/2778
f 2608/1709/2779 2606/3568/602 2605/1707/602
f 2610/1711/690 2608/1709/691 2607/1710/691
f 2612/1713/605 2610/1711/2658 2609/1712/2658
f 2614/1715/693 2612/1713/2780 2611/1714/2781
f 2615/1718/2783 2623/1743/745 2622/1724/2784
f 2624/1725/643 2623/1743/425 2615/1718/425
f 2611/1714/701 2625/1726/701 2624/1725/702
f 2609/1712/703 2626/1728/2667 2625/1726/646
f 2609/1712/432 2607/1710/649 2627/1727/649
f 2607/1710/601 2605/1707/600 2628/1729/600
f 2605/1707/707 2603/1705/2785 2629/1730/2671
f 2603/1705/437 2601/1703/629 2630/1731/629
f 2599/1701/439 2631/1736/2746 2630/1731/2674
f 2632/1732/632 2631/1736/442 2599/1701/442
f 2581/1686/711 2632/1732/2677 2597/1699/2677
f 2581/1686/2699 2584/1685/2699 2633/1733/2786
f 2644/1734/2787 2634/1735/2787 2635/1737/2787
f 2635/1737/2788 2636/1738/2788 2633/1733/2788
f 2633/1733/2789 2584/1685/2789 2583/1691/2789
f 2583/1691/489 2589/1693/489 2633/1733/489
f 2589/1693/2790 2591/1692/2790 2633/1733/2790
f 2591/1692/2791 2637/1746/2791 2638/1745/2791
f 2638/1745/2792 2639/1744/2792 2591/1692/2792
f 2639/1744/2793 2640/1742/2793 2591/1692/2793
f 2640/1742/2794 2641/1741/2794 2642/1740/2794
f 2642/1740/2787 2643/1739/2787 2644/1734/2787
f 2644/1734/2795 2635/1737/2795 2633/1733/2795
f 2640/1742/2796 2642/1740/2796 2591/1692/2796
f 2642/1740/2797 2644/1734/2797 2591/1692/2797
f 2630/1731/2755 2635/1737/2755 2634/1735/474
f 2631/1736/477 2636/1738/477 2635/1737/478
f 2632/1732/480 2633/1733/480 2636/1738/482
f 2628/1729/2798 2629/1730/653 2634/1735/653
f 2628/1729/2691 2644/1734/2691 2643/1739/471
f 2626/1728/2799 2627/1727/2800 2643/1739/2801
f 2625/1726/2802 2626/1728/467 2642/1740/467
f 2625/1726/2687 2641/1741/2687 2640/1742/2803
f 2623/1743/463 2624/1725/462 2640/1742/2804
f 2622/1724/753 2623/1743/2770 2639/1744/2770
f 2622/1724/2805 2638/1745/2805 2637/1746/2683
f 2621/1723/2806 2637/1746/2807 2591/1692/2808
f 2670/1763/624 2653/1766/624 2654/1764/686
f 2671/1765/398 2652/1768/728 2653/1766/400
f 2672/1767/395 2651/1770/395 2652/1768/730
f 2673/1769/627 2650/3569/627 2651/1770/2660
f 2649/1771/2659 2650/3569/602 2673/1769/2814
f 2648/1773/692 2649/1771/603 2674/1772/691
f 2647/1775/605 2648/1773/733 2675/1774/733
f 2646/1777/693 2647/1775/734 2676/1776/694
f 2677/1778/426 2678/1794/427 2662/1751/427
f 2675/1774/2815 2679/1780/645 2677/1778/429
f 2675/1774/705 2674/1772/704 2680/1779/704
f 2673/1769/600 2681/1782/600 2680/1779/601
f 2673/1769/435 2672/1767/2785 2682/1781/2785
f 2682/1781/437 2672/1767/437 2671/1765/629
f 2684/1784/439 2683/1783/2674 2671/1765/2816
f 2669/1761/632 2685/1804/632 2684/1784/442
f 2686/1785/2676 2685/1804/2677 2669/1761/2677
f 2667/1758/634 2687/1786/634 2686/1785/680
f 2687/1786/2773 2688/1787/683 2689/1788/2678
f 2688/1787/452 2691/1791/639 2692/1790/2817
f 2695/1793/642 2694/1807/2784 2663/1753/423
f 2678/1794/643 2695/1793/425 2661/1752/425
f 2678/1794/2818 2696/1796/462 2697/1795/674
f 2677/1778/2687 2698/1797/2687 2696/1796/2819
f 2679/1780/467 2699/1799/467 2698/1797/2802
f 2679/1780/651 2680/1779/2820 2700/1798/2801
f 2681/1782/470 2701/1801/2691 2700/1798/2821
f 2681/1782/2822 2682/1781/2692 2702/1800/2692
f 2682/1781/474 2683/1783/2693 2703/1802/475
f 2683/1783/478 2684/1784/477 2704/1803/657
f 2685/1804/480 2705/1806/480 2704/1803/481
f 2685/1804/2698 2686/1785/2699 2706/1805/2700
f 2686/1785/2757 2687/1786/2758 2690/1789/664
f 2701/1801/489 2702/1800/489 2705/1806/489
f 2702/1800/2823 2703/1802/2823 2705/1806/2823
f 2703/1802/2824 2704/1803/2824 2705/1806/2824
f 2705/1806/2766 2706/1805/2766 2690/1789/2766
f 2690/1789/2787 2689/1788/2787 2692/1790/2787
f 2692/1790/489 2707/1808/489 2708/1809/489
f 2708/1809/2824 2697/1795/2824 2696/1796/2824
f 2696/1796/2825 2698/1797/2825 2701/1801/2825
f 2698/1797/2792 2699/1799/2792 2701/1801/2792
f 2699/1799/2826 2700/1798/2826 2701/1801/2826
f 2705/1806/2707 2690/1789/2707 2692/1790/2707
f 2692/1790/2827 2708/1809/2827 2701/1801/2827
f 2708/1809/665 2696/1796/665 2701/1801/665
f 2693/1792/2807 2707/1808/2807 2692/1790/2769
f 2694/1807/458 2708/1809/458 2707/1808/2828
f 2695/1793/2829 2697/1795/2829 2708/1809/670
f 4135/3211/2953 4136/3215/2953 4137/3212/2303
f 4139/3214/2954 4140/3217/2955 4136/3215/2956
f 4141/3216/2957 4142/3218/2957 4140/3217/1455
f 4142/3218/2958 4143/3220/2959 4145/3221/2960
f 4147/3223/1461 4148/3281/1461 4145/3221/2961
f 4139/3214/2312 4153/3228/2343 4152/3227/2313
f 4135/3211/1535 4154/3229/1535 4153/3228/1534
f 4138/3213/1533 4155/3231/1533 4154/3229/1532
f 4156/3230/1531 4157/3233/1481 4155/3231/2963
f 4158/3232/2321 4159/3235/1483 4157/3233/1485
f 4160/3234/1527 4161/3258/1527 4159/3235/1487
f 4163/3236/2964 4161/3258/1490 4160/3234/1490
f 4165/3238/1525 4163/3236/1493 4162/3237/2965
f 4167/3240/1496 4165/3238/2966 4164/3239/1495
f 4169/3242/2325 4167/3240/1520 4166/3241/1520
f 4167/3240/1498 4169/3242/1497 4180/3254/2971
f 4165/3238/1495 4167/3240/1496 4181/3255/1496
f 4163/3236/2322 4165/3238/1492 4182/3256/2972
f 4161/3258/1490 4163/3236/1489 4183/3257/1489
f 4185/3260/1487 4159/3235/1487 4161/3258/1527
f 4186/3261/2973 4157/3233/2973 4159/3235/1483
f 4187/3262/1482 4155/3231/1482 4157/3233/1481
f 4188/3263/2974 4154/3229/2974 4155/3231/1478
f 4175/3248/1 4173/3246/1 4152/3227/1
f 4173/3246/1 4171/3244/1 4153/3228/1
f 4171/3244/1 4169/3242/1 4153/3228/1
f 4169/3242/1 4167/3240/1 4154/3229/1
f 4153/3228/1 4169/3242/1 4154/3229/1
f 4167/3240/1 4165/3238/1 4157/3233/1
f 4165/3238/1 4163/3236/1 4159/3235/1
f 4163/3236/1 4161/3258/1 4159/3235/1
f 4159/3235/1 4157/3233/1 4165/3238/1
f 4157/3233/1 4155/3231/1 4167/3240/1
f 4155/3231/1 4154/3229/1 4167/3240/1
f 4153/3228/1 4152/3227/1 4173/3246/1
f 4152/3227/1 4150/3226/1 4175/3248/1
f 4194/3268/1547 4193/3289/2977 4172/3247/2978
f 4195/3269/1548 4194/3268/1549 4170/3245/1549
f 4196/3270/2979 4195/3269/2980 4168/3243/1552
f 4164/3239/2981 4197/3272/2981 4196/3270/2982
f 4164/3239/1555 4162/3237/1556 4198/3271/1556
f 4162/3237/1557 4160/3234/1558 4199/3273/1558
f 4160/3234/1559 4158/3232/1560 4200/3274/1560
f 4158/3232/1561 4156/3230/1562 4201/3275/1562
f 4137/3212/2351 4201/3275/1564 4156/3230/1564
f 4137/3212/2983 4202/3277/2983 4203/3276/2984
f 4136/3215/2353 4204/3279/2985 4202/3277/2986
f 4136/3215/1574 4140/3217/2987 4205/3278/2988
f 4140/3217/2989 4142/3218/2990 4146/3222/2990
f 4214/3280/2991 4206/3282/2991 4204/3279/2991
f 4206/3282/2992 4203/3276/2992 4204/3279/2992
f 4203/3276/2993 4202/3277/2993 4204/3279/2993
f 4204/3279/2994 4205/3278/2994 4146/3222/2994
f 4146/3222/2991 4145/3221/2991 4148/3281/2991
f 4148/3281/2995 4207/3290/2995 4208/3288/2995
f 4208/3288/2996 4209/3287/2996 4210/3286/2996
f 4210/3286/1577 4211/3285/1577 4214/3280/1577
f 4211/3285/2997 4212/3284/2997 4214/3280/2997
f 4212/3284/2998 4213/3283/2998 4214/3280/2998
f 4204/3279/2991 4146/3222/2991 4148/3281/2991
f 4148/3281/2997 4208/3288/2997 4214/3280/2997
f 4208/3288/2999 4210/3286/2999 4214/3280/2999
f 4200/3274/1578 4201/3275/1579 4203/3276/1579
f 4199/3273/1580 4200/3274/2361 4206/3282/2361
f 4199/3273/1582 4214/3280/1582 4213/3283/2362
f 4198/3271/3000 4213/3283/3000 4212/3284/1587
f 4197/3272/2364 4212/3284/3001 4211/3285/2366
f 4196/3270/2367 4211/3285/2367 4210/3286/3002
f 4195/3269/2368 4210/3286/2368 4209/3287/3003
f 4194/3268/3004 4209/3287/3005 4208/3288/1597
f 4193/3289/3006 4208/3288/3006 4207/3290/3007
f 4147/3223/1600 4192/3267/3008 4207/3290/3008
f 5998/3211/1448 5999/3215/1448 6000/3212/1449
f 6003/3217/3318 5999/3215/1453 5998/3211/3319
f 6004/3216/3320 6005/3218/3320 6003/3217/3321
f 6006/3220/3324 6008/3221/3324 6009/3222/3325
f 6006/3220/2961 6010/3223/1461 6011/3281/1461
f 6002/3214/2312 6016/3228/2312 6015/3227/2313
f 5998/3211/2315 6017/3229/2315 6016/3228/2316
f 6001/3213/3326 6018/3231/1478 6017/3229/1532
f 6019/3230/1481 6020/3233/1481 6018/3231/2320
f 6021/3232/2321 6022/3235/1483 6020/3233/1485
f 6023/3234/1486 6024/3258/1486 6022/3235/1488
f 6026/3236/2339 6024/3258/1490 6023/3234/1490
f 6028/3238/2323 6026/3236/1493 6025/3237/2965
f 6030/3240/1494 6028/3238/2338 6027/3239/3327
f 6032/3242/2971 6030/3240/2337 6029/3241/2337
f 6030/3240/1520 6032/3242/2327 6043/3254/2325
f 6028/3238/2338 6030/3240/1523 6044/3255/3331
f 6026/3236/3332 6028/3238/1492 6045/3256/2323
f 6024/3258/1490 6026/3236/1489 6046/3257/1491
f 6048/3260/1487 6022/3235/1487 6024/3258/1486
f 6049/3261/1484 6020/3233/1484 6022/3235/1483
f 6050/3262/1482 6018/3231/3333 6020/3233/3334
f 6051/3263/1532 6017/3229/1532 6018/3231/1533
f 6038/3248/1 6036/3246/1 6015/3227/1
f 6036/3246/1 6034/3244/1 6016/3228/1
f 6034/3244/1 6032/3242/1 6016/3228/1
f 6032/3242/1 6030/3240/1 6017/3229/1
f 6016/3228/1 6032/3242/1 6017/3229/1
f 6030/3240/1 6028/3238/1 6020/3233/1
f 6028/3238/1 6026/3236/1 6022/3235/1
f 6026/3236/1 6024/3258/1 6022/3235/1
f 6022/3235/1 6020/3233/1 6028/3238/1
f 6020/3233/1 6018/3231/1 6030/3240/1
f 6018/3231/1 6017/3229/1 6030/3240/1
f 6016/3228/1 6015/3227/1 6036/3246/1
f 6015/3227/1 6013/3226/1 6038/3248/1
f 6057/3268/1545 6056/3289/3336 6035/3247/3337
f 6058/3269/1548 6057/3268/1549 6033/3245/1549
f 6059/3270/1551 6058/3269/2350 6031/3243/1552
f 6027/3239/3338 6060/3272/1553 6059/3270/1554
f 6027/3239/3339 6025/3237/1556 6061/3271/1556
f 6025/3237/1557 6023/3234/1558 6062/3273/1558
f 6023/3234/1559 6021/3232/1560 6063/3274/1560
f 6021/3232/1561 6019/3230/3340 6064/3275/3340
f 6000/3212/2351 6064/3275/3341 6019/3230/3341
f 6064/3275/1568 6000/3212/3342 6065/3277/2352
f 5999/3215/1569 6067/3279/1569 6065/3277/1570
f 5999/3215/2354 6003/3217/3343 6068/3278/2355
f 6003/3217/3344 6005/3218/2357 6009/3222/2357
f 6077/3280/1577 6069/3282/1577 6067/3279/1577
f 6069/3282/1577 6066/3276/1577 6067/3279/1577
f 6066/3276/1577 6065/3277/1577 6067/3279/1577
f 6067/3279/1577 6068/3278/1577 6009/3222/1577
f 6009/3222/1577 6008/3221/1577 6011/3281/1577
f 6011/3281/1577 6070/3290/1577 6071/3288/1577
f 6071/3288/3345 6072/3287/3345 6073/3286/3345
f 6073/3286/2993 6074/3285/2993 6077/3280/2993
f 6074/3285/3346 6075/3284/3346 6077/3280/3346
f 6075/3284/3347 6076/3283/3347 6077/3280/3347
f 6067/3279/1577 6009/3222/1577 6011/3281/1577
f 6011/3281/3348 6071/3288/3348 6077/3280/3348
f 6071/3288/3349 6073/3286/3349 6077/3280/3349
f 6063/3274/3350 6064/3275/3351 6066/3276/3352
f 6062/3273/1580 6063/3274/2361 6069/3282/2361
f 6062/3273/1582 6077/3280/1582 6076/3283/1584
f 6061/3271/3000 6076/3283/3000 6075/3284/1586
f 6060/3272/2364 6075/3284/3001 6074/3285/2366
f 6059/3270/2367 6074/3285/2367 6073/3286/1591
f 6058/3269/2368 6073/3286/2368 6072/3287/1594
f 6057/3268/1595 6072/3287/1595 6071/3288/1596
f 6056/3289/3353 6071/3288/3354 6070/3290/2371
f 6055/3267/3008 6070/3290/3008 6011/3281/1600
usemtl PlayButtonEmis_mat
f 3241/2286/796 2950/2022/797 3240/2287/797
f 3288/2291/802 3242/2292/800 3289/2293/800
f 3290/2294/801 3243/2295/802 3288/2291/802
f 3245/2296/803 3290/2294/801 3291/2297/803
f 3292/2298/804 3245/2296/803 3291/2297/803
f 3246/2299/804 3293/2300/806 3247/2301/806
f 3249/2288/813 3239/2285/796 3241/2286/796
f 3249/2288/814 3294/2302/815 3295/2303/814
f 3248/2304/817 3293/2300/806 3294/2302/817
f 3289/2293/906 3287/2306/907 3296/2305/907
f 3287/2306/829 3297/2307/908 3296/2305/829
f 3286/2308/908 3298/2309/832 3297/2307/908
f 3285/2310/909 3299/2311/833 3298/2309/909
f 3284/2312/834 3300/2313/836 3299/2311/834
f 3283/2314/836 3301/2315/837 3300/2313/836
f 3282/2316/837 3302/2317/910 3301/2315/837
f 3302/2317/838 3280/2318/839 3303/2319/839
f 3304/2320/911 3280/2318/839 3279/2321/911
f 3305/2322/912 3279/2321/840 3278/2323/912
f 3306/2324/913 3278/2323/842 3277/2325/913
f 3307/2326/914 3277/2325/913 3276/2327/914
f 3308/2328/846 3276/2327/847 3275/2329/846
f 3309/2330/849 3275/2329/848 3274/2331/849
f 3310/2332/850 3274/2331/849 3273/2333/850
f 3310/2332/850 3272/2334/851 3311/2335/851
f 3311/2335/851 3271/2290/852 3312/2336/852
f 3312/2336/854 3270/2337/920 3313/2338/920
f 3313/2338/855 3269/2340/856 3314/2339/856
f 3314/2339/856 3268/2341/922 2969/2040/922
f 3268/2341/857 2967/2039/859 2969/2040/857
f 2967/2039/923 3266/2342/860 2966/2038/860
f 2966/2038/860 3265/2343/861 2965/2037/861
f 2965/2037/924 3264/2344/862 2964/2035/925
f 2964/2035/863 3263/2345/864 2963/2036/864
f 3263/2345/864 2962/2034/865 2963/2036/864
f 2962/2034/865 3261/2346/866 2961/2033/866
f 3261/2346/866 2960/2032/926 2961/2033/866
f 3260/2347/868 2959/2030/869 2960/2032/868
f 3259/2348/870 2958/2031/871 2959/2030/870
f 2958/2031/871 3257/2349/872 2957/2029/872
f 2957/2029/927 3256/2350/874 2956/2028/874
f 2956/2028/874 3255/2289/876 2955/2027/876
f 2955/2027/876 3254/2351/877 2954/2025/877
f 3254/2351/928 2953/2026/879 2954/2025/929
f 3253/2352/879 2952/2024/880 2953/2026/879
f 2952/2024/880 3251/2353/881 2951/2023/881
f 3251/2353/882 2949/2021/883 2951/2023/882
f 2949/2021/883 3240/2287/884 2950/2022/930
f 5106/2286/2209 4815/2022/797 5105/2287/797
f 5153/2291/802 5107/2292/800 5154/2293/800
f 5155/2294/801 5108/2295/802 5153/2291/802
f 5110/2296/803 5155/2294/801 5156/2297/803
f 5157/2298/804 5110/2296/803 5156/2297/803
f 5111/2299/804 5158/2300/806 5112/2301/806
f 5114/2288/813 5104/2285/796 5106/2286/796
f 5114/2288/814 5159/2302/816 5160/2303/814
f 5112/2301/806 5159/2302/816 5113/2304/816
f 5154/2293/906 5152/2306/907 5161/2305/907
f 5161/2305/829 5151/2308/908 5162/2307/908
f 5162/2307/908 5150/2310/832 5163/2309/832
f 5150/2310/909 5164/2311/833 5163/2309/909
f 5149/2312/2223 5165/2313/836 5164/2311/2223
f 5148/2314/836 5166/2315/837 5165/2313/836
f 5147/2316/837 5167/2317/838 5166/2315/837
f 5167/2317/838 5145/2318/839 5168/2319/839
f 5169/2320/2224 5145/2318/839 5144/2321/2224
f 5170/2322/842 5144/2321/840 5143/2323/842
f 5171/2324/913 5143/2323/842 5142/2325/913
f 5172/2326/845 5142/2325/843 5141/2327/845
f 5173/2328/846 5141/2327/845 5140/2329/846
f 5173/2328/848 5139/2331/849 5174/2330/849
f 5175/2332/850 5139/2331/849 5138/2333/850
f 5176/2335/851 5138/2333/850 5137/2334/851
f 5176/2335/2225 5136/2290/852 5177/2336/852
f 5178/2338/855 5136/2290/854 5135/2337/855
f 5178/2338/855 5134/2340/856 5179/2339/856
f 4834/2040/857 5134/2340/856 5133/2341/857
f 5133/2341/857 4832/2039/859 4834/2040/857
f 4832/2039/859 5131/2342/860 4831/2038/860
f 4831/2038/860 5130/2343/861 4830/2037/861
f 4830/2037/924 5129/2344/925 4829/2035/925
f 4829/2035/863 5128/2345/864 4828/2036/864
f 5128/2345/864 4827/2034/865 4828/2036/864
f 4827/2034/865 5126/2346/866 4826/2033/866
f 5126/2346/866 4825/2032/926 4826/2033/866
f 5125/2347/868 4824/2030/869 4825/2032/868
f 5124/2348/870 4823/2031/2226 4824/2030/870
f 5123/3452/871 4822/2029/872 4823/2031/871
f 4822/2029/872 5121/2350/874 4821/2028/874
f 4821/2028/874 5120/2289/876 4820/2027/876
f 4820/2027/876 5119/2351/928 4819/2025/928
f 4819/2025/928 5118/2352/879 4818/2026/879
f 5118/2352/2219 4817/2024/880 4818/2026/2219
f 5117/3453/2227 4816/2023/882 4817/2024/2220
f 5116/2353/882 4814/2021/883 4816/2023/882
f 4814/2021/883 5105/2287/884 4815/2022/884
f 3241/2286/2209 3239/2285/2209 2950/2022/884
f 3288/2291/802 3243/2295/802 3242/2292/800
f 3290/2294/801 3244/3578/801 3243/2295/802
f 3245/2296/803 3244/3578/801 3290/2294/801
f 3292/2298/804 3246/2299/804 3245/2296/2846
f 3246/2299/804 3292/2298/804 3293/2300/806
f 3249/2288/814 3295/2303/814 3239/2285/796
f 3249/2288/814 3248/2304/816 3294/2302/816
f 3248/2304/816 3247/2301/806 3293/2300/806
f 3289/2293/906 3242/2292/906 3287/2306/829
f 3287/2306/829 3286/2308/908 3297/2307/908
f 3286/2308/908 3285/2310/832 3298/2309/832
f 3285/2310/909 3284/2312/833 3299/2311/833
f 3284/2312/833 3283/2314/836 3300/2313/836
f 3283/2314/836 3282/2316/2847 3301/2315/2847
f 3282/2316/2212 3281/3582/838 3302/2317/838
f 3302/2317/838 3281/3582/838 3280/2318/839
f 3304/2320/840 3303/2319/839 3280/2318/839
f 3305/2322/842 3304/2320/840 3279/2321/840
f 3306/2324/913 3305/2322/842 3278/2323/842
f 3307/2326/845 3306/2324/843 3277/2325/843
f 3308/2328/848 3307/2326/845 3276/2327/845
f 3309/2330/849 3308/2328/848 3275/2329/848
f 3310/2332/850 3309/2330/849 3274/2331/849
f 3310/2332/2213 3273/2333/2213 3272/2334/2225
f 3311/2335/2849 3272/2334/2849 3271/2290/854
f 3312/2336/854 3271/2290/854 3270/2337/855
f 3313/2338/2850 3270/2337/2850 3269/2340/856
f 3314/2339/2851 3269/2340/2851 3268/2341/857
f 3268/2341/857 3267/3581/859 2967/2039/859
f 2967/2039/859 3267/3581/859 3266/2342/2852
f 2966/2038/860 3266/2342/860 3265/2343/861
f 2965/2037/924 3265/2343/924 3264/2344/863
f 2964/2035/863 3264/2344/863 3263/2345/2844
f 3263/2345/864 3262/3580/865 2962/2034/865
f 2962/2034/865 3262/3580/865 3261/2346/866
f 3261/2346/2853 3260/2347/926 2960/2032/926
f 3260/2347/868 3259/2348/869 2959/2030/869
f 3259/2348/870 3258/3452/2854 2958/2031/2854
f 2958/2031/871 3258/3452/871 3257/2349/872
f 2957/2029/872 3257/2349/872 3256/2350/874
f 2956/2028/874 3256/2350/874 3255/2289/876
f 2955/2027/2845 3255/2289/2845 3254/2351/928
f 3254/2351/928 3253/2352/879 2953/2026/879
f 3253/2352/2219 3252/3453/2220 2952/2024/2220
f 2952/2024/2220 3252/3453/2220 3251/2353/882
f 3251/2353/882 3250/3579/2855 2949/2021/2855
f 2949/2021/883 3250/3579/2856 3240/2287/884
f 5106/2286/2209 5104/2285/2209 4815/2022/884
f 5153/2291/802 5108/2295/802 5107/2292/906
f 5155/2294/801 5109/3578/801 5108/2295/802
f 5110/2296/803 5109/3578/801 5155/2294/801
f 5157/2298/804 5111/2299/804 5110/2296/803
f 5111/2299/804 5157/2298/804 5158/2300/806
f 5114/2288/813 5160/2303/813 5104/2285/796
f 5114/2288/814 5113/2304/816 5159/2302/816
f 5112/2301/806 5158/2300/806 5159/2302/816
f 5154/2293/906 5107/2292/906 5152/2306/907
f 5161/2305/829 5152/2306/829 5151/2308/908
f 5162/2307/908 5151/2308/908 5150/2310/832
f 5150/2310/909 5149/2312/833 5164/2311/833
f 5149/2312/833 5148/2314/836 5165/2313/836
f 5148/2314/836 5147/2316/837 5166/2315/837
f 5147/2316/837 5146/3582/838 5167/2317/838
f 5167/2317/838 5146/3582/838 5145/2318/839
f 5169/2320/840 5168/2319/839 5145/2318/839
f 5170/2322/912 5169/2320/840 5144/2321/840
f 5171/2324/913 5170/2322/842 5143/2323/842
f 5172/2326/847 5171/2324/843 5142/2325/843
f 5173/2328/848 5172/2326/845 5141/2327/845
f 5173/2328/848 5140/2329/848 5139/2331/849
f 5175/2332/850 5174/2330/849 5139/2331/849
f 5176/2335/851 5175/2332/850 5138/2333/850
f 5176/2335/851 5137/2334/851 5136/2290/852
f 5178/2338/855 5177/2336/854 5136/2290/854
f 5178/2338/855 5135/2337/855 5134/2340/856
f 4834/2040/857 5179/2339/856 5134/2340/856
f 5133/2341/857 5132/3581/859 4832/2039/859
f 4832/2039/859 5132/3581/859 5131/2342/860
f 4831/2038/860 5131/2342/860 5130/2343/861
f 4830/2037/924 5130/2343/924 5129/2344/925
f 4829/2035/863 5129/2344/863 5128/2345/2844
f 5128/2345/864 5127/3580/865 4827/2034/865
f 4827/2034/865 5127/3580/865 5126/2346/866
f 5126/2346/2853 5125/2347/926 4825/2032/926
f 5125/2347/868 5124/2348/869 4824/2030/869
f 5124/2348/870 5123/3452/2226 4823/2031/2226
f 5123/3452/871 5122/2349/872 4822/2029/872
f 4822/2029/872 5122/2349/872 5121/2350/874
f 4821/2028/874 5121/2350/874 5120/2289/2218
f 4820/2027/876 5120/2289/876 5119/2351/928
f 4819/2025/928 5119/2351/928 5118/2352/879
f 5118/2352/2219 5117/3453/2220 4817/2024/2220
f 5117/3453/2220 5116/2353/882 4816/2023/882
f 5116/2353/882 5115/3579/883 4814/2021/883
f 4814/2021/883 5115/3579/883 5105/2287/884
usemtl CueButtonEmis_mat
f 3129/2199/796 3020/2092/797 3128/2200/797
f 3176/2204/798 3130/2205/799 3177/2206/800
f 3132/2207/801 3176/2204/802 3178/2208/801
f 3179/2209/803 3132/2207/801 3178/2208/801
f 3180/2210/804 3133/2211/803 3179/2209/803
f 3134/2212/804 3181/2213/805 3135/2214/806
f 3129/2199/796 3183/2216/813 3127/2198/796
f 3137/2217/814 3182/2215/815 3183/2216/814
f 3135/2214/806 3182/2215/816 3136/2218/817
f 3177/2206/828 3175/2202/829 3184/2219/829
f 3175/2202/829 3185/2220/830 3184/2219/829
f 3185/2220/831 3173/2221/832 3186/2222/832
f 3173/2221/832 3187/2223/833 3186/2222/832
f 3172/2224/834 3188/2225/835 3187/2223/834
f 3188/2225/836 3170/2226/837 3189/2227/837
f 3170/2226/837 3190/2228/838 3189/2227/837
f 3169/2229/838 3191/2230/839 3190/2228/838
f 3192/2231/840 3168/2232/839 3167/2201/841
f 3193/2233/842 3167/2201/840 3166/2234/842
f 3165/2235/843 3193/2233/844 3166/2234/844
f 3164/2236/845 3194/2237/843 3165/2235/843
f 3092/2238/846 3164/2236/847 3163/2239/846
f 3092/2238/848 3162/2240/849 3090/2163/849
f 3089/2161/850 3162/2240/849 3161/2241/850
f 3088/2159/851 3161/2241/850 3160/2242/851
f 3087/2160/852 3160/2242/851 3159/2243/852
f 3086/2158/853 3159/2243/854 3158/2244/853
f 3086/2158/855 3157/2245/856 3085/2157/856
f 3085/2157/856 3156/2246/857 3084/2156/857
f 3156/2246/858 3083/2155/859 3084/2156/858
f 3083/2155/859 3154/2247/860 3082/2154/860
f 3082/2154/860 3153/2248/861 3081/2152/861
f 3081/2152/861 3152/2249/862 3080/2153/863
f 3152/2249/863 3079/2150/864 3080/2153/863
f 3151/2250/864 3078/2151/865 3079/2150/864
f 3150/2251/865 3077/2149/866 3078/2151/865
f 3149/2252/866 3076/2147/867 3077/2149/866
f 3148/2253/868 3075/2148/869 3076/2147/868
f 3147/2254/870 3074/2146/871 3075/2148/870
f 3074/2146/871 3145/2255/872 3073/2145/872
f 3073/2145/873 3144/2256/874 3072/2144/874
f 3144/2256/874 3070/2142/875 3072/2144/874
f 3070/2142/876 3142/2257/877 3071/2143/877
f 3071/2143/878 3141/2258/879 3196/2259/879
f 3196/2259/879 3140/2260/880 3023/2094/880
f 3023/2094/880 3139/2261/881 3021/2093/881
f 3021/2093/882 3138/2262/883 3019/2091/883
f 3019/2091/883 3128/2200/884 3020/2092/884
f 4994/2199/2209 4885/2092/797 4993/2200/797
f 5041/2204/798 4995/2205/799 5042/2206/799
f 4997/2207/801 5041/2204/802 5043/2208/801
f 5044/2209/803 4997/2207/801 5043/2208/801
f 5045/2210/804 4998/2211/803 5044/2209/803
f 5000/2214/806 5045/2210/804 5046/2213/806
f 4994/2199/2211 5048/2216/813 4992/2198/2211
f 5002/2217/814 5047/2215/816 5048/2216/814
f 5000/2214/806 5047/2215/816 5001/2218/817
f 5042/2206/906 5040/2202/829 5049/2219/829
f 5040/2202/829 5050/2220/830 5049/2219/829
f 5050/2220/831 5038/2221/832 5051/2222/832
f 5038/2221/832 5052/2223/833 5051/2222/832
f 5037/2224/834 5053/2225/835 5052/2223/834
f 5053/2225/836 5035/2226/837 5054/2227/837
f 5035/2226/837 5055/2228/838 5054/2227/2212
f 5034/2229/838 5056/2230/839 5055/2228/838
f 5032/2201/840 5056/2230/839 5033/2232/839
f 5058/2233/842 5032/2201/840 5031/2234/842
f 5030/2235/913 5058/2233/842 5031/2234/842
f 5029/2236/845 5059/2237/843 5030/2235/843
f 4957/2238/846 5029/2236/845 5028/2239/846
f 4957/2238/848 5027/2240/849 4955/2163/849
f 4954/2161/850 5027/2240/849 5026/2241/850
f 4953/2159/851 5026/2241/2213 5025/2242/851
f 4952/2160/852 5025/2242/851 5024/2243/852
f 4951/2158/855 5024/2243/854 5023/2244/855
f 4951/2158/855 5022/2245/856 4950/2157/856
f 4950/2157/856 5021/2246/857 4949/2156/857
f 5021/2246/858 4948/2155/2214 4949/2156/858
f 4948/2155/859 5019/2247/860 4947/2154/860
f 4947/2154/860 5018/2248/861 4946/2152/861
f 4946/2152/924 5017/2249/862 4945/2153/925
f 5017/2249/863 4944/2150/864 4945/2153/863
f 5016/2250/864 4943/2151/865 4944/2150/864
f 4943/2151/865 5014/2252/866 4942/2149/866
f 5014/2252/866 4941/2147/926 4942/2149/866
f 5013/2253/868 4940/2148/869 4941/2147/2215
f 5012/2254/870 4939/2146/871 4940/2148/870
f 5011/3451/871 4938/2145/872 4939/2146/871
f 4938/2145/927 5009/2256/2216 4937/2144/2216
f 5009/2256/2217 4935/2142/2218 4937/2144/2217
f 5008/2203/876 4936/2143/928 4935/2142/876
f 4936/2143/878 5006/2258/879 5061/2259/879
f 5061/2259/2219 5005/2260/880 4888/2094/880
f 4888/2094/2220 5004/2261/882 4886/2093/882
f 5004/2261/882 4884/2091/883 4886/2093/882
f 4884/2091/883 4993/2200/884 4885/2092/884
f 3129/2199/2209 3127/2198/2209 3020/2092/884
f 3176/2204/798 3131/3573/798 3130/2205/799
f 3132/2207/801 3131/3573/802 3176/2204/802
f 3179/2209/803 3133/2211/803 3132/2207/801
f 3180/2210/804 3134/2212/804 3133/2211/2835
f 3134/2212/804 3180/2210/804 3181/2213/2836
f 3129/2199/796 3137/2217/813 3183/2216/813
f 3137/2217/814 3136/2218/816 3182/2215/816
f 3135/2214/806 3181/2213/806 3182/2215/816
f 3177/2206/906 3130/2205/906 3175/2202/829
f 3175/2202/829 3174/3576/908 3185/2220/908
f 3185/2220/908 3174/3576/908 3173/2221/832
f 3173/2221/832 3172/2224/833 3187/2223/833
f 3172/2224/2223 3171/3575/835 3188/2225/835
f 3188/2225/836 3171/3575/836 3170/2226/2839
f 3170/2226/2212 3169/2229/838 3190/2228/838
f 3169/2229/2840 3168/2232/2841 3191/2230/839
f 3192/2231/840 3191/2230/839 3168/2232/839
f 3193/2233/842 3192/2231/840 3167/2201/840
f 3165/2235/913 3194/2237/913 3193/2233/842
f 3164/2236/914 3195/2263/914 3194/2237/913
f 3092/2238/848 3195/2263/845 3164/2236/845
f 3092/2238/848 3163/2239/848 3162/2240/849
f 3089/2161/850 3090/2163/849 3162/2240/849
f 3088/2159/851 3089/2161/2213 3161/2241/2213
f 3087/2160/854 3088/2159/2225 3160/2242/2225
f 3086/2158/855 3087/2160/2842 3159/2243/2842
f 3086/2158/855 3158/2244/855 3157/2245/856
f 3085/2157/856 3157/2245/856 3156/2246/857
f 3156/2246/857 3155/3574/2843 3083/2155/2843
f 3083/2155/859 3155/3574/859 3154/2247/860
f 3082/2154/860 3154/2247/860 3153/2248/861
f 3081/2152/861 3153/2248/861 3152/2249/925
f 3152/2249/863 3151/2250/2844 3079/2150/2844
f 3151/2250/864 3150/2251/865 3078/2151/865
f 3150/2251/865 3149/2252/866 3077/2149/866
f 3149/2252/866 3148/2253/926 3076/2147/926
f 3148/2253/926 3147/2254/869 3075/2148/869
f 3147/2254/870 3146/3451/871 3074/2146/871
f 3074/2146/871 3146/3451/871 3145/2255/872
f 3073/2145/872 3145/2255/872 3144/2256/874
f 3144/2256/874 3143/2203/876 3070/2142/876
f 3070/2142/2845 3143/2203/2845 3142/2257/928
f 3071/2143/928 3142/2257/928 3141/2258/879
f 3196/2259/2219 3141/2258/2219 3140/2260/880
f 3023/2094/2220 3140/2260/2220 3139/2261/882
f 3021/2093/882 3139/2261/882 3138/2262/883
f 3019/2091/883 3138/2262/883 3128/2200/884
f 4994/2199/2209 4992/2198/2209 4885/2092/884
f 5041/2204/798 4996/3573/798 4995/2205/799
f 4997/2207/801 4996/3573/802 5041/2204/802
f 5044/2209/803 4998/2211/803 4997/2207/801
f 5045/2210/804 4999/2212/3285 4998/2211/2846
f 5000/2214/806 4999/2212/804 5045/2210/804
f 4994/2199/2209 5002/2217/813 5048/2216/813
f 5002/2217/814 5001/2218/816 5047/2215/816
f 5000/2214/806 5046/2213/806 5047/2215/816
f 5042/2206/906 4995/2205/906 5040/2202/829
f 5040/2202/829 5039/3576/908 5050/2220/908
f 5050/2220/908 5039/3576/908 5038/2221/832
f 5038/2221/832 5037/2224/833 5052/2223/833
f 5037/2224/834 5036/3575/835 5053/2225/835
f 5053/2225/836 5036/3575/836 5035/2226/837
f 5035/2226/837 5034/2229/838 5055/2228/838
f 5034/2229/838 5033/2232/2841 5056/2230/839
f 5032/2201/840 5057/2231/840 5056/2230/839
f 5058/2233/842 5057/2231/840 5032/2201/840
f 5030/2235/913 5059/2237/913 5058/2233/842
f 5029/2236/847 5060/2263/847 5059/2237/843
f 4957/2238/848 5060/2263/845 5029/2236/847
f 4957/2238/848 5028/2239/848 5027/2240/849
f 4954/2161/850 4955/2163/849 5027/2240/849
f 4953/2159/851 4954/2161/850 5026/2241/850
f 4952/2160/852 4953/2159/2225 5025/2242/2225
f 4951/2158/853 4952/2160/854 5024/2243/854
f 4951/2158/855 5023/2244/855 5022/2245/856
f 4950/2157/856 5022/2245/856 5021/2246/857
f 5021/2246/857 5020/3574/2843 4948/2155/2843
f 4948/2155/859 5020/3574/859 5019/2247/860
f 4947/2154/860 5019/2247/860 5018/2248/861
f 4946/2152/924 5018/2248/924 5017/2249/862
f 5017/2249/863 5016/2250/2844 4944/2150/2844
f 5016/2250/864 5015/2251/865 4943/2151/865
f 4943/2151/865 5015/2251/865 5014/2252/866
f 5014/2252/866 5013/2253/926 4941/2147/926
f 5013/2253/926 5012/2254/869 4940/2148/869
f 5012/2254/870 5011/3451/871 4939/2146/871
f 5011/3451/871 5010/2255/872 4938/2145/872
f 4938/2145/873 5010/2255/873 5009/2256/874
f 5009/2256/874 5008/2203/875 4935/2142/875
f 5008/2203/876 5007/2257/928 4936/2143/928
f 4936/2143/928 5007/2257/928 5006/2258/879
f 5061/2259/2219 5006/2258/2219 5005/2260/880
f 4888/2094/2220 5005/2260/2220 5004/2261/881
f 5004/2261/882 5003/2262/883 4884/2091/883
f 4884/2091/883 5003/2262/883 4993/2200/884
usemtl MixerSide_mat
f 408/326/4 411/327/4 409/327/4
f 412/330/2 384/304/2 455/358/2
f 410/326/24 454/359/24 411/327/24
f 2785/326/4 2787/1865/4 2786/1865/4
f 2789/330/24 2786/1865/24 2788/1866/24
f 2790/1867/2 2791/1868/2 2789/330/2
f 2786/1865/5 2787/1865/5 2811/1884/5
f 4650/326/4 4652/1865/4 4651/1865/4
f 4654/330/24 4651/1865/24 4653/1866/24
f 4655/1867/2 4656/1868/2 4654/330/2
f 4651/1865/5 4652/1865/5 4676/1884/5
f 408/326/4 410/326/4 411/327/4
f 457/359/2 454/359/2 456/438/2
f 454/359/2 412/330/2 455/358/2
f 456/438/2 454/359/2 455/358/2
f 412/330/2 413/330/2 384/304/2
f 410/326/24 412/330/24 454/359/24
f 2785/326/4 2784/326/4 2787/1865/4
f 2789/330/24 2785/326/24 2786/1865/24
f 2791/1868/2 2792/330/2 2789/330/2
f 2789/330/2 2788/1866/2 2790/1867/2
f 2788/1866/2 2793/1866/2 2790/1867/2
f 2793/1866/5 2788/1866/5 2811/1884/5
f 2788/1866/5 2786/1865/5 2811/1884/5
f 4650/326/4 4649/326/4 4652/1865/4
f 4654/330/24 4650/326/24 4651/1865/24
f 4656/1868/2 4657/330/2 4654/330/2
f 4654/330/2 4653/1866/2 4655/1867/2
f 4653/1866/2 4658/1866/2 4655/1867/2
f 4658/1866/5 4653/1866/5 4676/1884/5
f 4653/1866/5 4651/1865/5 4676/1884/5
l 209 210
l 179 209
l 252 253
l 61 62
l 30 31
